ISO-10303-21;
HEADER;
/* Generated by software containing ST-Developer
 * from STEP Tools, Inc. (www.steptools.com) 
 */

FILE_DESCRIPTION(
/* description */ (''),
/* implementation_level */ '2;1');

FILE_NAME(
/* name */ 'DriverGear_Yaw.step',
/* time_stamp */ '2026-09-20T18:19:50+05:30',
/* author */ (''),
/* organization */ (''),
/* preprocessor_version */ 'ST-DEVELOPER v20.2',
/* originating_system */ 'Autodesk Translation Framework v15.15.0.0',
/* authorisation */ '');

FILE_SCHEMA (('AUTOMOTIVE_DESIGN { 1 0 10303 214 3 1 1 }'));
ENDSEC;

DATA;
#10=MECHANICAL_DESIGN_GEOMETRIC_PRESENTATION_REPRESENTATION('',(#13),#3141);
#11=SHAPE_REPRESENTATION_RELATIONSHIP('SRR','None',#3148,#12);
#12=ADVANCED_BREP_SHAPE_REPRESENTATION('',(#14),#3140);
#13=STYLED_ITEM('',(#3157),#14);
#14=MANIFOLD_SOLID_BREP('Body1',#1793);
#15=PLANE('',#1810);
#16=PLANE('',#1814);
#17=PLANE('',#1824);
#18=PLANE('',#1828);
#19=PLANE('',#1838);
#20=PLANE('',#1842);
#21=PLANE('',#1852);
#22=PLANE('',#1856);
#23=PLANE('',#1866);
#24=PLANE('',#1870);
#25=PLANE('',#1880);
#26=PLANE('',#1884);
#27=PLANE('',#1894);
#28=PLANE('',#1898);
#29=PLANE('',#1908);
#30=PLANE('',#1912);
#31=PLANE('',#1922);
#32=PLANE('',#1926);
#33=PLANE('',#1936);
#34=PLANE('',#1940);
#35=PLANE('',#1950);
#36=PLANE('',#1954);
#37=PLANE('',#1964);
#38=PLANE('',#1968);
#39=PLANE('',#1978);
#40=PLANE('',#1982);
#41=PLANE('',#1992);
#42=PLANE('',#1996);
#43=PLANE('',#2006);
#44=PLANE('',#2010);
#45=PLANE('',#2017);
#46=PLANE('',#2018);
#47=FACE_OUTER_BOUND('',#139,.T.);
#48=FACE_OUTER_BOUND('',#140,.T.);
#49=FACE_OUTER_BOUND('',#141,.T.);
#50=FACE_OUTER_BOUND('',#142,.T.);
#51=FACE_OUTER_BOUND('',#143,.T.);
#52=FACE_OUTER_BOUND('',#144,.T.);
#53=FACE_OUTER_BOUND('',#145,.T.);
#54=FACE_OUTER_BOUND('',#146,.T.);
#55=FACE_OUTER_BOUND('',#147,.T.);
#56=FACE_OUTER_BOUND('',#148,.T.);
#57=FACE_OUTER_BOUND('',#149,.T.);
#58=FACE_OUTER_BOUND('',#150,.T.);
#59=FACE_OUTER_BOUND('',#151,.T.);
#60=FACE_OUTER_BOUND('',#152,.T.);
#61=FACE_OUTER_BOUND('',#153,.T.);
#62=FACE_OUTER_BOUND('',#154,.T.);
#63=FACE_OUTER_BOUND('',#155,.T.);
#64=FACE_OUTER_BOUND('',#156,.T.);
#65=FACE_OUTER_BOUND('',#157,.T.);
#66=FACE_OUTER_BOUND('',#158,.T.);
#67=FACE_OUTER_BOUND('',#159,.T.);
#68=FACE_OUTER_BOUND('',#160,.T.);
#69=FACE_OUTER_BOUND('',#161,.T.);
#70=FACE_OUTER_BOUND('',#162,.T.);
#71=FACE_OUTER_BOUND('',#163,.T.);
#72=FACE_OUTER_BOUND('',#164,.T.);
#73=FACE_OUTER_BOUND('',#165,.T.);
#74=FACE_OUTER_BOUND('',#166,.T.);
#75=FACE_OUTER_BOUND('',#167,.T.);
#76=FACE_OUTER_BOUND('',#168,.T.);
#77=FACE_OUTER_BOUND('',#169,.T.);
#78=FACE_OUTER_BOUND('',#170,.T.);
#79=FACE_OUTER_BOUND('',#171,.T.);
#80=FACE_OUTER_BOUND('',#172,.T.);
#81=FACE_OUTER_BOUND('',#173,.T.);
#82=FACE_OUTER_BOUND('',#174,.T.);
#83=FACE_OUTER_BOUND('',#175,.T.);
#84=FACE_OUTER_BOUND('',#176,.T.);
#85=FACE_OUTER_BOUND('',#177,.T.);
#86=FACE_OUTER_BOUND('',#178,.T.);
#87=FACE_OUTER_BOUND('',#179,.T.);
#88=FACE_OUTER_BOUND('',#180,.T.);
#89=FACE_OUTER_BOUND('',#181,.T.);
#90=FACE_OUTER_BOUND('',#182,.T.);
#91=FACE_OUTER_BOUND('',#183,.T.);
#92=FACE_OUTER_BOUND('',#184,.T.);
#93=FACE_OUTER_BOUND('',#185,.T.);
#94=FACE_OUTER_BOUND('',#186,.T.);
#95=FACE_OUTER_BOUND('',#187,.T.);
#96=FACE_OUTER_BOUND('',#188,.T.);
#97=FACE_OUTER_BOUND('',#189,.T.);
#98=FACE_OUTER_BOUND('',#190,.T.);
#99=FACE_OUTER_BOUND('',#191,.T.);
#100=FACE_OUTER_BOUND('',#192,.T.);
#101=FACE_OUTER_BOUND('',#193,.T.);
#102=FACE_OUTER_BOUND('',#194,.T.);
#103=FACE_OUTER_BOUND('',#195,.T.);
#104=FACE_OUTER_BOUND('',#196,.T.);
#105=FACE_OUTER_BOUND('',#197,.T.);
#106=FACE_OUTER_BOUND('',#198,.T.);
#107=FACE_OUTER_BOUND('',#199,.T.);
#108=FACE_OUTER_BOUND('',#200,.T.);
#109=FACE_OUTER_BOUND('',#201,.T.);
#110=FACE_OUTER_BOUND('',#202,.T.);
#111=FACE_OUTER_BOUND('',#203,.T.);
#112=FACE_OUTER_BOUND('',#204,.T.);
#113=FACE_OUTER_BOUND('',#205,.T.);
#114=FACE_OUTER_BOUND('',#206,.T.);
#115=FACE_OUTER_BOUND('',#207,.T.);
#116=FACE_OUTER_BOUND('',#208,.T.);
#117=FACE_OUTER_BOUND('',#209,.T.);
#118=FACE_OUTER_BOUND('',#210,.T.);
#119=FACE_OUTER_BOUND('',#211,.T.);
#120=FACE_OUTER_BOUND('',#212,.T.);
#121=FACE_OUTER_BOUND('',#213,.T.);
#122=FACE_OUTER_BOUND('',#214,.T.);
#123=FACE_OUTER_BOUND('',#215,.T.);
#124=FACE_OUTER_BOUND('',#216,.T.);
#125=FACE_OUTER_BOUND('',#217,.T.);
#126=FACE_OUTER_BOUND('',#218,.T.);
#127=FACE_OUTER_BOUND('',#219,.T.);
#128=FACE_OUTER_BOUND('',#220,.T.);
#129=FACE_OUTER_BOUND('',#221,.T.);
#130=FACE_OUTER_BOUND('',#222,.T.);
#131=FACE_OUTER_BOUND('',#223,.T.);
#132=FACE_OUTER_BOUND('',#224,.T.);
#133=FACE_OUTER_BOUND('',#225,.T.);
#134=FACE_OUTER_BOUND('',#226,.T.);
#135=FACE_OUTER_BOUND('',#227,.T.);
#136=FACE_OUTER_BOUND('',#228,.T.);
#137=FACE_OUTER_BOUND('',#229,.T.);
#138=FACE_OUTER_BOUND('',#230,.T.);
#139=EDGE_LOOP('',(#1101,#1102,#1103,#1104));
#140=EDGE_LOOP('',(#1105,#1106,#1107,#1108));
#141=EDGE_LOOP('',(#1109,#1110,#1111,#1112));
#142=EDGE_LOOP('',(#1113,#1114,#1115,#1116));
#143=EDGE_LOOP('',(#1117,#1118,#1119,#1120));
#144=EDGE_LOOP('',(#1121,#1122,#1123,#1124));
#145=EDGE_LOOP('',(#1125,#1126,#1127,#1128));
#146=EDGE_LOOP('',(#1129,#1130,#1131,#1132));
#147=EDGE_LOOP('',(#1133,#1134,#1135,#1136));
#148=EDGE_LOOP('',(#1137,#1138,#1139,#1140));
#149=EDGE_LOOP('',(#1141,#1142,#1143,#1144));
#150=EDGE_LOOP('',(#1145,#1146,#1147,#1148));
#151=EDGE_LOOP('',(#1149,#1150,#1151,#1152));
#152=EDGE_LOOP('',(#1153,#1154,#1155,#1156));
#153=EDGE_LOOP('',(#1157,#1158,#1159,#1160));
#154=EDGE_LOOP('',(#1161,#1162,#1163,#1164));
#155=EDGE_LOOP('',(#1165,#1166,#1167,#1168));
#156=EDGE_LOOP('',(#1169,#1170,#1171,#1172));
#157=EDGE_LOOP('',(#1173,#1174,#1175,#1176));
#158=EDGE_LOOP('',(#1177,#1178,#1179,#1180));
#159=EDGE_LOOP('',(#1181,#1182,#1183,#1184));
#160=EDGE_LOOP('',(#1185,#1186,#1187,#1188));
#161=EDGE_LOOP('',(#1189,#1190,#1191,#1192));
#162=EDGE_LOOP('',(#1193,#1194,#1195,#1196));
#163=EDGE_LOOP('',(#1197,#1198,#1199,#1200));
#164=EDGE_LOOP('',(#1201,#1202,#1203,#1204));
#165=EDGE_LOOP('',(#1205,#1206,#1207,#1208));
#166=EDGE_LOOP('',(#1209,#1210,#1211,#1212));
#167=EDGE_LOOP('',(#1213,#1214,#1215,#1216));
#168=EDGE_LOOP('',(#1217,#1218,#1219,#1220));
#169=EDGE_LOOP('',(#1221,#1222,#1223,#1224));
#170=EDGE_LOOP('',(#1225,#1226,#1227,#1228));
#171=EDGE_LOOP('',(#1229,#1230,#1231,#1232));
#172=EDGE_LOOP('',(#1233,#1234,#1235,#1236));
#173=EDGE_LOOP('',(#1237,#1238,#1239,#1240));
#174=EDGE_LOOP('',(#1241,#1242,#1243,#1244));
#175=EDGE_LOOP('',(#1245,#1246,#1247,#1248));
#176=EDGE_LOOP('',(#1249,#1250,#1251,#1252));
#177=EDGE_LOOP('',(#1253,#1254,#1255,#1256));
#178=EDGE_LOOP('',(#1257,#1258,#1259,#1260));
#179=EDGE_LOOP('',(#1261,#1262,#1263,#1264));
#180=EDGE_LOOP('',(#1265,#1266,#1267,#1268));
#181=EDGE_LOOP('',(#1269,#1270,#1271,#1272));
#182=EDGE_LOOP('',(#1273,#1274,#1275,#1276));
#183=EDGE_LOOP('',(#1277,#1278,#1279,#1280));
#184=EDGE_LOOP('',(#1281,#1282,#1283,#1284));
#185=EDGE_LOOP('',(#1285,#1286,#1287,#1288));
#186=EDGE_LOOP('',(#1289,#1290,#1291,#1292));
#187=EDGE_LOOP('',(#1293,#1294,#1295,#1296));
#188=EDGE_LOOP('',(#1297,#1298,#1299,#1300));
#189=EDGE_LOOP('',(#1301,#1302,#1303,#1304));
#190=EDGE_LOOP('',(#1305,#1306,#1307,#1308));
#191=EDGE_LOOP('',(#1309,#1310,#1311,#1312));
#192=EDGE_LOOP('',(#1313,#1314,#1315,#1316));
#193=EDGE_LOOP('',(#1317,#1318,#1319,#1320));
#194=EDGE_LOOP('',(#1321,#1322,#1323,#1324));
#195=EDGE_LOOP('',(#1325,#1326,#1327,#1328));
#196=EDGE_LOOP('',(#1329,#1330,#1331,#1332));
#197=EDGE_LOOP('',(#1333,#1334,#1335,#1336));
#198=EDGE_LOOP('',(#1337,#1338,#1339,#1340));
#199=EDGE_LOOP('',(#1341,#1342,#1343,#1344));
#200=EDGE_LOOP('',(#1345,#1346,#1347,#1348));
#201=EDGE_LOOP('',(#1349,#1350,#1351,#1352));
#202=EDGE_LOOP('',(#1353,#1354,#1355,#1356));
#203=EDGE_LOOP('',(#1357,#1358,#1359,#1360));
#204=EDGE_LOOP('',(#1361,#1362,#1363,#1364));
#205=EDGE_LOOP('',(#1365,#1366,#1367,#1368));
#206=EDGE_LOOP('',(#1369,#1370,#1371,#1372));
#207=EDGE_LOOP('',(#1373,#1374,#1375,#1376));
#208=EDGE_LOOP('',(#1377,#1378,#1379,#1380));
#209=EDGE_LOOP('',(#1381,#1382,#1383,#1384));
#210=EDGE_LOOP('',(#1385,#1386,#1387,#1388));
#211=EDGE_LOOP('',(#1389,#1390,#1391,#1392));
#212=EDGE_LOOP('',(#1393,#1394,#1395,#1396));
#213=EDGE_LOOP('',(#1397,#1398,#1399,#1400));
#214=EDGE_LOOP('',(#1401,#1402,#1403,#1404));
#215=EDGE_LOOP('',(#1405,#1406,#1407,#1408));
#216=EDGE_LOOP('',(#1409,#1410,#1411,#1412));
#217=EDGE_LOOP('',(#1413,#1414,#1415,#1416));
#218=EDGE_LOOP('',(#1417,#1418,#1419,#1420));
#219=EDGE_LOOP('',(#1421,#1422,#1423,#1424));
#220=EDGE_LOOP('',(#1425,#1426,#1427,#1428));
#221=EDGE_LOOP('',(#1429,#1430,#1431,#1432));
#222=EDGE_LOOP('',(#1433,#1434,#1435,#1436));
#223=EDGE_LOOP('',(#1437,#1438,#1439,#1440));
#224=EDGE_LOOP('',(#1441,#1442,#1443,#1444));
#225=EDGE_LOOP('',(#1445,#1446,#1447,#1448));
#226=EDGE_LOOP('',(#1449,#1450,#1451,#1452));
#227=EDGE_LOOP('',(#1453,#1454,#1455,#1456));
#228=EDGE_LOOP('',(#1457,#1458,#1459,#1460));
#229=EDGE_LOOP('',(#1461,#1462,#1463,#1464,#1465,#1466,#1467,#1468,#1469,
#1470,#1471,#1472,#1473,#1474,#1475,#1476,#1477,#1478,#1479,#1480,#1481,
#1482,#1483,#1484,#1485,#1486,#1487,#1488,#1489,#1490,#1491,#1492,#1493,
#1494,#1495,#1496,#1497,#1498,#1499,#1500,#1501,#1502,#1503,#1504,#1505,
#1506,#1507,#1508,#1509,#1510,#1511,#1512,#1513,#1514,#1515,#1516,#1517,
#1518,#1519,#1520,#1521,#1522,#1523,#1524,#1525,#1526,#1527,#1528,#1529,
#1530,#1531,#1532,#1533,#1534,#1535,#1536,#1537,#1538,#1539,#1540,#1541,
#1542,#1543,#1544,#1545,#1546,#1547,#1548,#1549,#1550));
#230=EDGE_LOOP('',(#1551,#1552,#1553,#1554,#1555,#1556,#1557,#1558,#1559,
#1560,#1561,#1562,#1563,#1564,#1565,#1566,#1567,#1568,#1569,#1570,#1571,
#1572,#1573,#1574,#1575,#1576,#1577,#1578,#1579,#1580,#1581,#1582,#1583,
#1584,#1585,#1586,#1587,#1588,#1589,#1590,#1591,#1592,#1593,#1594,#1595,
#1596,#1597,#1598,#1599,#1600,#1601,#1602,#1603,#1604,#1605,#1606,#1607,
#1608,#1609,#1610,#1611,#1612,#1613,#1614,#1615,#1616,#1617,#1618,#1619,
#1620,#1621,#1622,#1623,#1624,#1625,#1626,#1627,#1628,#1629,#1630,#1631,
#1632,#1633,#1634,#1635,#1636,#1637,#1638,#1639,#1640));
#231=LINE('',#2601,#381);
#232=LINE('',#2604,#382);
#233=LINE('',#2607,#383);
#234=LINE('',#2609,#384);
#235=LINE('',#2610,#385);
#236=LINE('',#2616,#386);
#237=LINE('',#2619,#387);
#238=LINE('',#2621,#388);
#239=LINE('',#2622,#389);
#240=LINE('',#2628,#390);
#241=LINE('',#2634,#391);
#242=LINE('',#2640,#392);
#243=LINE('',#2643,#393);
#244=LINE('',#2645,#394);
#245=LINE('',#2646,#395);
#246=LINE('',#2652,#396);
#247=LINE('',#2655,#397);
#248=LINE('',#2657,#398);
#249=LINE('',#2658,#399);
#250=LINE('',#2664,#400);
#251=LINE('',#2670,#401);
#252=LINE('',#2676,#402);
#253=LINE('',#2679,#403);
#254=LINE('',#2681,#404);
#255=LINE('',#2682,#405);
#256=LINE('',#2688,#406);
#257=LINE('',#2691,#407);
#258=LINE('',#2693,#408);
#259=LINE('',#2694,#409);
#260=LINE('',#2700,#410);
#261=LINE('',#2706,#411);
#262=LINE('',#2712,#412);
#263=LINE('',#2715,#413);
#264=LINE('',#2717,#414);
#265=LINE('',#2718,#415);
#266=LINE('',#2724,#416);
#267=LINE('',#2727,#417);
#268=LINE('',#2729,#418);
#269=LINE('',#2730,#419);
#270=LINE('',#2736,#420);
#271=LINE('',#2742,#421);
#272=LINE('',#2748,#422);
#273=LINE('',#2751,#423);
#274=LINE('',#2753,#424);
#275=LINE('',#2754,#425);
#276=LINE('',#2760,#426);
#277=LINE('',#2763,#427);
#278=LINE('',#2765,#428);
#279=LINE('',#2766,#429);
#280=LINE('',#2772,#430);
#281=LINE('',#2778,#431);
#282=LINE('',#2784,#432);
#283=LINE('',#2787,#433);
#284=LINE('',#2789,#434);
#285=LINE('',#2790,#435);
#286=LINE('',#2796,#436);
#287=LINE('',#2799,#437);
#288=LINE('',#2801,#438);
#289=LINE('',#2802,#439);
#290=LINE('',#2808,#440);
#291=LINE('',#2814,#441);
#292=LINE('',#2820,#442);
#293=LINE('',#2823,#443);
#294=LINE('',#2825,#444);
#295=LINE('',#2826,#445);
#296=LINE('',#2832,#446);
#297=LINE('',#2835,#447);
#298=LINE('',#2837,#448);
#299=LINE('',#2838,#449);
#300=LINE('',#2844,#450);
#301=LINE('',#2850,#451);
#302=LINE('',#2856,#452);
#303=LINE('',#2859,#453);
#304=LINE('',#2861,#454);
#305=LINE('',#2862,#455);
#306=LINE('',#2868,#456);
#307=LINE('',#2871,#457);
#308=LINE('',#2873,#458);
#309=LINE('',#2874,#459);
#310=LINE('',#2880,#460);
#311=LINE('',#2886,#461);
#312=LINE('',#2892,#462);
#313=LINE('',#2895,#463);
#314=LINE('',#2897,#464);
#315=LINE('',#2898,#465);
#316=LINE('',#2904,#466);
#317=LINE('',#2907,#467);
#318=LINE('',#2909,#468);
#319=LINE('',#2910,#469);
#320=LINE('',#2916,#470);
#321=LINE('',#2922,#471);
#322=LINE('',#2928,#472);
#323=LINE('',#2931,#473);
#324=LINE('',#2933,#474);
#325=LINE('',#2934,#475);
#326=LINE('',#2940,#476);
#327=LINE('',#2943,#477);
#328=LINE('',#2945,#478);
#329=LINE('',#2946,#479);
#330=LINE('',#2952,#480);
#331=LINE('',#2958,#481);
#332=LINE('',#2964,#482);
#333=LINE('',#2967,#483);
#334=LINE('',#2969,#484);
#335=LINE('',#2970,#485);
#336=LINE('',#2976,#486);
#337=LINE('',#2979,#487);
#338=LINE('',#2981,#488);
#339=LINE('',#2982,#489);
#340=LINE('',#2988,#490);
#341=LINE('',#2994,#491);
#342=LINE('',#3000,#492);
#343=LINE('',#3003,#493);
#344=LINE('',#3005,#494);
#345=LINE('',#3006,#495);
#346=LINE('',#3012,#496);
#347=LINE('',#3015,#497);
#348=LINE('',#3017,#498);
#349=LINE('',#3018,#499);
#350=LINE('',#3024,#500);
#351=LINE('',#3030,#501);
#352=LINE('',#3036,#502);
#353=LINE('',#3039,#503);
#354=LINE('',#3041,#504);
#355=LINE('',#3042,#505);
#356=LINE('',#3048,#506);
#357=LINE('',#3051,#507);
#358=LINE('',#3053,#508);
#359=LINE('',#3054,#509);
#360=LINE('',#3060,#510);
#361=LINE('',#3066,#511);
#362=LINE('',#3072,#512);
#363=LINE('',#3075,#513);
#364=LINE('',#3077,#514);
#365=LINE('',#3078,#515);
#366=LINE('',#3084,#516);
#367=LINE('',#3087,#517);
#368=LINE('',#3089,#518);
#369=LINE('',#3090,#519);
#370=LINE('',#3096,#520);
#371=LINE('',#3102,#521);
#372=LINE('',#3108,#522);
#373=LINE('',#3111,#523);
#374=LINE('',#3113,#524);
#375=LINE('',#3114,#525);
#376=LINE('',#3120,#526);
#377=LINE('',#3123,#527);
#378=LINE('',#3125,#528);
#379=LINE('',#3126,#529);
#380=LINE('',#3132,#530);
#381=VECTOR('',#2025,10.);
#382=VECTOR('',#2028,10.);
#383=VECTOR('',#2031,10.);
#384=VECTOR('',#2032,10.);
#385=VECTOR('',#2033,10.);
#386=VECTOR('',#2040,10.);
#387=VECTOR('',#2043,10.);
#388=VECTOR('',#2044,10.);
#389=VECTOR('',#2045,10.);
#390=VECTOR('',#2052,10.);
#391=VECTOR('',#2059,10.);
#392=VECTOR('',#2066,10.);
#393=VECTOR('',#2069,10.);
#394=VECTOR('',#2070,10.);
#395=VECTOR('',#2071,10.);
#396=VECTOR('',#2078,10.);
#397=VECTOR('',#2081,10.);
#398=VECTOR('',#2082,10.);
#399=VECTOR('',#2083,10.);
#400=VECTOR('',#2090,10.);
#401=VECTOR('',#2097,10.);
#402=VECTOR('',#2104,10.);
#403=VECTOR('',#2107,10.);
#404=VECTOR('',#2108,10.);
#405=VECTOR('',#2109,10.);
#406=VECTOR('',#2116,10.);
#407=VECTOR('',#2119,10.);
#408=VECTOR('',#2120,10.);
#409=VECTOR('',#2121,10.);
#410=VECTOR('',#2128,10.);
#411=VECTOR('',#2135,10.);
#412=VECTOR('',#2142,10.);
#413=VECTOR('',#2145,10.);
#414=VECTOR('',#2146,10.);
#415=VECTOR('',#2147,10.);
#416=VECTOR('',#2154,10.);
#417=VECTOR('',#2157,10.);
#418=VECTOR('',#2158,10.);
#419=VECTOR('',#2159,10.);
#420=VECTOR('',#2166,10.);
#421=VECTOR('',#2173,10.);
#422=VECTOR('',#2180,10.);
#423=VECTOR('',#2183,10.);
#424=VECTOR('',#2184,10.);
#425=VECTOR('',#2185,10.);
#426=VECTOR('',#2192,10.);
#427=VECTOR('',#2195,10.);
#428=VECTOR('',#2196,10.);
#429=VECTOR('',#2197,10.);
#430=VECTOR('',#2204,10.);
#431=VECTOR('',#2211,10.);
#432=VECTOR('',#2218,10.);
#433=VECTOR('',#2221,10.);
#434=VECTOR('',#2222,10.);
#435=VECTOR('',#2223,10.);
#436=VECTOR('',#2230,10.);
#437=VECTOR('',#2233,10.);
#438=VECTOR('',#2234,10.);
#439=VECTOR('',#2235,10.);
#440=VECTOR('',#2242,10.);
#441=VECTOR('',#2249,10.);
#442=VECTOR('',#2256,10.);
#443=VECTOR('',#2259,10.);
#444=VECTOR('',#2260,10.);
#445=VECTOR('',#2261,10.);
#446=VECTOR('',#2268,10.);
#447=VECTOR('',#2271,10.);
#448=VECTOR('',#2272,10.);
#449=VECTOR('',#2273,10.);
#450=VECTOR('',#2280,10.);
#451=VECTOR('',#2287,10.);
#452=VECTOR('',#2294,10.);
#453=VECTOR('',#2297,10.);
#454=VECTOR('',#2298,10.);
#455=VECTOR('',#2299,10.);
#456=VECTOR('',#2306,10.);
#457=VECTOR('',#2309,10.);
#458=VECTOR('',#2310,10.);
#459=VECTOR('',#2311,10.);
#460=VECTOR('',#2318,10.);
#461=VECTOR('',#2325,10.);
#462=VECTOR('',#2332,10.);
#463=VECTOR('',#2335,10.);
#464=VECTOR('',#2336,10.);
#465=VECTOR('',#2337,10.);
#466=VECTOR('',#2344,10.);
#467=VECTOR('',#2347,10.);
#468=VECTOR('',#2348,10.);
#469=VECTOR('',#2349,10.);
#470=VECTOR('',#2356,10.);
#471=VECTOR('',#2363,10.);
#472=VECTOR('',#2370,10.);
#473=VECTOR('',#2373,10.);
#474=VECTOR('',#2374,10.);
#475=VECTOR('',#2375,10.);
#476=VECTOR('',#2382,10.);
#477=VECTOR('',#2385,10.);
#478=VECTOR('',#2386,10.);
#479=VECTOR('',#2387,10.);
#480=VECTOR('',#2394,10.);
#481=VECTOR('',#2401,10.);
#482=VECTOR('',#2408,10.);
#483=VECTOR('',#2411,10.);
#484=VECTOR('',#2412,10.);
#485=VECTOR('',#2413,10.);
#486=VECTOR('',#2420,10.);
#487=VECTOR('',#2423,10.);
#488=VECTOR('',#2424,10.);
#489=VECTOR('',#2425,10.);
#490=VECTOR('',#2432,10.);
#491=VECTOR('',#2439,10.);
#492=VECTOR('',#2446,10.);
#493=VECTOR('',#2449,10.);
#494=VECTOR('',#2450,10.);
#495=VECTOR('',#2451,10.);
#496=VECTOR('',#2458,10.);
#497=VECTOR('',#2461,10.);
#498=VECTOR('',#2462,10.);
#499=VECTOR('',#2463,10.);
#500=VECTOR('',#2470,10.);
#501=VECTOR('',#2477,10.);
#502=VECTOR('',#2484,10.);
#503=VECTOR('',#2487,10.);
#504=VECTOR('',#2488,10.);
#505=VECTOR('',#2489,10.);
#506=VECTOR('',#2496,10.);
#507=VECTOR('',#2499,10.);
#508=VECTOR('',#2500,10.);
#509=VECTOR('',#2501,10.);
#510=VECTOR('',#2508,10.);
#511=VECTOR('',#2515,10.);
#512=VECTOR('',#2522,10.);
#513=VECTOR('',#2525,10.);
#514=VECTOR('',#2526,10.);
#515=VECTOR('',#2527,10.);
#516=VECTOR('',#2534,10.);
#517=VECTOR('',#2537,10.);
#518=VECTOR('',#2538,10.);
#519=VECTOR('',#2539,10.);
#520=VECTOR('',#2546,10.);
#521=VECTOR('',#2553,10.);
#522=VECTOR('',#2560,10.);
#523=VECTOR('',#2563,10.);
#524=VECTOR('',#2564,10.);
#525=VECTOR('',#2565,10.);
#526=VECTOR('',#2572,10.);
#527=VECTOR('',#2575,10.);
#528=VECTOR('',#2576,10.);
#529=VECTOR('',#2577,10.);
#530=VECTOR('',#2584,10.);
#531=CIRCLE('',#1808,4.2823062003917);
#532=CIRCLE('',#1809,4.2823062003917);
#533=CIRCLE('',#1812,9.37504281439572);
#534=CIRCLE('',#1813,9.37504281439572);
#535=CIRCLE('',#1816,4.28230594869563);
#536=CIRCLE('',#1817,4.28230594869563);
#537=CIRCLE('',#1819,12.7502653535312);
#538=CIRCLE('',#1820,12.7502653535312);
#539=CIRCLE('',#1822,4.28230470467111);
#540=CIRCLE('',#1823,4.28230470467111);
#541=CIRCLE('',#1826,9.37504794841604);
#542=CIRCLE('',#1827,9.37504794841604);
#543=CIRCLE('',#1830,4.28230652964);
#544=CIRCLE('',#1831,4.28230652964);
#545=CIRCLE('',#1833,12.750271406712);
#546=CIRCLE('',#1834,12.750271406712);
#547=CIRCLE('',#1836,4.28230442986642);
#548=CIRCLE('',#1837,4.28230442986642);
#549=CIRCLE('',#1840,9.37504464148458);
#550=CIRCLE('',#1841,9.37504464148458);
#551=CIRCLE('',#1844,4.28230587170247);
#552=CIRCLE('',#1845,4.28230587170247);
#553=CIRCLE('',#1847,12.7502746338029);
#554=CIRCLE('',#1848,12.7502746338029);
#555=CIRCLE('',#1850,4.28230636776389);
#556=CIRCLE('',#1851,4.28230636776389);
#557=CIRCLE('',#1854,9.37504478943691);
#558=CIRCLE('',#1855,9.37504478943691);
#559=CIRCLE('',#1858,4.28230579704904);
#560=CIRCLE('',#1859,4.28230579704904);
#561=CIRCLE('',#1861,12.7502727424593);
#562=CIRCLE('',#1862,12.7502727424593);
#563=CIRCLE('',#1864,4.28230508779431);
#564=CIRCLE('',#1865,4.28230508779431);
#565=CIRCLE('',#1868,9.37504857946286);
#566=CIRCLE('',#1869,9.37504857946286);
#567=CIRCLE('',#1872,4.28230508779433);
#568=CIRCLE('',#1873,4.28230508779433);
#569=CIRCLE('',#1875,12.7502727424577);
#570=CIRCLE('',#1876,12.7502727424577);
#571=CIRCLE('',#1878,4.28230579704906);
#572=CIRCLE('',#1879,4.28230579704906);
#573=CIRCLE('',#1882,9.37504478943703);
#574=CIRCLE('',#1883,9.37504478943703);
#575=CIRCLE('',#1886,4.28230636776386);
#576=CIRCLE('',#1887,4.28230636776386);
#577=CIRCLE('',#1889,12.7502746338039);
#578=CIRCLE('',#1890,12.7502746338039);
#579=CIRCLE('',#1892,4.28230587170245);
#580=CIRCLE('',#1893,4.28230587170245);
#581=CIRCLE('',#1896,9.37504464148469);
#582=CIRCLE('',#1897,9.37504464148469);
#583=CIRCLE('',#1900,4.28230442986647);
#584=CIRCLE('',#1901,4.28230442986647);
#585=CIRCLE('',#1903,12.7502714067114);
#586=CIRCLE('',#1904,12.7502714067114);
#587=CIRCLE('',#1906,4.28230652963996);
#588=CIRCLE('',#1907,4.28230652963996);
#589=CIRCLE('',#1910,9.3750479484159);
#590=CIRCLE('',#1911,9.3750479484159);
#591=CIRCLE('',#1914,4.28230470467111);
#592=CIRCLE('',#1915,4.28230470467111);
#593=CIRCLE('',#1917,12.7502653535318);
#594=CIRCLE('',#1918,12.7502653535318);
#595=CIRCLE('',#1920,4.28230594869561);
#596=CIRCLE('',#1921,4.28230594869561);
#597=CIRCLE('',#1924,9.37504281439567);
#598=CIRCLE('',#1925,9.37504281439567);
#599=CIRCLE('',#1928,4.28230620039171);
#600=CIRCLE('',#1929,4.28230620039171);
#601=CIRCLE('',#1931,12.7502716941455);
#602=CIRCLE('',#1932,12.7502716941455);
#603=CIRCLE('',#1934,4.28230650470443);
#604=CIRCLE('',#1935,4.28230650470443);
#605=CIRCLE('',#1938,9.37504914796004);
#606=CIRCLE('',#1939,9.37504914796004);
#607=CIRCLE('',#1942,4.28230778454693);
#608=CIRCLE('',#1943,4.28230778454693);
#609=CIRCLE('',#1945,12.750276815955);
#610=CIRCLE('',#1946,12.750276815955);
#611=CIRCLE('',#1948,4.28230527360651);
#612=CIRCLE('',#1949,4.28230527360651);
#613=CIRCLE('',#1952,9.37504320809132);
#614=CIRCLE('',#1953,9.37504320809132);
#615=CIRCLE('',#1956,4.28230514599911);
#616=CIRCLE('',#1957,4.28230514599911);
#617=CIRCLE('',#1959,12.7502821415164);
#618=CIRCLE('',#1960,12.7502821415164);
#619=CIRCLE('',#1962,4.28230567561655);
#620=CIRCLE('',#1963,4.28230567561655);
#621=CIRCLE('',#1966,9.37504134241144);
#622=CIRCLE('',#1967,9.37504134241144);
#623=CIRCLE('',#1970,4.28230570203349);
#624=CIRCLE('',#1971,4.28230570203349);
#625=CIRCLE('',#1973,12.750258786644);
#626=CIRCLE('',#1974,12.750258786644);
#627=CIRCLE('',#1976,4.2823057020335);
#628=CIRCLE('',#1977,4.2823057020335);
#629=CIRCLE('',#1980,9.37504134241134);
#630=CIRCLE('',#1981,9.37504134241134);
#631=CIRCLE('',#1984,4.28230567561656);
#632=CIRCLE('',#1985,4.28230567561656);
#633=CIRCLE('',#1987,12.7502821415143);
#634=CIRCLE('',#1988,12.7502821415143);
#635=CIRCLE('',#1990,4.28230514599911);
#636=CIRCLE('',#1991,4.28230514599911);
#637=CIRCLE('',#1994,9.37504320809126);
#638=CIRCLE('',#1995,9.37504320809126);
#639=CIRCLE('',#1998,4.28230527360654);
#640=CIRCLE('',#1999,4.28230527360654);
#641=CIRCLE('',#2001,12.7502768159568);
#642=CIRCLE('',#2002,12.7502768159568);
#643=CIRCLE('',#2004,4.28230778454695);
#644=CIRCLE('',#2005,4.28230778454695);
#645=CIRCLE('',#2008,9.37504914795981);
#646=CIRCLE('',#2009,9.37504914795981);
#647=CIRCLE('',#2012,4.28230650470442);
#648=CIRCLE('',#2013,4.28230650470442);
#649=CIRCLE('',#2015,12.7502716941407);
#650=CIRCLE('',#2016,12.7502716941407);
#651=VERTEX_POINT('',#2597);
#652=VERTEX_POINT('',#2598);
#653=VERTEX_POINT('',#2600);
#654=VERTEX_POINT('',#2602);
#655=VERTEX_POINT('',#2606);
#656=VERTEX_POINT('',#2608);
#657=VERTEX_POINT('',#2612);
#658=VERTEX_POINT('',#2614);
#659=VERTEX_POINT('',#2618);
#660=VERTEX_POINT('',#2620);
#661=VERTEX_POINT('',#2624);
#662=VERTEX_POINT('',#2626);
#663=VERTEX_POINT('',#2630);
#664=VERTEX_POINT('',#2632);
#665=VERTEX_POINT('',#2636);
#666=VERTEX_POINT('',#2638);
#667=VERTEX_POINT('',#2642);
#668=VERTEX_POINT('',#2644);
#669=VERTEX_POINT('',#2648);
#670=VERTEX_POINT('',#2650);
#671=VERTEX_POINT('',#2654);
#672=VERTEX_POINT('',#2656);
#673=VERTEX_POINT('',#2660);
#674=VERTEX_POINT('',#2662);
#675=VERTEX_POINT('',#2666);
#676=VERTEX_POINT('',#2668);
#677=VERTEX_POINT('',#2672);
#678=VERTEX_POINT('',#2674);
#679=VERTEX_POINT('',#2678);
#680=VERTEX_POINT('',#2680);
#681=VERTEX_POINT('',#2684);
#682=VERTEX_POINT('',#2686);
#683=VERTEX_POINT('',#2690);
#684=VERTEX_POINT('',#2692);
#685=VERTEX_POINT('',#2696);
#686=VERTEX_POINT('',#2698);
#687=VERTEX_POINT('',#2702);
#688=VERTEX_POINT('',#2704);
#689=VERTEX_POINT('',#2708);
#690=VERTEX_POINT('',#2710);
#691=VERTEX_POINT('',#2714);
#692=VERTEX_POINT('',#2716);
#693=VERTEX_POINT('',#2720);
#694=VERTEX_POINT('',#2722);
#695=VERTEX_POINT('',#2726);
#696=VERTEX_POINT('',#2728);
#697=VERTEX_POINT('',#2732);
#698=VERTEX_POINT('',#2734);
#699=VERTEX_POINT('',#2738);
#700=VERTEX_POINT('',#2740);
#701=VERTEX_POINT('',#2744);
#702=VERTEX_POINT('',#2746);
#703=VERTEX_POINT('',#2750);
#704=VERTEX_POINT('',#2752);
#705=VERTEX_POINT('',#2756);
#706=VERTEX_POINT('',#2758);
#707=VERTEX_POINT('',#2762);
#708=VERTEX_POINT('',#2764);
#709=VERTEX_POINT('',#2768);
#710=VERTEX_POINT('',#2770);
#711=VERTEX_POINT('',#2774);
#712=VERTEX_POINT('',#2776);
#713=VERTEX_POINT('',#2780);
#714=VERTEX_POINT('',#2782);
#715=VERTEX_POINT('',#2786);
#716=VERTEX_POINT('',#2788);
#717=VERTEX_POINT('',#2792);
#718=VERTEX_POINT('',#2794);
#719=VERTEX_POINT('',#2798);
#720=VERTEX_POINT('',#2800);
#721=VERTEX_POINT('',#2804);
#722=VERTEX_POINT('',#2806);
#723=VERTEX_POINT('',#2810);
#724=VERTEX_POINT('',#2812);
#725=VERTEX_POINT('',#2816);
#726=VERTEX_POINT('',#2818);
#727=VERTEX_POINT('',#2822);
#728=VERTEX_POINT('',#2824);
#729=VERTEX_POINT('',#2828);
#730=VERTEX_POINT('',#2830);
#731=VERTEX_POINT('',#2834);
#732=VERTEX_POINT('',#2836);
#733=VERTEX_POINT('',#2840);
#734=VERTEX_POINT('',#2842);
#735=VERTEX_POINT('',#2846);
#736=VERTEX_POINT('',#2848);
#737=VERTEX_POINT('',#2852);
#738=VERTEX_POINT('',#2854);
#739=VERTEX_POINT('',#2858);
#740=VERTEX_POINT('',#2860);
#741=VERTEX_POINT('',#2864);
#742=VERTEX_POINT('',#2866);
#743=VERTEX_POINT('',#2870);
#744=VERTEX_POINT('',#2872);
#745=VERTEX_POINT('',#2876);
#746=VERTEX_POINT('',#2878);
#747=VERTEX_POINT('',#2882);
#748=VERTEX_POINT('',#2884);
#749=VERTEX_POINT('',#2888);
#750=VERTEX_POINT('',#2890);
#751=VERTEX_POINT('',#2894);
#752=VERTEX_POINT('',#2896);
#753=VERTEX_POINT('',#2900);
#754=VERTEX_POINT('',#2902);
#755=VERTEX_POINT('',#2906);
#756=VERTEX_POINT('',#2908);
#757=VERTEX_POINT('',#2912);
#758=VERTEX_POINT('',#2914);
#759=VERTEX_POINT('',#2918);
#760=VERTEX_POINT('',#2920);
#761=VERTEX_POINT('',#2924);
#762=VERTEX_POINT('',#2926);
#763=VERTEX_POINT('',#2930);
#764=VERTEX_POINT('',#2932);
#765=VERTEX_POINT('',#2936);
#766=VERTEX_POINT('',#2938);
#767=VERTEX_POINT('',#2942);
#768=VERTEX_POINT('',#2944);
#769=VERTEX_POINT('',#2948);
#770=VERTEX_POINT('',#2950);
#771=VERTEX_POINT('',#2954);
#772=VERTEX_POINT('',#2956);
#773=VERTEX_POINT('',#2960);
#774=VERTEX_POINT('',#2962);
#775=VERTEX_POINT('',#2966);
#776=VERTEX_POINT('',#2968);
#777=VERTEX_POINT('',#2972);
#778=VERTEX_POINT('',#2974);
#779=VERTEX_POINT('',#2978);
#780=VERTEX_POINT('',#2980);
#781=VERTEX_POINT('',#2984);
#782=VERTEX_POINT('',#2986);
#783=VERTEX_POINT('',#2990);
#784=VERTEX_POINT('',#2992);
#785=VERTEX_POINT('',#2996);
#786=VERTEX_POINT('',#2998);
#787=VERTEX_POINT('',#3002);
#788=VERTEX_POINT('',#3004);
#789=VERTEX_POINT('',#3008);
#790=VERTEX_POINT('',#3010);
#791=VERTEX_POINT('',#3014);
#792=VERTEX_POINT('',#3016);
#793=VERTEX_POINT('',#3020);
#794=VERTEX_POINT('',#3022);
#795=VERTEX_POINT('',#3026);
#796=VERTEX_POINT('',#3028);
#797=VERTEX_POINT('',#3032);
#798=VERTEX_POINT('',#3034);
#799=VERTEX_POINT('',#3038);
#800=VERTEX_POINT('',#3040);
#801=VERTEX_POINT('',#3044);
#802=VERTEX_POINT('',#3046);
#803=VERTEX_POINT('',#3050);
#804=VERTEX_POINT('',#3052);
#805=VERTEX_POINT('',#3056);
#806=VERTEX_POINT('',#3058);
#807=VERTEX_POINT('',#3062);
#808=VERTEX_POINT('',#3064);
#809=VERTEX_POINT('',#3068);
#810=VERTEX_POINT('',#3070);
#811=VERTEX_POINT('',#3074);
#812=VERTEX_POINT('',#3076);
#813=VERTEX_POINT('',#3080);
#814=VERTEX_POINT('',#3082);
#815=VERTEX_POINT('',#3086);
#816=VERTEX_POINT('',#3088);
#817=VERTEX_POINT('',#3092);
#818=VERTEX_POINT('',#3094);
#819=VERTEX_POINT('',#3098);
#820=VERTEX_POINT('',#3100);
#821=VERTEX_POINT('',#3104);
#822=VERTEX_POINT('',#3106);
#823=VERTEX_POINT('',#3110);
#824=VERTEX_POINT('',#3112);
#825=VERTEX_POINT('',#3116);
#826=VERTEX_POINT('',#3118);
#827=VERTEX_POINT('',#3122);
#828=VERTEX_POINT('',#3124);
#829=VERTEX_POINT('',#3128);
#830=VERTEX_POINT('',#3130);
#831=EDGE_CURVE('',#651,#652,#531,.T.);
#832=EDGE_CURVE('',#652,#653,#231,.T.);
#833=EDGE_CURVE('',#654,#653,#532,.T.);
#834=EDGE_CURVE('',#651,#654,#232,.T.);
#835=EDGE_CURVE('',#655,#651,#233,.T.);
#836=EDGE_CURVE('',#656,#654,#234,.T.);
#837=EDGE_CURVE('',#655,#656,#235,.T.);
#838=EDGE_CURVE('',#657,#655,#533,.T.);
#839=EDGE_CURVE('',#658,#656,#534,.T.);
#840=EDGE_CURVE('',#657,#658,#236,.T.);
#841=EDGE_CURVE('',#659,#657,#237,.T.);
#842=EDGE_CURVE('',#660,#658,#238,.T.);
#843=EDGE_CURVE('',#659,#660,#239,.T.);
#844=EDGE_CURVE('',#661,#659,#535,.T.);
#845=EDGE_CURVE('',#662,#660,#536,.T.);
#846=EDGE_CURVE('',#661,#662,#240,.T.);
#847=EDGE_CURVE('',#663,#661,#537,.T.);
#848=EDGE_CURVE('',#664,#662,#538,.T.);
#849=EDGE_CURVE('',#663,#664,#241,.T.);
#850=EDGE_CURVE('',#665,#663,#539,.T.);
#851=EDGE_CURVE('',#666,#664,#540,.T.);
#852=EDGE_CURVE('',#665,#666,#242,.T.);
#853=EDGE_CURVE('',#667,#665,#243,.T.);
#854=EDGE_CURVE('',#668,#666,#244,.T.);
#855=EDGE_CURVE('',#667,#668,#245,.T.);
#856=EDGE_CURVE('',#669,#667,#541,.T.);
#857=EDGE_CURVE('',#670,#668,#542,.T.);
#858=EDGE_CURVE('',#669,#670,#246,.T.);
#859=EDGE_CURVE('',#671,#669,#247,.T.);
#860=EDGE_CURVE('',#672,#670,#248,.T.);
#861=EDGE_CURVE('',#671,#672,#249,.T.);
#862=EDGE_CURVE('',#673,#671,#543,.T.);
#863=EDGE_CURVE('',#674,#672,#544,.T.);
#864=EDGE_CURVE('',#673,#674,#250,.T.);
#865=EDGE_CURVE('',#675,#673,#545,.T.);
#866=EDGE_CURVE('',#676,#674,#546,.T.);
#867=EDGE_CURVE('',#675,#676,#251,.T.);
#868=EDGE_CURVE('',#677,#675,#547,.T.);
#869=EDGE_CURVE('',#678,#676,#548,.T.);
#870=EDGE_CURVE('',#677,#678,#252,.T.);
#871=EDGE_CURVE('',#679,#677,#253,.T.);
#872=EDGE_CURVE('',#680,#678,#254,.T.);
#873=EDGE_CURVE('',#679,#680,#255,.T.);
#874=EDGE_CURVE('',#681,#679,#549,.T.);
#875=EDGE_CURVE('',#682,#680,#550,.T.);
#876=EDGE_CURVE('',#681,#682,#256,.T.);
#877=EDGE_CURVE('',#683,#681,#257,.T.);
#878=EDGE_CURVE('',#684,#682,#258,.T.);
#879=EDGE_CURVE('',#683,#684,#259,.T.);
#880=EDGE_CURVE('',#685,#683,#551,.T.);
#881=EDGE_CURVE('',#686,#684,#552,.T.);
#882=EDGE_CURVE('',#685,#686,#260,.T.);
#883=EDGE_CURVE('',#687,#685,#553,.T.);
#884=EDGE_CURVE('',#688,#686,#554,.T.);
#885=EDGE_CURVE('',#687,#688,#261,.T.);
#886=EDGE_CURVE('',#689,#687,#555,.T.);
#887=EDGE_CURVE('',#690,#688,#556,.T.);
#888=EDGE_CURVE('',#689,#690,#262,.T.);
#889=EDGE_CURVE('',#691,#689,#263,.T.);
#890=EDGE_CURVE('',#692,#690,#264,.T.);
#891=EDGE_CURVE('',#691,#692,#265,.T.);
#892=EDGE_CURVE('',#693,#691,#557,.T.);
#893=EDGE_CURVE('',#694,#692,#558,.T.);
#894=EDGE_CURVE('',#693,#694,#266,.T.);
#895=EDGE_CURVE('',#695,#693,#267,.T.);
#896=EDGE_CURVE('',#696,#694,#268,.T.);
#897=EDGE_CURVE('',#695,#696,#269,.T.);
#898=EDGE_CURVE('',#697,#695,#559,.T.);
#899=EDGE_CURVE('',#698,#696,#560,.T.);
#900=EDGE_CURVE('',#697,#698,#270,.T.);
#901=EDGE_CURVE('',#699,#697,#561,.T.);
#902=EDGE_CURVE('',#700,#698,#562,.T.);
#903=EDGE_CURVE('',#699,#700,#271,.T.);
#904=EDGE_CURVE('',#701,#699,#563,.T.);
#905=EDGE_CURVE('',#702,#700,#564,.T.);
#906=EDGE_CURVE('',#701,#702,#272,.T.);
#907=EDGE_CURVE('',#703,#701,#273,.T.);
#908=EDGE_CURVE('',#704,#702,#274,.T.);
#909=EDGE_CURVE('',#703,#704,#275,.T.);
#910=EDGE_CURVE('',#705,#703,#565,.T.);
#911=EDGE_CURVE('',#706,#704,#566,.T.);
#912=EDGE_CURVE('',#705,#706,#276,.T.);
#913=EDGE_CURVE('',#707,#705,#277,.T.);
#914=EDGE_CURVE('',#708,#706,#278,.T.);
#915=EDGE_CURVE('',#707,#708,#279,.T.);
#916=EDGE_CURVE('',#709,#707,#567,.T.);
#917=EDGE_CURVE('',#710,#708,#568,.T.);
#918=EDGE_CURVE('',#709,#710,#280,.T.);
#919=EDGE_CURVE('',#711,#709,#569,.T.);
#920=EDGE_CURVE('',#712,#710,#570,.T.);
#921=EDGE_CURVE('',#711,#712,#281,.T.);
#922=EDGE_CURVE('',#713,#711,#571,.T.);
#923=EDGE_CURVE('',#714,#712,#572,.T.);
#924=EDGE_CURVE('',#713,#714,#282,.T.);
#925=EDGE_CURVE('',#715,#713,#283,.T.);
#926=EDGE_CURVE('',#716,#714,#284,.T.);
#927=EDGE_CURVE('',#715,#716,#285,.T.);
#928=EDGE_CURVE('',#717,#715,#573,.T.);
#929=EDGE_CURVE('',#718,#716,#574,.T.);
#930=EDGE_CURVE('',#717,#718,#286,.T.);
#931=EDGE_CURVE('',#719,#717,#287,.T.);
#932=EDGE_CURVE('',#720,#718,#288,.T.);
#933=EDGE_CURVE('',#719,#720,#289,.T.);
#934=EDGE_CURVE('',#721,#719,#575,.T.);
#935=EDGE_CURVE('',#722,#720,#576,.T.);
#936=EDGE_CURVE('',#721,#722,#290,.T.);
#937=EDGE_CURVE('',#723,#721,#577,.T.);
#938=EDGE_CURVE('',#724,#722,#578,.T.);
#939=EDGE_CURVE('',#723,#724,#291,.T.);
#940=EDGE_CURVE('',#725,#723,#579,.T.);
#941=EDGE_CURVE('',#726,#724,#580,.T.);
#942=EDGE_CURVE('',#725,#726,#292,.T.);
#943=EDGE_CURVE('',#727,#725,#293,.T.);
#944=EDGE_CURVE('',#728,#726,#294,.T.);
#945=EDGE_CURVE('',#727,#728,#295,.T.);
#946=EDGE_CURVE('',#729,#727,#581,.T.);
#947=EDGE_CURVE('',#730,#728,#582,.T.);
#948=EDGE_CURVE('',#729,#730,#296,.T.);
#949=EDGE_CURVE('',#731,#729,#297,.T.);
#950=EDGE_CURVE('',#732,#730,#298,.T.);
#951=EDGE_CURVE('',#731,#732,#299,.T.);
#952=EDGE_CURVE('',#733,#731,#583,.T.);
#953=EDGE_CURVE('',#734,#732,#584,.T.);
#954=EDGE_CURVE('',#733,#734,#300,.T.);
#955=EDGE_CURVE('',#735,#733,#585,.T.);
#956=EDGE_CURVE('',#736,#734,#586,.T.);
#957=EDGE_CURVE('',#735,#736,#301,.T.);
#958=EDGE_CURVE('',#737,#735,#587,.T.);
#959=EDGE_CURVE('',#738,#736,#588,.T.);
#960=EDGE_CURVE('',#737,#738,#302,.T.);
#961=EDGE_CURVE('',#739,#737,#303,.T.);
#962=EDGE_CURVE('',#740,#738,#304,.T.);
#963=EDGE_CURVE('',#739,#740,#305,.T.);
#964=EDGE_CURVE('',#741,#739,#589,.T.);
#965=EDGE_CURVE('',#742,#740,#590,.T.);
#966=EDGE_CURVE('',#741,#742,#306,.T.);
#967=EDGE_CURVE('',#743,#741,#307,.T.);
#968=EDGE_CURVE('',#744,#742,#308,.T.);
#969=EDGE_CURVE('',#743,#744,#309,.T.);
#970=EDGE_CURVE('',#745,#743,#591,.T.);
#971=EDGE_CURVE('',#746,#744,#592,.T.);
#972=EDGE_CURVE('',#745,#746,#310,.T.);
#973=EDGE_CURVE('',#747,#745,#593,.T.);
#974=EDGE_CURVE('',#748,#746,#594,.T.);
#975=EDGE_CURVE('',#747,#748,#311,.T.);
#976=EDGE_CURVE('',#749,#747,#595,.T.);
#977=EDGE_CURVE('',#750,#748,#596,.T.);
#978=EDGE_CURVE('',#749,#750,#312,.T.);
#979=EDGE_CURVE('',#751,#749,#313,.T.);
#980=EDGE_CURVE('',#752,#750,#314,.T.);
#981=EDGE_CURVE('',#751,#752,#315,.T.);
#982=EDGE_CURVE('',#753,#751,#597,.T.);
#983=EDGE_CURVE('',#754,#752,#598,.T.);
#984=EDGE_CURVE('',#753,#754,#316,.T.);
#985=EDGE_CURVE('',#755,#753,#317,.T.);
#986=EDGE_CURVE('',#756,#754,#318,.T.);
#987=EDGE_CURVE('',#755,#756,#319,.T.);
#988=EDGE_CURVE('',#757,#755,#599,.T.);
#989=EDGE_CURVE('',#758,#756,#600,.T.);
#990=EDGE_CURVE('',#757,#758,#320,.T.);
#991=EDGE_CURVE('',#759,#757,#601,.T.);
#992=EDGE_CURVE('',#760,#758,#602,.T.);
#993=EDGE_CURVE('',#759,#760,#321,.T.);
#994=EDGE_CURVE('',#761,#759,#603,.T.);
#995=EDGE_CURVE('',#762,#760,#604,.T.);
#996=EDGE_CURVE('',#761,#762,#322,.T.);
#997=EDGE_CURVE('',#763,#761,#323,.T.);
#998=EDGE_CURVE('',#764,#762,#324,.T.);
#999=EDGE_CURVE('',#763,#764,#325,.T.);
#1000=EDGE_CURVE('',#765,#763,#605,.T.);
#1001=EDGE_CURVE('',#766,#764,#606,.T.);
#1002=EDGE_CURVE('',#765,#766,#326,.T.);
#1003=EDGE_CURVE('',#767,#765,#327,.T.);
#1004=EDGE_CURVE('',#768,#766,#328,.T.);
#1005=EDGE_CURVE('',#767,#768,#329,.T.);
#1006=EDGE_CURVE('',#769,#767,#607,.T.);
#1007=EDGE_CURVE('',#770,#768,#608,.T.);
#1008=EDGE_CURVE('',#769,#770,#330,.T.);
#1009=EDGE_CURVE('',#771,#769,#609,.T.);
#1010=EDGE_CURVE('',#772,#770,#610,.T.);
#1011=EDGE_CURVE('',#771,#772,#331,.T.);
#1012=EDGE_CURVE('',#773,#771,#611,.T.);
#1013=EDGE_CURVE('',#774,#772,#612,.T.);
#1014=EDGE_CURVE('',#773,#774,#332,.T.);
#1015=EDGE_CURVE('',#775,#773,#333,.T.);
#1016=EDGE_CURVE('',#776,#774,#334,.T.);
#1017=EDGE_CURVE('',#775,#776,#335,.T.);
#1018=EDGE_CURVE('',#777,#775,#613,.T.);
#1019=EDGE_CURVE('',#778,#776,#614,.T.);
#1020=EDGE_CURVE('',#777,#778,#336,.T.);
#1021=EDGE_CURVE('',#779,#777,#337,.T.);
#1022=EDGE_CURVE('',#780,#778,#338,.T.);
#1023=EDGE_CURVE('',#779,#780,#339,.T.);
#1024=EDGE_CURVE('',#781,#779,#615,.T.);
#1025=EDGE_CURVE('',#782,#780,#616,.T.);
#1026=EDGE_CURVE('',#781,#782,#340,.T.);
#1027=EDGE_CURVE('',#783,#781,#617,.T.);
#1028=EDGE_CURVE('',#784,#782,#618,.T.);
#1029=EDGE_CURVE('',#783,#784,#341,.T.);
#1030=EDGE_CURVE('',#785,#783,#619,.T.);
#1031=EDGE_CURVE('',#786,#784,#620,.T.);
#1032=EDGE_CURVE('',#785,#786,#342,.T.);
#1033=EDGE_CURVE('',#787,#785,#343,.T.);
#1034=EDGE_CURVE('',#788,#786,#344,.T.);
#1035=EDGE_CURVE('',#787,#788,#345,.T.);
#1036=EDGE_CURVE('',#789,#787,#621,.T.);
#1037=EDGE_CURVE('',#790,#788,#622,.T.);
#1038=EDGE_CURVE('',#789,#790,#346,.T.);
#1039=EDGE_CURVE('',#791,#789,#347,.T.);
#1040=EDGE_CURVE('',#792,#790,#348,.T.);
#1041=EDGE_CURVE('',#791,#792,#349,.T.);
#1042=EDGE_CURVE('',#793,#791,#623,.T.);
#1043=EDGE_CURVE('',#794,#792,#624,.T.);
#1044=EDGE_CURVE('',#793,#794,#350,.T.);
#1045=EDGE_CURVE('',#795,#793,#625,.T.);
#1046=EDGE_CURVE('',#796,#794,#626,.T.);
#1047=EDGE_CURVE('',#795,#796,#351,.T.);
#1048=EDGE_CURVE('',#797,#795,#627,.T.);
#1049=EDGE_CURVE('',#798,#796,#628,.T.);
#1050=EDGE_CURVE('',#797,#798,#352,.T.);
#1051=EDGE_CURVE('',#799,#797,#353,.T.);
#1052=EDGE_CURVE('',#800,#798,#354,.T.);
#1053=EDGE_CURVE('',#799,#800,#355,.T.);
#1054=EDGE_CURVE('',#801,#799,#629,.T.);
#1055=EDGE_CURVE('',#802,#800,#630,.T.);
#1056=EDGE_CURVE('',#801,#802,#356,.T.);
#1057=EDGE_CURVE('',#803,#801,#357,.T.);
#1058=EDGE_CURVE('',#804,#802,#358,.T.);
#1059=EDGE_CURVE('',#803,#804,#359,.T.);
#1060=EDGE_CURVE('',#805,#803,#631,.T.);
#1061=EDGE_CURVE('',#806,#804,#632,.T.);
#1062=EDGE_CURVE('',#805,#806,#360,.T.);
#1063=EDGE_CURVE('',#807,#805,#633,.T.);
#1064=EDGE_CURVE('',#808,#806,#634,.T.);
#1065=EDGE_CURVE('',#807,#808,#361,.T.);
#1066=EDGE_CURVE('',#809,#807,#635,.T.);
#1067=EDGE_CURVE('',#810,#808,#636,.T.);
#1068=EDGE_CURVE('',#809,#810,#362,.T.);
#1069=EDGE_CURVE('',#811,#809,#363,.T.);
#1070=EDGE_CURVE('',#812,#810,#364,.T.);
#1071=EDGE_CURVE('',#811,#812,#365,.T.);
#1072=EDGE_CURVE('',#813,#811,#637,.T.);
#1073=EDGE_CURVE('',#814,#812,#638,.T.);
#1074=EDGE_CURVE('',#813,#814,#366,.T.);
#1075=EDGE_CURVE('',#815,#813,#367,.T.);
#1076=EDGE_CURVE('',#816,#814,#368,.T.);
#1077=EDGE_CURVE('',#815,#816,#369,.T.);
#1078=EDGE_CURVE('',#817,#815,#639,.T.);
#1079=EDGE_CURVE('',#818,#816,#640,.T.);
#1080=EDGE_CURVE('',#817,#818,#370,.T.);
#1081=EDGE_CURVE('',#819,#817,#641,.T.);
#1082=EDGE_CURVE('',#820,#818,#642,.T.);
#1083=EDGE_CURVE('',#819,#820,#371,.T.);
#1084=EDGE_CURVE('',#821,#819,#643,.T.);
#1085=EDGE_CURVE('',#822,#820,#644,.T.);
#1086=EDGE_CURVE('',#821,#822,#372,.T.);
#1087=EDGE_CURVE('',#823,#821,#373,.T.);
#1088=EDGE_CURVE('',#824,#822,#374,.T.);
#1089=EDGE_CURVE('',#823,#824,#375,.T.);
#1090=EDGE_CURVE('',#825,#823,#645,.T.);
#1091=EDGE_CURVE('',#826,#824,#646,.T.);
#1092=EDGE_CURVE('',#825,#826,#376,.T.);
#1093=EDGE_CURVE('',#827,#825,#377,.T.);
#1094=EDGE_CURVE('',#828,#826,#378,.T.);
#1095=EDGE_CURVE('',#827,#828,#379,.T.);
#1096=EDGE_CURVE('',#829,#827,#647,.T.);
#1097=EDGE_CURVE('',#830,#828,#648,.T.);
#1098=EDGE_CURVE('',#829,#830,#380,.T.);
#1099=EDGE_CURVE('',#652,#829,#649,.T.);
#1100=EDGE_CURVE('',#653,#830,#650,.T.);
#1101=ORIENTED_EDGE('',*,*,#831,.T.);
#1102=ORIENTED_EDGE('',*,*,#832,.T.);
#1103=ORIENTED_EDGE('',*,*,#833,.F.);
#1104=ORIENTED_EDGE('',*,*,#834,.F.);
#1105=ORIENTED_EDGE('',*,*,#835,.T.);
#1106=ORIENTED_EDGE('',*,*,#834,.T.);
#1107=ORIENTED_EDGE('',*,*,#836,.F.);
#1108=ORIENTED_EDGE('',*,*,#837,.F.);
#1109=ORIENTED_EDGE('',*,*,#838,.T.);
#1110=ORIENTED_EDGE('',*,*,#837,.T.);
#1111=ORIENTED_EDGE('',*,*,#839,.F.);
#1112=ORIENTED_EDGE('',*,*,#840,.F.);
#1113=ORIENTED_EDGE('',*,*,#841,.T.);
#1114=ORIENTED_EDGE('',*,*,#840,.T.);
#1115=ORIENTED_EDGE('',*,*,#842,.F.);
#1116=ORIENTED_EDGE('',*,*,#843,.F.);
#1117=ORIENTED_EDGE('',*,*,#844,.T.);
#1118=ORIENTED_EDGE('',*,*,#843,.T.);
#1119=ORIENTED_EDGE('',*,*,#845,.F.);
#1120=ORIENTED_EDGE('',*,*,#846,.F.);
#1121=ORIENTED_EDGE('',*,*,#847,.T.);
#1122=ORIENTED_EDGE('',*,*,#846,.T.);
#1123=ORIENTED_EDGE('',*,*,#848,.F.);
#1124=ORIENTED_EDGE('',*,*,#849,.F.);
#1125=ORIENTED_EDGE('',*,*,#850,.T.);
#1126=ORIENTED_EDGE('',*,*,#849,.T.);
#1127=ORIENTED_EDGE('',*,*,#851,.F.);
#1128=ORIENTED_EDGE('',*,*,#852,.F.);
#1129=ORIENTED_EDGE('',*,*,#853,.T.);
#1130=ORIENTED_EDGE('',*,*,#852,.T.);
#1131=ORIENTED_EDGE('',*,*,#854,.F.);
#1132=ORIENTED_EDGE('',*,*,#855,.F.);
#1133=ORIENTED_EDGE('',*,*,#856,.T.);
#1134=ORIENTED_EDGE('',*,*,#855,.T.);
#1135=ORIENTED_EDGE('',*,*,#857,.F.);
#1136=ORIENTED_EDGE('',*,*,#858,.F.);
#1137=ORIENTED_EDGE('',*,*,#859,.T.);
#1138=ORIENTED_EDGE('',*,*,#858,.T.);
#1139=ORIENTED_EDGE('',*,*,#860,.F.);
#1140=ORIENTED_EDGE('',*,*,#861,.F.);
#1141=ORIENTED_EDGE('',*,*,#862,.T.);
#1142=ORIENTED_EDGE('',*,*,#861,.T.);
#1143=ORIENTED_EDGE('',*,*,#863,.F.);
#1144=ORIENTED_EDGE('',*,*,#864,.F.);
#1145=ORIENTED_EDGE('',*,*,#865,.T.);
#1146=ORIENTED_EDGE('',*,*,#864,.T.);
#1147=ORIENTED_EDGE('',*,*,#866,.F.);
#1148=ORIENTED_EDGE('',*,*,#867,.F.);
#1149=ORIENTED_EDGE('',*,*,#868,.T.);
#1150=ORIENTED_EDGE('',*,*,#867,.T.);
#1151=ORIENTED_EDGE('',*,*,#869,.F.);
#1152=ORIENTED_EDGE('',*,*,#870,.F.);
#1153=ORIENTED_EDGE('',*,*,#871,.T.);
#1154=ORIENTED_EDGE('',*,*,#870,.T.);
#1155=ORIENTED_EDGE('',*,*,#872,.F.);
#1156=ORIENTED_EDGE('',*,*,#873,.F.);
#1157=ORIENTED_EDGE('',*,*,#874,.T.);
#1158=ORIENTED_EDGE('',*,*,#873,.T.);
#1159=ORIENTED_EDGE('',*,*,#875,.F.);
#1160=ORIENTED_EDGE('',*,*,#876,.F.);
#1161=ORIENTED_EDGE('',*,*,#877,.T.);
#1162=ORIENTED_EDGE('',*,*,#876,.T.);
#1163=ORIENTED_EDGE('',*,*,#878,.F.);
#1164=ORIENTED_EDGE('',*,*,#879,.F.);
#1165=ORIENTED_EDGE('',*,*,#880,.T.);
#1166=ORIENTED_EDGE('',*,*,#879,.T.);
#1167=ORIENTED_EDGE('',*,*,#881,.F.);
#1168=ORIENTED_EDGE('',*,*,#882,.F.);
#1169=ORIENTED_EDGE('',*,*,#883,.T.);
#1170=ORIENTED_EDGE('',*,*,#882,.T.);
#1171=ORIENTED_EDGE('',*,*,#884,.F.);
#1172=ORIENTED_EDGE('',*,*,#885,.F.);
#1173=ORIENTED_EDGE('',*,*,#886,.T.);
#1174=ORIENTED_EDGE('',*,*,#885,.T.);
#1175=ORIENTED_EDGE('',*,*,#887,.F.);
#1176=ORIENTED_EDGE('',*,*,#888,.F.);
#1177=ORIENTED_EDGE('',*,*,#889,.T.);
#1178=ORIENTED_EDGE('',*,*,#888,.T.);
#1179=ORIENTED_EDGE('',*,*,#890,.F.);
#1180=ORIENTED_EDGE('',*,*,#891,.F.);
#1181=ORIENTED_EDGE('',*,*,#892,.T.);
#1182=ORIENTED_EDGE('',*,*,#891,.T.);
#1183=ORIENTED_EDGE('',*,*,#893,.F.);
#1184=ORIENTED_EDGE('',*,*,#894,.F.);
#1185=ORIENTED_EDGE('',*,*,#895,.T.);
#1186=ORIENTED_EDGE('',*,*,#894,.T.);
#1187=ORIENTED_EDGE('',*,*,#896,.F.);
#1188=ORIENTED_EDGE('',*,*,#897,.F.);
#1189=ORIENTED_EDGE('',*,*,#898,.T.);
#1190=ORIENTED_EDGE('',*,*,#897,.T.);
#1191=ORIENTED_EDGE('',*,*,#899,.F.);
#1192=ORIENTED_EDGE('',*,*,#900,.F.);
#1193=ORIENTED_EDGE('',*,*,#901,.T.);
#1194=ORIENTED_EDGE('',*,*,#900,.T.);
#1195=ORIENTED_EDGE('',*,*,#902,.F.);
#1196=ORIENTED_EDGE('',*,*,#903,.F.);
#1197=ORIENTED_EDGE('',*,*,#904,.T.);
#1198=ORIENTED_EDGE('',*,*,#903,.T.);
#1199=ORIENTED_EDGE('',*,*,#905,.F.);
#1200=ORIENTED_EDGE('',*,*,#906,.F.);
#1201=ORIENTED_EDGE('',*,*,#907,.T.);
#1202=ORIENTED_EDGE('',*,*,#906,.T.);
#1203=ORIENTED_EDGE('',*,*,#908,.F.);
#1204=ORIENTED_EDGE('',*,*,#909,.F.);
#1205=ORIENTED_EDGE('',*,*,#910,.T.);
#1206=ORIENTED_EDGE('',*,*,#909,.T.);
#1207=ORIENTED_EDGE('',*,*,#911,.F.);
#1208=ORIENTED_EDGE('',*,*,#912,.F.);
#1209=ORIENTED_EDGE('',*,*,#913,.T.);
#1210=ORIENTED_EDGE('',*,*,#912,.T.);
#1211=ORIENTED_EDGE('',*,*,#914,.F.);
#1212=ORIENTED_EDGE('',*,*,#915,.F.);
#1213=ORIENTED_EDGE('',*,*,#916,.T.);
#1214=ORIENTED_EDGE('',*,*,#915,.T.);
#1215=ORIENTED_EDGE('',*,*,#917,.F.);
#1216=ORIENTED_EDGE('',*,*,#918,.F.);
#1217=ORIENTED_EDGE('',*,*,#919,.T.);
#1218=ORIENTED_EDGE('',*,*,#918,.T.);
#1219=ORIENTED_EDGE('',*,*,#920,.F.);
#1220=ORIENTED_EDGE('',*,*,#921,.F.);
#1221=ORIENTED_EDGE('',*,*,#922,.T.);
#1222=ORIENTED_EDGE('',*,*,#921,.T.);
#1223=ORIENTED_EDGE('',*,*,#923,.F.);
#1224=ORIENTED_EDGE('',*,*,#924,.F.);
#1225=ORIENTED_EDGE('',*,*,#925,.T.);
#1226=ORIENTED_EDGE('',*,*,#924,.T.);
#1227=ORIENTED_EDGE('',*,*,#926,.F.);
#1228=ORIENTED_EDGE('',*,*,#927,.F.);
#1229=ORIENTED_EDGE('',*,*,#928,.T.);
#1230=ORIENTED_EDGE('',*,*,#927,.T.);
#1231=ORIENTED_EDGE('',*,*,#929,.F.);
#1232=ORIENTED_EDGE('',*,*,#930,.F.);
#1233=ORIENTED_EDGE('',*,*,#931,.T.);
#1234=ORIENTED_EDGE('',*,*,#930,.T.);
#1235=ORIENTED_EDGE('',*,*,#932,.F.);
#1236=ORIENTED_EDGE('',*,*,#933,.F.);
#1237=ORIENTED_EDGE('',*,*,#934,.T.);
#1238=ORIENTED_EDGE('',*,*,#933,.T.);
#1239=ORIENTED_EDGE('',*,*,#935,.F.);
#1240=ORIENTED_EDGE('',*,*,#936,.F.);
#1241=ORIENTED_EDGE('',*,*,#937,.T.);
#1242=ORIENTED_EDGE('',*,*,#936,.T.);
#1243=ORIENTED_EDGE('',*,*,#938,.F.);
#1244=ORIENTED_EDGE('',*,*,#939,.F.);
#1245=ORIENTED_EDGE('',*,*,#940,.T.);
#1246=ORIENTED_EDGE('',*,*,#939,.T.);
#1247=ORIENTED_EDGE('',*,*,#941,.F.);
#1248=ORIENTED_EDGE('',*,*,#942,.F.);
#1249=ORIENTED_EDGE('',*,*,#943,.T.);
#1250=ORIENTED_EDGE('',*,*,#942,.T.);
#1251=ORIENTED_EDGE('',*,*,#944,.F.);
#1252=ORIENTED_EDGE('',*,*,#945,.F.);
#1253=ORIENTED_EDGE('',*,*,#946,.T.);
#1254=ORIENTED_EDGE('',*,*,#945,.T.);
#1255=ORIENTED_EDGE('',*,*,#947,.F.);
#1256=ORIENTED_EDGE('',*,*,#948,.F.);
#1257=ORIENTED_EDGE('',*,*,#949,.T.);
#1258=ORIENTED_EDGE('',*,*,#948,.T.);
#1259=ORIENTED_EDGE('',*,*,#950,.F.);
#1260=ORIENTED_EDGE('',*,*,#951,.F.);
#1261=ORIENTED_EDGE('',*,*,#952,.T.);
#1262=ORIENTED_EDGE('',*,*,#951,.T.);
#1263=ORIENTED_EDGE('',*,*,#953,.F.);
#1264=ORIENTED_EDGE('',*,*,#954,.F.);
#1265=ORIENTED_EDGE('',*,*,#955,.T.);
#1266=ORIENTED_EDGE('',*,*,#954,.T.);
#1267=ORIENTED_EDGE('',*,*,#956,.F.);
#1268=ORIENTED_EDGE('',*,*,#957,.F.);
#1269=ORIENTED_EDGE('',*,*,#958,.T.);
#1270=ORIENTED_EDGE('',*,*,#957,.T.);
#1271=ORIENTED_EDGE('',*,*,#959,.F.);
#1272=ORIENTED_EDGE('',*,*,#960,.F.);
#1273=ORIENTED_EDGE('',*,*,#961,.T.);
#1274=ORIENTED_EDGE('',*,*,#960,.T.);
#1275=ORIENTED_EDGE('',*,*,#962,.F.);
#1276=ORIENTED_EDGE('',*,*,#963,.F.);
#1277=ORIENTED_EDGE('',*,*,#964,.T.);
#1278=ORIENTED_EDGE('',*,*,#963,.T.);
#1279=ORIENTED_EDGE('',*,*,#965,.F.);
#1280=ORIENTED_EDGE('',*,*,#966,.F.);
#1281=ORIENTED_EDGE('',*,*,#967,.T.);
#1282=ORIENTED_EDGE('',*,*,#966,.T.);
#1283=ORIENTED_EDGE('',*,*,#968,.F.);
#1284=ORIENTED_EDGE('',*,*,#969,.F.);
#1285=ORIENTED_EDGE('',*,*,#970,.T.);
#1286=ORIENTED_EDGE('',*,*,#969,.T.);
#1287=ORIENTED_EDGE('',*,*,#971,.F.);
#1288=ORIENTED_EDGE('',*,*,#972,.F.);
#1289=ORIENTED_EDGE('',*,*,#973,.T.);
#1290=ORIENTED_EDGE('',*,*,#972,.T.);
#1291=ORIENTED_EDGE('',*,*,#974,.F.);
#1292=ORIENTED_EDGE('',*,*,#975,.F.);
#1293=ORIENTED_EDGE('',*,*,#976,.T.);
#1294=ORIENTED_EDGE('',*,*,#975,.T.);
#1295=ORIENTED_EDGE('',*,*,#977,.F.);
#1296=ORIENTED_EDGE('',*,*,#978,.F.);
#1297=ORIENTED_EDGE('',*,*,#979,.T.);
#1298=ORIENTED_EDGE('',*,*,#978,.T.);
#1299=ORIENTED_EDGE('',*,*,#980,.F.);
#1300=ORIENTED_EDGE('',*,*,#981,.F.);
#1301=ORIENTED_EDGE('',*,*,#982,.T.);
#1302=ORIENTED_EDGE('',*,*,#981,.T.);
#1303=ORIENTED_EDGE('',*,*,#983,.F.);
#1304=ORIENTED_EDGE('',*,*,#984,.F.);
#1305=ORIENTED_EDGE('',*,*,#985,.T.);
#1306=ORIENTED_EDGE('',*,*,#984,.T.);
#1307=ORIENTED_EDGE('',*,*,#986,.F.);
#1308=ORIENTED_EDGE('',*,*,#987,.F.);
#1309=ORIENTED_EDGE('',*,*,#988,.T.);
#1310=ORIENTED_EDGE('',*,*,#987,.T.);
#1311=ORIENTED_EDGE('',*,*,#989,.F.);
#1312=ORIENTED_EDGE('',*,*,#990,.F.);
#1313=ORIENTED_EDGE('',*,*,#991,.T.);
#1314=ORIENTED_EDGE('',*,*,#990,.T.);
#1315=ORIENTED_EDGE('',*,*,#992,.F.);
#1316=ORIENTED_EDGE('',*,*,#993,.F.);
#1317=ORIENTED_EDGE('',*,*,#994,.T.);
#1318=ORIENTED_EDGE('',*,*,#993,.T.);
#1319=ORIENTED_EDGE('',*,*,#995,.F.);
#1320=ORIENTED_EDGE('',*,*,#996,.F.);
#1321=ORIENTED_EDGE('',*,*,#997,.T.);
#1322=ORIENTED_EDGE('',*,*,#996,.T.);
#1323=ORIENTED_EDGE('',*,*,#998,.F.);
#1324=ORIENTED_EDGE('',*,*,#999,.F.);
#1325=ORIENTED_EDGE('',*,*,#1000,.T.);
#1326=ORIENTED_EDGE('',*,*,#999,.T.);
#1327=ORIENTED_EDGE('',*,*,#1001,.F.);
#1328=ORIENTED_EDGE('',*,*,#1002,.F.);
#1329=ORIENTED_EDGE('',*,*,#1003,.T.);
#1330=ORIENTED_EDGE('',*,*,#1002,.T.);
#1331=ORIENTED_EDGE('',*,*,#1004,.F.);
#1332=ORIENTED_EDGE('',*,*,#1005,.F.);
#1333=ORIENTED_EDGE('',*,*,#1006,.T.);
#1334=ORIENTED_EDGE('',*,*,#1005,.T.);
#1335=ORIENTED_EDGE('',*,*,#1007,.F.);
#1336=ORIENTED_EDGE('',*,*,#1008,.F.);
#1337=ORIENTED_EDGE('',*,*,#1009,.T.);
#1338=ORIENTED_EDGE('',*,*,#1008,.T.);
#1339=ORIENTED_EDGE('',*,*,#1010,.F.);
#1340=ORIENTED_EDGE('',*,*,#1011,.F.);
#1341=ORIENTED_EDGE('',*,*,#1012,.T.);
#1342=ORIENTED_EDGE('',*,*,#1011,.T.);
#1343=ORIENTED_EDGE('',*,*,#1013,.F.);
#1344=ORIENTED_EDGE('',*,*,#1014,.F.);
#1345=ORIENTED_EDGE('',*,*,#1015,.T.);
#1346=ORIENTED_EDGE('',*,*,#1014,.T.);
#1347=ORIENTED_EDGE('',*,*,#1016,.F.);
#1348=ORIENTED_EDGE('',*,*,#1017,.F.);
#1349=ORIENTED_EDGE('',*,*,#1018,.T.);
#1350=ORIENTED_EDGE('',*,*,#1017,.T.);
#1351=ORIENTED_EDGE('',*,*,#1019,.F.);
#1352=ORIENTED_EDGE('',*,*,#1020,.F.);
#1353=ORIENTED_EDGE('',*,*,#1021,.T.);
#1354=ORIENTED_EDGE('',*,*,#1020,.T.);
#1355=ORIENTED_EDGE('',*,*,#1022,.F.);
#1356=ORIENTED_EDGE('',*,*,#1023,.F.);
#1357=ORIENTED_EDGE('',*,*,#1024,.T.);
#1358=ORIENTED_EDGE('',*,*,#1023,.T.);
#1359=ORIENTED_EDGE('',*,*,#1025,.F.);
#1360=ORIENTED_EDGE('',*,*,#1026,.F.);
#1361=ORIENTED_EDGE('',*,*,#1027,.T.);
#1362=ORIENTED_EDGE('',*,*,#1026,.T.);
#1363=ORIENTED_EDGE('',*,*,#1028,.F.);
#1364=ORIENTED_EDGE('',*,*,#1029,.F.);
#1365=ORIENTED_EDGE('',*,*,#1030,.T.);
#1366=ORIENTED_EDGE('',*,*,#1029,.T.);
#1367=ORIENTED_EDGE('',*,*,#1031,.F.);
#1368=ORIENTED_EDGE('',*,*,#1032,.F.);
#1369=ORIENTED_EDGE('',*,*,#1033,.T.);
#1370=ORIENTED_EDGE('',*,*,#1032,.T.);
#1371=ORIENTED_EDGE('',*,*,#1034,.F.);
#1372=ORIENTED_EDGE('',*,*,#1035,.F.);
#1373=ORIENTED_EDGE('',*,*,#1036,.T.);
#1374=ORIENTED_EDGE('',*,*,#1035,.T.);
#1375=ORIENTED_EDGE('',*,*,#1037,.F.);
#1376=ORIENTED_EDGE('',*,*,#1038,.F.);
#1377=ORIENTED_EDGE('',*,*,#1039,.T.);
#1378=ORIENTED_EDGE('',*,*,#1038,.T.);
#1379=ORIENTED_EDGE('',*,*,#1040,.F.);
#1380=ORIENTED_EDGE('',*,*,#1041,.F.);
#1381=ORIENTED_EDGE('',*,*,#1042,.T.);
#1382=ORIENTED_EDGE('',*,*,#1041,.T.);
#1383=ORIENTED_EDGE('',*,*,#1043,.F.);
#1384=ORIENTED_EDGE('',*,*,#1044,.F.);
#1385=ORIENTED_EDGE('',*,*,#1045,.T.);
#1386=ORIENTED_EDGE('',*,*,#1044,.T.);
#1387=ORIENTED_EDGE('',*,*,#1046,.F.);
#1388=ORIENTED_EDGE('',*,*,#1047,.F.);
#1389=ORIENTED_EDGE('',*,*,#1048,.T.);
#1390=ORIENTED_EDGE('',*,*,#1047,.T.);
#1391=ORIENTED_EDGE('',*,*,#1049,.F.);
#1392=ORIENTED_EDGE('',*,*,#1050,.F.);
#1393=ORIENTED_EDGE('',*,*,#1051,.T.);
#1394=ORIENTED_EDGE('',*,*,#1050,.T.);
#1395=ORIENTED_EDGE('',*,*,#1052,.F.);
#1396=ORIENTED_EDGE('',*,*,#1053,.F.);
#1397=ORIENTED_EDGE('',*,*,#1054,.T.);
#1398=ORIENTED_EDGE('',*,*,#1053,.T.);
#1399=ORIENTED_EDGE('',*,*,#1055,.F.);
#1400=ORIENTED_EDGE('',*,*,#1056,.F.);
#1401=ORIENTED_EDGE('',*,*,#1057,.T.);
#1402=ORIENTED_EDGE('',*,*,#1056,.T.);
#1403=ORIENTED_EDGE('',*,*,#1058,.F.);
#1404=ORIENTED_EDGE('',*,*,#1059,.F.);
#1405=ORIENTED_EDGE('',*,*,#1060,.T.);
#1406=ORIENTED_EDGE('',*,*,#1059,.T.);
#1407=ORIENTED_EDGE('',*,*,#1061,.F.);
#1408=ORIENTED_EDGE('',*,*,#1062,.F.);
#1409=ORIENTED_EDGE('',*,*,#1063,.T.);
#1410=ORIENTED_EDGE('',*,*,#1062,.T.);
#1411=ORIENTED_EDGE('',*,*,#1064,.F.);
#1412=ORIENTED_EDGE('',*,*,#1065,.F.);
#1413=ORIENTED_EDGE('',*,*,#1066,.T.);
#1414=ORIENTED_EDGE('',*,*,#1065,.T.);
#1415=ORIENTED_EDGE('',*,*,#1067,.F.);
#1416=ORIENTED_EDGE('',*,*,#1068,.F.);
#1417=ORIENTED_EDGE('',*,*,#1069,.T.);
#1418=ORIENTED_EDGE('',*,*,#1068,.T.);
#1419=ORIENTED_EDGE('',*,*,#1070,.F.);
#1420=ORIENTED_EDGE('',*,*,#1071,.F.);
#1421=ORIENTED_EDGE('',*,*,#1072,.T.);
#1422=ORIENTED_EDGE('',*,*,#1071,.T.);
#1423=ORIENTED_EDGE('',*,*,#1073,.F.);
#1424=ORIENTED_EDGE('',*,*,#1074,.F.);
#1425=ORIENTED_EDGE('',*,*,#1075,.T.);
#1426=ORIENTED_EDGE('',*,*,#1074,.T.);
#1427=ORIENTED_EDGE('',*,*,#1076,.F.);
#1428=ORIENTED_EDGE('',*,*,#1077,.F.);
#1429=ORIENTED_EDGE('',*,*,#1078,.T.);
#1430=ORIENTED_EDGE('',*,*,#1077,.T.);
#1431=ORIENTED_EDGE('',*,*,#1079,.F.);
#1432=ORIENTED_EDGE('',*,*,#1080,.F.);
#1433=ORIENTED_EDGE('',*,*,#1081,.T.);
#1434=ORIENTED_EDGE('',*,*,#1080,.T.);
#1435=ORIENTED_EDGE('',*,*,#1082,.F.);
#1436=ORIENTED_EDGE('',*,*,#1083,.F.);
#1437=ORIENTED_EDGE('',*,*,#1084,.T.);
#1438=ORIENTED_EDGE('',*,*,#1083,.T.);
#1439=ORIENTED_EDGE('',*,*,#1085,.F.);
#1440=ORIENTED_EDGE('',*,*,#1086,.F.);
#1441=ORIENTED_EDGE('',*,*,#1087,.T.);
#1442=ORIENTED_EDGE('',*,*,#1086,.T.);
#1443=ORIENTED_EDGE('',*,*,#1088,.F.);
#1444=ORIENTED_EDGE('',*,*,#1089,.F.);
#1445=ORIENTED_EDGE('',*,*,#1090,.T.);
#1446=ORIENTED_EDGE('',*,*,#1089,.T.);
#1447=ORIENTED_EDGE('',*,*,#1091,.F.);
#1448=ORIENTED_EDGE('',*,*,#1092,.F.);
#1449=ORIENTED_EDGE('',*,*,#1093,.T.);
#1450=ORIENTED_EDGE('',*,*,#1092,.T.);
#1451=ORIENTED_EDGE('',*,*,#1094,.F.);
#1452=ORIENTED_EDGE('',*,*,#1095,.F.);
#1453=ORIENTED_EDGE('',*,*,#1096,.T.);
#1454=ORIENTED_EDGE('',*,*,#1095,.T.);
#1455=ORIENTED_EDGE('',*,*,#1097,.F.);
#1456=ORIENTED_EDGE('',*,*,#1098,.F.);
#1457=ORIENTED_EDGE('',*,*,#1099,.T.);
#1458=ORIENTED_EDGE('',*,*,#1098,.T.);
#1459=ORIENTED_EDGE('',*,*,#1100,.F.);
#1460=ORIENTED_EDGE('',*,*,#832,.F.);
#1461=ORIENTED_EDGE('',*,*,#1100,.T.);
#1462=ORIENTED_EDGE('',*,*,#1097,.T.);
#1463=ORIENTED_EDGE('',*,*,#1094,.T.);
#1464=ORIENTED_EDGE('',*,*,#1091,.T.);
#1465=ORIENTED_EDGE('',*,*,#1088,.T.);
#1466=ORIENTED_EDGE('',*,*,#1085,.T.);
#1467=ORIENTED_EDGE('',*,*,#1082,.T.);
#1468=ORIENTED_EDGE('',*,*,#1079,.T.);
#1469=ORIENTED_EDGE('',*,*,#1076,.T.);
#1470=ORIENTED_EDGE('',*,*,#1073,.T.);
#1471=ORIENTED_EDGE('',*,*,#1070,.T.);
#1472=ORIENTED_EDGE('',*,*,#1067,.T.);
#1473=ORIENTED_EDGE('',*,*,#1064,.T.);
#1474=ORIENTED_EDGE('',*,*,#1061,.T.);
#1475=ORIENTED_EDGE('',*,*,#1058,.T.);
#1476=ORIENTED_EDGE('',*,*,#1055,.T.);
#1477=ORIENTED_EDGE('',*,*,#1052,.T.);
#1478=ORIENTED_EDGE('',*,*,#1049,.T.);
#1479=ORIENTED_EDGE('',*,*,#1046,.T.);
#1480=ORIENTED_EDGE('',*,*,#1043,.T.);
#1481=ORIENTED_EDGE('',*,*,#1040,.T.);
#1482=ORIENTED_EDGE('',*,*,#1037,.T.);
#1483=ORIENTED_EDGE('',*,*,#1034,.T.);
#1484=ORIENTED_EDGE('',*,*,#1031,.T.);
#1485=ORIENTED_EDGE('',*,*,#1028,.T.);
#1486=ORIENTED_EDGE('',*,*,#1025,.T.);
#1487=ORIENTED_EDGE('',*,*,#1022,.T.);
#1488=ORIENTED_EDGE('',*,*,#1019,.T.);
#1489=ORIENTED_EDGE('',*,*,#1016,.T.);
#1490=ORIENTED_EDGE('',*,*,#1013,.T.);
#1491=ORIENTED_EDGE('',*,*,#1010,.T.);
#1492=ORIENTED_EDGE('',*,*,#1007,.T.);
#1493=ORIENTED_EDGE('',*,*,#1004,.T.);
#1494=ORIENTED_EDGE('',*,*,#1001,.T.);
#1495=ORIENTED_EDGE('',*,*,#998,.T.);
#1496=ORIENTED_EDGE('',*,*,#995,.T.);
#1497=ORIENTED_EDGE('',*,*,#992,.T.);
#1498=ORIENTED_EDGE('',*,*,#989,.T.);
#1499=ORIENTED_EDGE('',*,*,#986,.T.);
#1500=ORIENTED_EDGE('',*,*,#983,.T.);
#1501=ORIENTED_EDGE('',*,*,#980,.T.);
#1502=ORIENTED_EDGE('',*,*,#977,.T.);
#1503=ORIENTED_EDGE('',*,*,#974,.T.);
#1504=ORIENTED_EDGE('',*,*,#971,.T.);
#1505=ORIENTED_EDGE('',*,*,#968,.T.);
#1506=ORIENTED_EDGE('',*,*,#965,.T.);
#1507=ORIENTED_EDGE('',*,*,#962,.T.);
#1508=ORIENTED_EDGE('',*,*,#959,.T.);
#1509=ORIENTED_EDGE('',*,*,#956,.T.);
#1510=ORIENTED_EDGE('',*,*,#953,.T.);
#1511=ORIENTED_EDGE('',*,*,#950,.T.);
#1512=ORIENTED_EDGE('',*,*,#947,.T.);
#1513=ORIENTED_EDGE('',*,*,#944,.T.);
#1514=ORIENTED_EDGE('',*,*,#941,.T.);
#1515=ORIENTED_EDGE('',*,*,#938,.T.);
#1516=ORIENTED_EDGE('',*,*,#935,.T.);
#1517=ORIENTED_EDGE('',*,*,#932,.T.);
#1518=ORIENTED_EDGE('',*,*,#929,.T.);
#1519=ORIENTED_EDGE('',*,*,#926,.T.);
#1520=ORIENTED_EDGE('',*,*,#923,.T.);
#1521=ORIENTED_EDGE('',*,*,#920,.T.);
#1522=ORIENTED_EDGE('',*,*,#917,.T.);
#1523=ORIENTED_EDGE('',*,*,#914,.T.);
#1524=ORIENTED_EDGE('',*,*,#911,.T.);
#1525=ORIENTED_EDGE('',*,*,#908,.T.);
#1526=ORIENTED_EDGE('',*,*,#905,.T.);
#1527=ORIENTED_EDGE('',*,*,#902,.T.);
#1528=ORIENTED_EDGE('',*,*,#899,.T.);
#1529=ORIENTED_EDGE('',*,*,#896,.T.);
#1530=ORIENTED_EDGE('',*,*,#893,.T.);
#1531=ORIENTED_EDGE('',*,*,#890,.T.);
#1532=ORIENTED_EDGE('',*,*,#887,.T.);
#1533=ORIENTED_EDGE('',*,*,#884,.T.);
#1534=ORIENTED_EDGE('',*,*,#881,.T.);
#1535=ORIENTED_EDGE('',*,*,#878,.T.);
#1536=ORIENTED_EDGE('',*,*,#875,.T.);
#1537=ORIENTED_EDGE('',*,*,#872,.T.);
#1538=ORIENTED_EDGE('',*,*,#869,.T.);
#1539=ORIENTED_EDGE('',*,*,#866,.T.);
#1540=ORIENTED_EDGE('',*,*,#863,.T.);
#1541=ORIENTED_EDGE('',*,*,#860,.T.);
#1542=ORIENTED_EDGE('',*,*,#857,.T.);
#1543=ORIENTED_EDGE('',*,*,#854,.T.);
#1544=ORIENTED_EDGE('',*,*,#851,.T.);
#1545=ORIENTED_EDGE('',*,*,#848,.T.);
#1546=ORIENTED_EDGE('',*,*,#845,.T.);
#1547=ORIENTED_EDGE('',*,*,#842,.T.);
#1548=ORIENTED_EDGE('',*,*,#839,.T.);
#1549=ORIENTED_EDGE('',*,*,#836,.T.);
#1550=ORIENTED_EDGE('',*,*,#833,.T.);
#1551=ORIENTED_EDGE('',*,*,#1099,.F.);
#1552=ORIENTED_EDGE('',*,*,#831,.F.);
#1553=ORIENTED_EDGE('',*,*,#835,.F.);
#1554=ORIENTED_EDGE('',*,*,#838,.F.);
#1555=ORIENTED_EDGE('',*,*,#841,.F.);
#1556=ORIENTED_EDGE('',*,*,#844,.F.);
#1557=ORIENTED_EDGE('',*,*,#847,.F.);
#1558=ORIENTED_EDGE('',*,*,#850,.F.);
#1559=ORIENTED_EDGE('',*,*,#853,.F.);
#1560=ORIENTED_EDGE('',*,*,#856,.F.);
#1561=ORIENTED_EDGE('',*,*,#859,.F.);
#1562=ORIENTED_EDGE('',*,*,#862,.F.);
#1563=ORIENTED_EDGE('',*,*,#865,.F.);
#1564=ORIENTED_EDGE('',*,*,#868,.F.);
#1565=ORIENTED_EDGE('',*,*,#871,.F.);
#1566=ORIENTED_EDGE('',*,*,#874,.F.);
#1567=ORIENTED_EDGE('',*,*,#877,.F.);
#1568=ORIENTED_EDGE('',*,*,#880,.F.);
#1569=ORIENTED_EDGE('',*,*,#883,.F.);
#1570=ORIENTED_EDGE('',*,*,#886,.F.);
#1571=ORIENTED_EDGE('',*,*,#889,.F.);
#1572=ORIENTED_EDGE('',*,*,#892,.F.);
#1573=ORIENTED_EDGE('',*,*,#895,.F.);
#1574=ORIENTED_EDGE('',*,*,#898,.F.);
#1575=ORIENTED_EDGE('',*,*,#901,.F.);
#1576=ORIENTED_EDGE('',*,*,#904,.F.);
#1577=ORIENTED_EDGE('',*,*,#907,.F.);
#1578=ORIENTED_EDGE('',*,*,#910,.F.);
#1579=ORIENTED_EDGE('',*,*,#913,.F.);
#1580=ORIENTED_EDGE('',*,*,#916,.F.);
#1581=ORIENTED_EDGE('',*,*,#919,.F.);
#1582=ORIENTED_EDGE('',*,*,#922,.F.);
#1583=ORIENTED_EDGE('',*,*,#925,.F.);
#1584=ORIENTED_EDGE('',*,*,#928,.F.);
#1585=ORIENTED_EDGE('',*,*,#931,.F.);
#1586=ORIENTED_EDGE('',*,*,#934,.F.);
#1587=ORIENTED_EDGE('',*,*,#937,.F.);
#1588=ORIENTED_EDGE('',*,*,#940,.F.);
#1589=ORIENTED_EDGE('',*,*,#943,.F.);
#1590=ORIENTED_EDGE('',*,*,#946,.F.);
#1591=ORIENTED_EDGE('',*,*,#949,.F.);
#1592=ORIENTED_EDGE('',*,*,#952,.F.);
#1593=ORIENTED_EDGE('',*,*,#955,.F.);
#1594=ORIENTED_EDGE('',*,*,#958,.F.);
#1595=ORIENTED_EDGE('',*,*,#961,.F.);
#1596=ORIENTED_EDGE('',*,*,#964,.F.);
#1597=ORIENTED_EDGE('',*,*,#967,.F.);
#1598=ORIENTED_EDGE('',*,*,#970,.F.);
#1599=ORIENTED_EDGE('',*,*,#973,.F.);
#1600=ORIENTED_EDGE('',*,*,#976,.F.);
#1601=ORIENTED_EDGE('',*,*,#979,.F.);
#1602=ORIENTED_EDGE('',*,*,#982,.F.);
#1603=ORIENTED_EDGE('',*,*,#985,.F.);
#1604=ORIENTED_EDGE('',*,*,#988,.F.);
#1605=ORIENTED_EDGE('',*,*,#991,.F.);
#1606=ORIENTED_EDGE('',*,*,#994,.F.);
#1607=ORIENTED_EDGE('',*,*,#997,.F.);
#1608=ORIENTED_EDGE('',*,*,#1000,.F.);
#1609=ORIENTED_EDGE('',*,*,#1003,.F.);
#1610=ORIENTED_EDGE('',*,*,#1006,.F.);
#1611=ORIENTED_EDGE('',*,*,#1009,.F.);
#1612=ORIENTED_EDGE('',*,*,#1012,.F.);
#1613=ORIENTED_EDGE('',*,*,#1015,.F.);
#1614=ORIENTED_EDGE('',*,*,#1018,.F.);
#1615=ORIENTED_EDGE('',*,*,#1021,.F.);
#1616=ORIENTED_EDGE('',*,*,#1024,.F.);
#1617=ORIENTED_EDGE('',*,*,#1027,.F.);
#1618=ORIENTED_EDGE('',*,*,#1030,.F.);
#1619=ORIENTED_EDGE('',*,*,#1033,.F.);
#1620=ORIENTED_EDGE('',*,*,#1036,.F.);
#1621=ORIENTED_EDGE('',*,*,#1039,.F.);
#1622=ORIENTED_EDGE('',*,*,#1042,.F.);
#1623=ORIENTED_EDGE('',*,*,#1045,.F.);
#1624=ORIENTED_EDGE('',*,*,#1048,.F.);
#1625=ORIENTED_EDGE('',*,*,#1051,.F.);
#1626=ORIENTED_EDGE('',*,*,#1054,.F.);
#1627=ORIENTED_EDGE('',*,*,#1057,.F.);
#1628=ORIENTED_EDGE('',*,*,#1060,.F.);
#1629=ORIENTED_EDGE('',*,*,#1063,.F.);
#1630=ORIENTED_EDGE('',*,*,#1066,.F.);
#1631=ORIENTED_EDGE('',*,*,#1069,.F.);
#1632=ORIENTED_EDGE('',*,*,#1072,.F.);
#1633=ORIENTED_EDGE('',*,*,#1075,.F.);
#1634=ORIENTED_EDGE('',*,*,#1078,.F.);
#1635=ORIENTED_EDGE('',*,*,#1081,.F.);
#1636=ORIENTED_EDGE('',*,*,#1084,.F.);
#1637=ORIENTED_EDGE('',*,*,#1087,.F.);
#1638=ORIENTED_EDGE('',*,*,#1090,.F.);
#1639=ORIENTED_EDGE('',*,*,#1093,.F.);
#1640=ORIENTED_EDGE('',*,*,#1096,.F.);
#1641=CYLINDRICAL_SURFACE('',#1807,4.2823062003917);
#1642=CYLINDRICAL_SURFACE('',#1811,9.37504281439572);
#1643=CYLINDRICAL_SURFACE('',#1815,4.28230594869563);
#1644=CYLINDRICAL_SURFACE('',#1818,12.7502653535312);
#1645=CYLINDRICAL_SURFACE('',#1821,4.28230470467111);
#1646=CYLINDRICAL_SURFACE('',#1825,9.37504794841604);
#1647=CYLINDRICAL_SURFACE('',#1829,4.28230652964);
#1648=CYLINDRICAL_SURFACE('',#1832,12.750271406712);
#1649=CYLINDRICAL_SURFACE('',#1835,4.28230442986642);
#1650=CYLINDRICAL_SURFACE('',#1839,9.37504464148458);
#1651=CYLINDRICAL_SURFACE('',#1843,4.28230587170247);
#1652=CYLINDRICAL_SURFACE('',#1846,12.7502746338029);
#1653=CYLINDRICAL_SURFACE('',#1849,4.28230636776389);
#1654=CYLINDRICAL_SURFACE('',#1853,9.37504478943691);
#1655=CYLINDRICAL_SURFACE('',#1857,4.28230579704904);
#1656=CYLINDRICAL_SURFACE('',#1860,12.7502727424593);
#1657=CYLINDRICAL_SURFACE('',#1863,4.28230508779431);
#1658=CYLINDRICAL_SURFACE('',#1867,9.37504857946286);
#1659=CYLINDRICAL_SURFACE('',#1871,4.28230508779433);
#1660=CYLINDRICAL_SURFACE('',#1874,12.7502727424577);
#1661=CYLINDRICAL_SURFACE('',#1877,4.28230579704906);
#1662=CYLINDRICAL_SURFACE('',#1881,9.37504478943703);
#1663=CYLINDRICAL_SURFACE('',#1885,4.28230636776386);
#1664=CYLINDRICAL_SURFACE('',#1888,12.7502746338039);
#1665=CYLINDRICAL_SURFACE('',#1891,4.28230587170245);
#1666=CYLINDRICAL_SURFACE('',#1895,9.37504464148469);
#1667=CYLINDRICAL_SURFACE('',#1899,4.28230442986647);
#1668=CYLINDRICAL_SURFACE('',#1902,12.7502714067114);
#1669=CYLINDRICAL_SURFACE('',#1905,4.28230652963996);
#1670=CYLINDRICAL_SURFACE('',#1909,9.3750479484159);
#1671=CYLINDRICAL_SURFACE('',#1913,4.28230470467111);
#1672=CYLINDRICAL_SURFACE('',#1916,12.7502653535318);
#1673=CYLINDRICAL_SURFACE('',#1919,4.28230594869561);
#1674=CYLINDRICAL_SURFACE('',#1923,9.37504281439567);
#1675=CYLINDRICAL_SURFACE('',#1927,4.28230620039171);
#1676=CYLINDRICAL_SURFACE('',#1930,12.7502716941455);
#1677=CYLINDRICAL_SURFACE('',#1933,4.28230650470443);
#1678=CYLINDRICAL_SURFACE('',#1937,9.37504914796004);
#1679=CYLINDRICAL_SURFACE('',#1941,4.28230778454693);
#1680=CYLINDRICAL_SURFACE('',#1944,12.750276815955);
#1681=CYLINDRICAL_SURFACE('',#1947,4.28230527360651);
#1682=CYLINDRICAL_SURFACE('',#1951,9.37504320809132);
#1683=CYLINDRICAL_SURFACE('',#1955,4.28230514599911);
#1684=CYLINDRICAL_SURFACE('',#1958,12.7502821415164);
#1685=CYLINDRICAL_SURFACE('',#1961,4.28230567561655);
#1686=CYLINDRICAL_SURFACE('',#1965,9.37504134241144);
#1687=CYLINDRICAL_SURFACE('',#1969,4.28230570203349);
#1688=CYLINDRICAL_SURFACE('',#1972,12.750258786644);
#1689=CYLINDRICAL_SURFACE('',#1975,4.2823057020335);
#1690=CYLINDRICAL_SURFACE('',#1979,9.37504134241134);
#1691=CYLINDRICAL_SURFACE('',#1983,4.28230567561656);
#1692=CYLINDRICAL_SURFACE('',#1986,12.7502821415143);
#1693=CYLINDRICAL_SURFACE('',#1989,4.28230514599911);
#1694=CYLINDRICAL_SURFACE('',#1993,9.37504320809126);
#1695=CYLINDRICAL_SURFACE('',#1997,4.28230527360654);
#1696=CYLINDRICAL_SURFACE('',#2000,12.7502768159568);
#1697=CYLINDRICAL_SURFACE('',#2003,4.28230778454695);
#1698=CYLINDRICAL_SURFACE('',#2007,9.37504914795981);
#1699=CYLINDRICAL_SURFACE('',#2011,4.28230650470442);
#1700=CYLINDRICAL_SURFACE('',#2014,12.7502716941407);
#1701=ADVANCED_FACE('',(#47),#1641,.T.);
#1702=ADVANCED_FACE('',(#48),#15,.T.);
#1703=ADVANCED_FACE('',(#49),#1642,.T.);
#1704=ADVANCED_FACE('',(#50),#16,.T.);
#1705=ADVANCED_FACE('',(#51),#1643,.T.);
#1706=ADVANCED_FACE('',(#52),#1644,.T.);
#1707=ADVANCED_FACE('',(#53),#1645,.T.);
#1708=ADVANCED_FACE('',(#54),#17,.T.);
#1709=ADVANCED_FACE('',(#55),#1646,.T.);
#1710=ADVANCED_FACE('',(#56),#18,.T.);
#1711=ADVANCED_FACE('',(#57),#1647,.T.);
#1712=ADVANCED_FACE('',(#58),#1648,.T.);
#1713=ADVANCED_FACE('',(#59),#1649,.T.);
#1714=ADVANCED_FACE('',(#60),#19,.T.);
#1715=ADVANCED_FACE('',(#61),#1650,.T.);
#1716=ADVANCED_FACE('',(#62),#20,.T.);
#1717=ADVANCED_FACE('',(#63),#1651,.T.);
#1718=ADVANCED_FACE('',(#64),#1652,.T.);
#1719=ADVANCED_FACE('',(#65),#1653,.T.);
#1720=ADVANCED_FACE('',(#66),#21,.T.);
#1721=ADVANCED_FACE('',(#67),#1654,.T.);
#1722=ADVANCED_FACE('',(#68),#22,.T.);
#1723=ADVANCED_FACE('',(#69),#1655,.T.);
#1724=ADVANCED_FACE('',(#70),#1656,.T.);
#1725=ADVANCED_FACE('',(#71),#1657,.T.);
#1726=ADVANCED_FACE('',(#72),#23,.T.);
#1727=ADVANCED_FACE('',(#73),#1658,.T.);
#1728=ADVANCED_FACE('',(#74),#24,.T.);
#1729=ADVANCED_FACE('',(#75),#1659,.T.);
#1730=ADVANCED_FACE('',(#76),#1660,.T.);
#1731=ADVANCED_FACE('',(#77),#1661,.T.);
#1732=ADVANCED_FACE('',(#78),#25,.T.);
#1733=ADVANCED_FACE('',(#79),#1662,.T.);
#1734=ADVANCED_FACE('',(#80),#26,.T.);
#1735=ADVANCED_FACE('',(#81),#1663,.T.);
#1736=ADVANCED_FACE('',(#82),#1664,.T.);
#1737=ADVANCED_FACE('',(#83),#1665,.T.);
#1738=ADVANCED_FACE('',(#84),#27,.T.);
#1739=ADVANCED_FACE('',(#85),#1666,.T.);
#1740=ADVANCED_FACE('',(#86),#28,.T.);
#1741=ADVANCED_FACE('',(#87),#1667,.T.);
#1742=ADVANCED_FACE('',(#88),#1668,.T.);
#1743=ADVANCED_FACE('',(#89),#1669,.T.);
#1744=ADVANCED_FACE('',(#90),#29,.T.);
#1745=ADVANCED_FACE('',(#91),#1670,.T.);
#1746=ADVANCED_FACE('',(#92),#30,.T.);
#1747=ADVANCED_FACE('',(#93),#1671,.T.);
#1748=ADVANCED_FACE('',(#94),#1672,.T.);
#1749=ADVANCED_FACE('',(#95),#1673,.T.);
#1750=ADVANCED_FACE('',(#96),#31,.T.);
#1751=ADVANCED_FACE('',(#97),#1674,.T.);
#1752=ADVANCED_FACE('',(#98),#32,.T.);
#1753=ADVANCED_FACE('',(#99),#1675,.T.);
#1754=ADVANCED_FACE('',(#100),#1676,.T.);
#1755=ADVANCED_FACE('',(#101),#1677,.T.);
#1756=ADVANCED_FACE('',(#102),#33,.T.);
#1757=ADVANCED_FACE('',(#103),#1678,.T.);
#1758=ADVANCED_FACE('',(#104),#34,.T.);
#1759=ADVANCED_FACE('',(#105),#1679,.T.);
#1760=ADVANCED_FACE('',(#106),#1680,.T.);
#1761=ADVANCED_FACE('',(#107),#1681,.T.);
#1762=ADVANCED_FACE('',(#108),#35,.T.);
#1763=ADVANCED_FACE('',(#109),#1682,.T.);
#1764=ADVANCED_FACE('',(#110),#36,.T.);
#1765=ADVANCED_FACE('',(#111),#1683,.T.);
#1766=ADVANCED_FACE('',(#112),#1684,.T.);
#1767=ADVANCED_FACE('',(#113),#1685,.T.);
#1768=ADVANCED_FACE('',(#114),#37,.T.);
#1769=ADVANCED_FACE('',(#115),#1686,.T.);
#1770=ADVANCED_FACE('',(#116),#38,.T.);
#1771=ADVANCED_FACE('',(#117),#1687,.T.);
#1772=ADVANCED_FACE('',(#118),#1688,.T.);
#1773=ADVANCED_FACE('',(#119),#1689,.T.);
#1774=ADVANCED_FACE('',(#120),#39,.T.);
#1775=ADVANCED_FACE('',(#121),#1690,.T.);
#1776=ADVANCED_FACE('',(#122),#40,.T.);
#1777=ADVANCED_FACE('',(#123),#1691,.T.);
#1778=ADVANCED_FACE('',(#124),#1692,.T.);
#1779=ADVANCED_FACE('',(#125),#1693,.T.);
#1780=ADVANCED_FACE('',(#126),#41,.T.);
#1781=ADVANCED_FACE('',(#127),#1694,.T.);
#1782=ADVANCED_FACE('',(#128),#42,.T.);
#1783=ADVANCED_FACE('',(#129),#1695,.T.);
#1784=ADVANCED_FACE('',(#130),#1696,.T.);
#1785=ADVANCED_FACE('',(#131),#1697,.T.);
#1786=ADVANCED_FACE('',(#132),#43,.T.);
#1787=ADVANCED_FACE('',(#133),#1698,.T.);
#1788=ADVANCED_FACE('',(#134),#44,.T.);
#1789=ADVANCED_FACE('',(#135),#1699,.T.);
#1790=ADVANCED_FACE('',(#136),#1700,.T.);
#1791=ADVANCED_FACE('',(#137),#45,.T.);
#1792=ADVANCED_FACE('',(#138),#46,.F.);
#1793=CLOSED_SHELL('',(#1701,#1702,#1703,#1704,#1705,#1706,#1707,#1708,
#1709,#1710,#1711,#1712,#1713,#1714,#1715,#1716,#1717,#1718,#1719,#1720,
#1721,#1722,#1723,#1724,#1725,#1726,#1727,#1728,#1729,#1730,#1731,#1732,
#1733,#1734,#1735,#1736,#1737,#1738,#1739,#1740,#1741,#1742,#1743,#1744,
#1745,#1746,#1747,#1748,#1749,#1750,#1751,#1752,#1753,#1754,#1755,#1756,
#1757,#1758,#1759,#1760,#1761,#1762,#1763,#1764,#1765,#1766,#1767,#1768,
#1769,#1770,#1771,#1772,#1773,#1774,#1775,#1776,#1777,#1778,#1779,#1780,
#1781,#1782,#1783,#1784,#1785,#1786,#1787,#1788,#1789,#1790,#1791,#1792));
#1794=DERIVED_UNIT_ELEMENT(#1796,1.);
#1795=DERIVED_UNIT_ELEMENT(#3143,-3.);
#1796=(
MASS_UNIT()
NAMED_UNIT(*)
SI_UNIT(.KILO.,.GRAM.)
);
#1797=DERIVED_UNIT((#1794,#1795));
#1798=MEASURE_REPRESENTATION_ITEM('density measure',
POSITIVE_RATIO_MEASURE(7850.),#1797);
#1799=PROPERTY_DEFINITION_REPRESENTATION(#1804,#1801);
#1800=PROPERTY_DEFINITION_REPRESENTATION(#1805,#1802);
#1801=REPRESENTATION('material name',(#1803),#3140);
#1802=REPRESENTATION('density',(#1798),#3140);
#1803=DESCRIPTIVE_REPRESENTATION_ITEM('Steel','Steel');
#1804=PROPERTY_DEFINITION('material property','material name',#3150);
#1805=PROPERTY_DEFINITION('material property','density of part',#3150);
#1806=AXIS2_PLACEMENT_3D('',#2595,#2019,#2020);
#1807=AXIS2_PLACEMENT_3D('',#2596,#2021,#2022);
#1808=AXIS2_PLACEMENT_3D('',#2599,#2023,#2024);
#1809=AXIS2_PLACEMENT_3D('',#2603,#2026,#2027);
#1810=AXIS2_PLACEMENT_3D('',#2605,#2029,#2030);
#1811=AXIS2_PLACEMENT_3D('',#2611,#2034,#2035);
#1812=AXIS2_PLACEMENT_3D('',#2613,#2036,#2037);
#1813=AXIS2_PLACEMENT_3D('',#2615,#2038,#2039);
#1814=AXIS2_PLACEMENT_3D('',#2617,#2041,#2042);
#1815=AXIS2_PLACEMENT_3D('',#2623,#2046,#2047);
#1816=AXIS2_PLACEMENT_3D('',#2625,#2048,#2049);
#1817=AXIS2_PLACEMENT_3D('',#2627,#2050,#2051);
#1818=AXIS2_PLACEMENT_3D('',#2629,#2053,#2054);
#1819=AXIS2_PLACEMENT_3D('',#2631,#2055,#2056);
#1820=AXIS2_PLACEMENT_3D('',#2633,#2057,#2058);
#1821=AXIS2_PLACEMENT_3D('',#2635,#2060,#2061);
#1822=AXIS2_PLACEMENT_3D('',#2637,#2062,#2063);
#1823=AXIS2_PLACEMENT_3D('',#2639,#2064,#2065);
#1824=AXIS2_PLACEMENT_3D('',#2641,#2067,#2068);
#1825=AXIS2_PLACEMENT_3D('',#2647,#2072,#2073);
#1826=AXIS2_PLACEMENT_3D('',#2649,#2074,#2075);
#1827=AXIS2_PLACEMENT_3D('',#2651,#2076,#2077);
#1828=AXIS2_PLACEMENT_3D('',#2653,#2079,#2080);
#1829=AXIS2_PLACEMENT_3D('',#2659,#2084,#2085);
#1830=AXIS2_PLACEMENT_3D('',#2661,#2086,#2087);
#1831=AXIS2_PLACEMENT_3D('',#2663,#2088,#2089);
#1832=AXIS2_PLACEMENT_3D('',#2665,#2091,#2092);
#1833=AXIS2_PLACEMENT_3D('',#2667,#2093,#2094);
#1834=AXIS2_PLACEMENT_3D('',#2669,#2095,#2096);
#1835=AXIS2_PLACEMENT_3D('',#2671,#2098,#2099);
#1836=AXIS2_PLACEMENT_3D('',#2673,#2100,#2101);
#1837=AXIS2_PLACEMENT_3D('',#2675,#2102,#2103);
#1838=AXIS2_PLACEMENT_3D('',#2677,#2105,#2106);
#1839=AXIS2_PLACEMENT_3D('',#2683,#2110,#2111);
#1840=AXIS2_PLACEMENT_3D('',#2685,#2112,#2113);
#1841=AXIS2_PLACEMENT_3D('',#2687,#2114,#2115);
#1842=AXIS2_PLACEMENT_3D('',#2689,#2117,#2118);
#1843=AXIS2_PLACEMENT_3D('',#2695,#2122,#2123);
#1844=AXIS2_PLACEMENT_3D('',#2697,#2124,#2125);
#1845=AXIS2_PLACEMENT_3D('',#2699,#2126,#2127);
#1846=AXIS2_PLACEMENT_3D('',#2701,#2129,#2130);
#1847=AXIS2_PLACEMENT_3D('',#2703,#2131,#2132);
#1848=AXIS2_PLACEMENT_3D('',#2705,#2133,#2134);
#1849=AXIS2_PLACEMENT_3D('',#2707,#2136,#2137);
#1850=AXIS2_PLACEMENT_3D('',#2709,#2138,#2139);
#1851=AXIS2_PLACEMENT_3D('',#2711,#2140,#2141);
#1852=AXIS2_PLACEMENT_3D('',#2713,#2143,#2144);
#1853=AXIS2_PLACEMENT_3D('',#2719,#2148,#2149);
#1854=AXIS2_PLACEMENT_3D('',#2721,#2150,#2151);
#1855=AXIS2_PLACEMENT_3D('',#2723,#2152,#2153);
#1856=AXIS2_PLACEMENT_3D('',#2725,#2155,#2156);
#1857=AXIS2_PLACEMENT_3D('',#2731,#2160,#2161);
#1858=AXIS2_PLACEMENT_3D('',#2733,#2162,#2163);
#1859=AXIS2_PLACEMENT_3D('',#2735,#2164,#2165);
#1860=AXIS2_PLACEMENT_3D('',#2737,#2167,#2168);
#1861=AXIS2_PLACEMENT_3D('',#2739,#2169,#2170);
#1862=AXIS2_PLACEMENT_3D('',#2741,#2171,#2172);
#1863=AXIS2_PLACEMENT_3D('',#2743,#2174,#2175);
#1864=AXIS2_PLACEMENT_3D('',#2745,#2176,#2177);
#1865=AXIS2_PLACEMENT_3D('',#2747,#2178,#2179);
#1866=AXIS2_PLACEMENT_3D('',#2749,#2181,#2182);
#1867=AXIS2_PLACEMENT_3D('',#2755,#2186,#2187);
#1868=AXIS2_PLACEMENT_3D('',#2757,#2188,#2189);
#1869=AXIS2_PLACEMENT_3D('',#2759,#2190,#2191);
#1870=AXIS2_PLACEMENT_3D('',#2761,#2193,#2194);
#1871=AXIS2_PLACEMENT_3D('',#2767,#2198,#2199);
#1872=AXIS2_PLACEMENT_3D('',#2769,#2200,#2201);
#1873=AXIS2_PLACEMENT_3D('',#2771,#2202,#2203);
#1874=AXIS2_PLACEMENT_3D('',#2773,#2205,#2206);
#1875=AXIS2_PLACEMENT_3D('',#2775,#2207,#2208);
#1876=AXIS2_PLACEMENT_3D('',#2777,#2209,#2210);
#1877=AXIS2_PLACEMENT_3D('',#2779,#2212,#2213);
#1878=AXIS2_PLACEMENT_3D('',#2781,#2214,#2215);
#1879=AXIS2_PLACEMENT_3D('',#2783,#2216,#2217);
#1880=AXIS2_PLACEMENT_3D('',#2785,#2219,#2220);
#1881=AXIS2_PLACEMENT_3D('',#2791,#2224,#2225);
#1882=AXIS2_PLACEMENT_3D('',#2793,#2226,#2227);
#1883=AXIS2_PLACEMENT_3D('',#2795,#2228,#2229);
#1884=AXIS2_PLACEMENT_3D('',#2797,#2231,#2232);
#1885=AXIS2_PLACEMENT_3D('',#2803,#2236,#2237);
#1886=AXIS2_PLACEMENT_3D('',#2805,#2238,#2239);
#1887=AXIS2_PLACEMENT_3D('',#2807,#2240,#2241);
#1888=AXIS2_PLACEMENT_3D('',#2809,#2243,#2244);
#1889=AXIS2_PLACEMENT_3D('',#2811,#2245,#2246);
#1890=AXIS2_PLACEMENT_3D('',#2813,#2247,#2248);
#1891=AXIS2_PLACEMENT_3D('',#2815,#2250,#2251);
#1892=AXIS2_PLACEMENT_3D('',#2817,#2252,#2253);
#1893=AXIS2_PLACEMENT_3D('',#2819,#2254,#2255);
#1894=AXIS2_PLACEMENT_3D('',#2821,#2257,#2258);
#1895=AXIS2_PLACEMENT_3D('',#2827,#2262,#2263);
#1896=AXIS2_PLACEMENT_3D('',#2829,#2264,#2265);
#1897=AXIS2_PLACEMENT_3D('',#2831,#2266,#2267);
#1898=AXIS2_PLACEMENT_3D('',#2833,#2269,#2270);
#1899=AXIS2_PLACEMENT_3D('',#2839,#2274,#2275);
#1900=AXIS2_PLACEMENT_3D('',#2841,#2276,#2277);
#1901=AXIS2_PLACEMENT_3D('',#2843,#2278,#2279);
#1902=AXIS2_PLACEMENT_3D('',#2845,#2281,#2282);
#1903=AXIS2_PLACEMENT_3D('',#2847,#2283,#2284);
#1904=AXIS2_PLACEMENT_3D('',#2849,#2285,#2286);
#1905=AXIS2_PLACEMENT_3D('',#2851,#2288,#2289);
#1906=AXIS2_PLACEMENT_3D('',#2853,#2290,#2291);
#1907=AXIS2_PLACEMENT_3D('',#2855,#2292,#2293);
#1908=AXIS2_PLACEMENT_3D('',#2857,#2295,#2296);
#1909=AXIS2_PLACEMENT_3D('',#2863,#2300,#2301);
#1910=AXIS2_PLACEMENT_3D('',#2865,#2302,#2303);
#1911=AXIS2_PLACEMENT_3D('',#2867,#2304,#2305);
#1912=AXIS2_PLACEMENT_3D('',#2869,#2307,#2308);
#1913=AXIS2_PLACEMENT_3D('',#2875,#2312,#2313);
#1914=AXIS2_PLACEMENT_3D('',#2877,#2314,#2315);
#1915=AXIS2_PLACEMENT_3D('',#2879,#2316,#2317);
#1916=AXIS2_PLACEMENT_3D('',#2881,#2319,#2320);
#1917=AXIS2_PLACEMENT_3D('',#2883,#2321,#2322);
#1918=AXIS2_PLACEMENT_3D('',#2885,#2323,#2324);
#1919=AXIS2_PLACEMENT_3D('',#2887,#2326,#2327);
#1920=AXIS2_PLACEMENT_3D('',#2889,#2328,#2329);
#1921=AXIS2_PLACEMENT_3D('',#2891,#2330,#2331);
#1922=AXIS2_PLACEMENT_3D('',#2893,#2333,#2334);
#1923=AXIS2_PLACEMENT_3D('',#2899,#2338,#2339);
#1924=AXIS2_PLACEMENT_3D('',#2901,#2340,#2341);
#1925=AXIS2_PLACEMENT_3D('',#2903,#2342,#2343);
#1926=AXIS2_PLACEMENT_3D('',#2905,#2345,#2346);
#1927=AXIS2_PLACEMENT_3D('',#2911,#2350,#2351);
#1928=AXIS2_PLACEMENT_3D('',#2913,#2352,#2353);
#1929=AXIS2_PLACEMENT_3D('',#2915,#2354,#2355);
#1930=AXIS2_PLACEMENT_3D('',#2917,#2357,#2358);
#1931=AXIS2_PLACEMENT_3D('',#2919,#2359,#2360);
#1932=AXIS2_PLACEMENT_3D('',#2921,#2361,#2362);
#1933=AXIS2_PLACEMENT_3D('',#2923,#2364,#2365);
#1934=AXIS2_PLACEMENT_3D('',#2925,#2366,#2367);
#1935=AXIS2_PLACEMENT_3D('',#2927,#2368,#2369);
#1936=AXIS2_PLACEMENT_3D('',#2929,#2371,#2372);
#1937=AXIS2_PLACEMENT_3D('',#2935,#2376,#2377);
#1938=AXIS2_PLACEMENT_3D('',#2937,#2378,#2379);
#1939=AXIS2_PLACEMENT_3D('',#2939,#2380,#2381);
#1940=AXIS2_PLACEMENT_3D('',#2941,#2383,#2384);
#1941=AXIS2_PLACEMENT_3D('',#2947,#2388,#2389);
#1942=AXIS2_PLACEMENT_3D('',#2949,#2390,#2391);
#1943=AXIS2_PLACEMENT_3D('',#2951,#2392,#2393);
#1944=AXIS2_PLACEMENT_3D('',#2953,#2395,#2396);
#1945=AXIS2_PLACEMENT_3D('',#2955,#2397,#2398);
#1946=AXIS2_PLACEMENT_3D('',#2957,#2399,#2400);
#1947=AXIS2_PLACEMENT_3D('',#2959,#2402,#2403);
#1948=AXIS2_PLACEMENT_3D('',#2961,#2404,#2405);
#1949=AXIS2_PLACEMENT_3D('',#2963,#2406,#2407);
#1950=AXIS2_PLACEMENT_3D('',#2965,#2409,#2410);
#1951=AXIS2_PLACEMENT_3D('',#2971,#2414,#2415);
#1952=AXIS2_PLACEMENT_3D('',#2973,#2416,#2417);
#1953=AXIS2_PLACEMENT_3D('',#2975,#2418,#2419);
#1954=AXIS2_PLACEMENT_3D('',#2977,#2421,#2422);
#1955=AXIS2_PLACEMENT_3D('',#2983,#2426,#2427);
#1956=AXIS2_PLACEMENT_3D('',#2985,#2428,#2429);
#1957=AXIS2_PLACEMENT_3D('',#2987,#2430,#2431);
#1958=AXIS2_PLACEMENT_3D('',#2989,#2433,#2434);
#1959=AXIS2_PLACEMENT_3D('',#2991,#2435,#2436);
#1960=AXIS2_PLACEMENT_3D('',#2993,#2437,#2438);
#1961=AXIS2_PLACEMENT_3D('',#2995,#2440,#2441);
#1962=AXIS2_PLACEMENT_3D('',#2997,#2442,#2443);
#1963=AXIS2_PLACEMENT_3D('',#2999,#2444,#2445);
#1964=AXIS2_PLACEMENT_3D('',#3001,#2447,#2448);
#1965=AXIS2_PLACEMENT_3D('',#3007,#2452,#2453);
#1966=AXIS2_PLACEMENT_3D('',#3009,#2454,#2455);
#1967=AXIS2_PLACEMENT_3D('',#3011,#2456,#2457);
#1968=AXIS2_PLACEMENT_3D('',#3013,#2459,#2460);
#1969=AXIS2_PLACEMENT_3D('',#3019,#2464,#2465);
#1970=AXIS2_PLACEMENT_3D('',#3021,#2466,#2467);
#1971=AXIS2_PLACEMENT_3D('',#3023,#2468,#2469);
#1972=AXIS2_PLACEMENT_3D('',#3025,#2471,#2472);
#1973=AXIS2_PLACEMENT_3D('',#3027,#2473,#2474);
#1974=AXIS2_PLACEMENT_3D('',#3029,#2475,#2476);
#1975=AXIS2_PLACEMENT_3D('',#3031,#2478,#2479);
#1976=AXIS2_PLACEMENT_3D('',#3033,#2480,#2481);
#1977=AXIS2_PLACEMENT_3D('',#3035,#2482,#2483);
#1978=AXIS2_PLACEMENT_3D('',#3037,#2485,#2486);
#1979=AXIS2_PLACEMENT_3D('',#3043,#2490,#2491);
#1980=AXIS2_PLACEMENT_3D('',#3045,#2492,#2493);
#1981=AXIS2_PLACEMENT_3D('',#3047,#2494,#2495);
#1982=AXIS2_PLACEMENT_3D('',#3049,#2497,#2498);
#1983=AXIS2_PLACEMENT_3D('',#3055,#2502,#2503);
#1984=AXIS2_PLACEMENT_3D('',#3057,#2504,#2505);
#1985=AXIS2_PLACEMENT_3D('',#3059,#2506,#2507);
#1986=AXIS2_PLACEMENT_3D('',#3061,#2509,#2510);
#1987=AXIS2_PLACEMENT_3D('',#3063,#2511,#2512);
#1988=AXIS2_PLACEMENT_3D('',#3065,#2513,#2514);
#1989=AXIS2_PLACEMENT_3D('',#3067,#2516,#2517);
#1990=AXIS2_PLACEMENT_3D('',#3069,#2518,#2519);
#1991=AXIS2_PLACEMENT_3D('',#3071,#2520,#2521);
#1992=AXIS2_PLACEMENT_3D('',#3073,#2523,#2524);
#1993=AXIS2_PLACEMENT_3D('',#3079,#2528,#2529);
#1994=AXIS2_PLACEMENT_3D('',#3081,#2530,#2531);
#1995=AXIS2_PLACEMENT_3D('',#3083,#2532,#2533);
#1996=AXIS2_PLACEMENT_3D('',#3085,#2535,#2536);
#1997=AXIS2_PLACEMENT_3D('',#3091,#2540,#2541);
#1998=AXIS2_PLACEMENT_3D('',#3093,#2542,#2543);
#1999=AXIS2_PLACEMENT_3D('',#3095,#2544,#2545);
#2000=AXIS2_PLACEMENT_3D('',#3097,#2547,#2548);
#2001=AXIS2_PLACEMENT_3D('',#3099,#2549,#2550);
#2002=AXIS2_PLACEMENT_3D('',#3101,#2551,#2552);
#2003=AXIS2_PLACEMENT_3D('',#3103,#2554,#2555);
#2004=AXIS2_PLACEMENT_3D('',#3105,#2556,#2557);
#2005=AXIS2_PLACEMENT_3D('',#3107,#2558,#2559);
#2006=AXIS2_PLACEMENT_3D('',#3109,#2561,#2562);
#2007=AXIS2_PLACEMENT_3D('',#3115,#2566,#2567);
#2008=AXIS2_PLACEMENT_3D('',#3117,#2568,#2569);
#2009=AXIS2_PLACEMENT_3D('',#3119,#2570,#2571);
#2010=AXIS2_PLACEMENT_3D('',#3121,#2573,#2574);
#2011=AXIS2_PLACEMENT_3D('',#3127,#2578,#2579);
#2012=AXIS2_PLACEMENT_3D('',#3129,#2580,#2581);
#2013=AXIS2_PLACEMENT_3D('',#3131,#2582,#2583);
#2014=AXIS2_PLACEMENT_3D('',#3133,#2585,#2586);
#2015=AXIS2_PLACEMENT_3D('',#3134,#2587,#2588);
#2016=AXIS2_PLACEMENT_3D('',#3135,#2589,#2590);
#2017=AXIS2_PLACEMENT_3D('',#3136,#2591,#2592);
#2018=AXIS2_PLACEMENT_3D('',#3137,#2593,#2594);
#2019=DIRECTION('axis',(0.,0.,1.));
#2020=DIRECTION('refdir',(1.,0.,0.));
#2021=DIRECTION('center_axis',(0.,0.,1.));
#2022=DIRECTION('ref_axis',(-0.931388288456595,-0.364027273876415,0.));
#2023=DIRECTION('center_axis',(0.,0.,1.));
#2024=DIRECTION('ref_axis',(-0.931388288456595,-0.364027273876415,0.));
#2025=DIRECTION('',(0.,0.,1.));
#2026=DIRECTION('center_axis',(0.,0.,1.));
#2027=DIRECTION('ref_axis',(-0.931388288456595,-0.364027273876415,0.));
#2028=DIRECTION('',(0.,0.,1.));
#2029=DIRECTION('center_axis',(-0.979380604955429,-0.202023836804317,0.));
#2030=DIRECTION('ref_axis',(0.202023836804317,-0.979380604955429,0.));
#2031=DIRECTION('',(0.202023836804317,-0.979380604955429,0.));
#2032=DIRECTION('',(0.202023836804317,-0.979380604955429,0.));
#2033=DIRECTION('',(0.,0.,1.));
#2034=DIRECTION('center_axis',(0.,0.,1.));
#2035=DIRECTION('ref_axis',(0.00601575100531642,-0.99998190520621,0.));
#2036=DIRECTION('center_axis',(0.,0.,1.));
#2037=DIRECTION('ref_axis',(0.00601575100531642,-0.99998190520621,0.));
#2038=DIRECTION('center_axis',(0.,0.,1.));
#2039=DIRECTION('ref_axis',(0.00601575100531642,-0.99998190520621,0.));
#2040=DIRECTION('',(0.,0.,1.));
#2041=DIRECTION('center_axis',(0.999981905722316,0.00601566521389062,0.));
#2042=DIRECTION('ref_axis',(-0.00601566521389062,0.999981905722316,0.));
#2043=DIRECTION('',(-0.00601566521389062,0.999981905722316,0.));
#2044=DIRECTION('',(-0.00601566521389062,0.999981905722316,0.));
#2045=DIRECTION('',(0.,0.,1.));
#2046=DIRECTION('center_axis',(0.,0.,1.));
#2047=DIRECTION('ref_axis',(0.748785116602189,-0.662812831163554,0.));
#2048=DIRECTION('center_axis',(0.,0.,1.));
#2049=DIRECTION('ref_axis',(0.748785116602189,-0.662812831163554,0.));
#2050=DIRECTION('center_axis',(0.,0.,1.));
#2051=DIRECTION('ref_axis',(0.748785116602189,-0.662812831163554,0.));
#2052=DIRECTION('',(0.,0.,1.));
#2053=DIRECTION('center_axis',(0.,0.,1.));
#2054=DIRECTION('ref_axis',(-0.134037259416445,-0.990976292899143,0.));
#2055=DIRECTION('center_axis',(0.,0.,1.));
#2056=DIRECTION('ref_axis',(-0.134037259416445,-0.990976292899143,0.));
#2057=DIRECTION('center_axis',(0.,0.,1.));
#2058=DIRECTION('ref_axis',(-0.134037259416445,-0.990976292899143,0.));
#2059=DIRECTION('',(0.,0.,1.));
#2060=DIRECTION('center_axis',(0.,0.,1.));
#2061=DIRECTION('ref_axis',(-0.998928760094276,0.0462745314024185,0.));
#2062=DIRECTION('center_axis',(0.,0.,1.));
#2063=DIRECTION('ref_axis',(-0.998928760094276,0.0462745314024185,0.));
#2064=DIRECTION('center_axis',(0.,0.,1.));
#2065=DIRECTION('ref_axis',(-0.998928760094276,0.0462745314024185,0.));
#2066=DIRECTION('',(0.,0.,1.));
#2067=DIRECTION('center_axis',(-0.976879223601973,0.213791914007071,0.));
#2068=DIRECTION('ref_axis',(-0.213791914007071,-0.976879223601973,0.));
#2069=DIRECTION('',(-0.213791914007071,-0.976879223601973,0.));
#2070=DIRECTION('',(-0.213791914007071,-0.976879223601973,0.));
#2071=DIRECTION('',(0.,0.,1.));
#2072=DIRECTION('center_axis',(0.,0.,1.));
#2073=DIRECTION('ref_axis',(-0.401233309822417,-0.915975890015097,0.));
#2074=DIRECTION('center_axis',(0.,0.,1.));
#2075=DIRECTION('ref_axis',(-0.401233309822417,-0.915975890015097,0.));
#2076=DIRECTION('center_axis',(0.,0.,1.));
#2077=DIRECTION('ref_axis',(-0.401233309822417,-0.915975890015097,0.));
#2078=DIRECTION('',(0.,0.,1.));
#2079=DIRECTION('center_axis',(0.915975654715728,-0.401233846987133,0.));
#2080=DIRECTION('ref_axis',(0.401233846987133,0.915975654715728,0.));
#2081=DIRECTION('',(0.401233846987133,0.915975654715728,0.));
#2082=DIRECTION('',(0.401233846987133,0.915975654715728,0.));
#2083=DIRECTION('',(0.,0.,1.));
#2084=DIRECTION('center_axis',(0.,0.,1.));
#2085=DIRECTION('ref_axis',(0.414459286776723,-0.910067854395776,0.));
#2086=DIRECTION('center_axis',(0.,0.,1.));
#2087=DIRECTION('ref_axis',(0.414459286776723,-0.910067854395776,0.));
#2088=DIRECTION('center_axis',(0.,0.,1.));
#2089=DIRECTION('ref_axis',(0.414459286776723,-0.910067854395776,0.));
#2090=DIRECTION('',(0.,0.,1.));
#2091=DIRECTION('center_axis',(0.,0.,1.));
#2092=DIRECTION('ref_axis',(-0.525516034462398,-0.850783696084331,0.));
#2093=DIRECTION('center_axis',(0.,0.,1.));
#2094=DIRECTION('ref_axis',(-0.525516034462398,-0.850783696084331,0.));
#2095=DIRECTION('center_axis',(0.,0.,1.));
#2096=DIRECTION('ref_axis',(-0.525516034462398,-0.850783696084331,0.));
#2097=DIRECTION('',(0.,0.,1.));
#2098=DIRECTION('center_axis',(0.,0.,1.));
#2099=DIRECTION('ref_axis',(-0.893745390896429,0.448574605000538,0.));
#2100=DIRECTION('center_axis',(0.,0.,1.));
#2101=DIRECTION('ref_axis',(-0.893745390896429,0.448574605000538,0.));
#2102=DIRECTION('center_axis',(0.,0.,1.));
#2103=DIRECTION('ref_axis',(-0.893745390896429,0.448574605000538,0.));
#2104=DIRECTION('',(0.,0.,1.));
#2105=DIRECTION('center_axis',(-0.805466333868885,0.592641531622462,0.));
#2106=DIRECTION('ref_axis',(-0.592641531622462,-0.805466333868885,0.));
#2107=DIRECTION('',(-0.592641531622462,-0.805466333868885,0.));
#2108=DIRECTION('',(-0.592641531622462,-0.805466333868885,0.));
#2109=DIRECTION('',(0.,0.,1.));
#2110=DIRECTION('center_axis',(0.,0.,1.));
#2111=DIRECTION('ref_axis',(-0.739105717662877,-0.673589443294684,0.));
#2112=DIRECTION('center_axis',(0.,0.,1.));
#2113=DIRECTION('ref_axis',(-0.739105717662877,-0.673589443294684,0.));
#2114=DIRECTION('center_axis',(0.,0.,1.));
#2115=DIRECTION('ref_axis',(-0.739105717662877,-0.673589443294684,0.));
#2116=DIRECTION('',(0.,0.,1.));
#2117=DIRECTION('center_axis',(0.673588557423464,-0.739106525007171,0.));
#2118=DIRECTION('ref_axis',(0.739106525007171,0.673588557423464,0.));
#2119=DIRECTION('',(0.739106525007171,0.673588557423464,0.));
#2120=DIRECTION('',(0.739106525007171,0.673588557423464,0.));
#2121=DIRECTION('',(0.,0.,1.));
#2122=DIRECTION('center_axis',(0.,0.,1.));
#2123=DIRECTION('ref_axis',(0.00846948721717712,-0.999964133249927,0.));
#2124=DIRECTION('center_axis',(0.,0.,1.));
#2125=DIRECTION('ref_axis',(0.00846948721717712,-0.999964133249927,0.));
#2126=DIRECTION('center_axis',(0.,0.,1.));
#2127=DIRECTION('ref_axis',(0.00846948721717712,-0.999964133249927,0.));
#2128=DIRECTION('',(0.,0.,1.));
#2129=DIRECTION('center_axis',(0.,0.,1.));
#2130=DIRECTION('ref_axis',(-0.826127242058347,-0.563483611056319,0.));
#2131=DIRECTION('center_axis',(0.,0.,1.));
#2132=DIRECTION('ref_axis',(-0.826127242058347,-0.563483611056319,0.));
#2133=DIRECTION('center_axis',(0.,0.,1.));
#2134=DIRECTION('ref_axis',(-0.826127242058347,-0.563483611056319,0.));
#2135=DIRECTION('',(0.,0.,1.));
#2136=DIRECTION('center_axis',(0.,0.,1.));
#2137=DIRECTION('ref_axis',(-0.63402536419505,0.773312251006884,0.));
#2138=DIRECTION('center_axis',(0.,0.,1.));
#2139=DIRECTION('ref_axis',(-0.63402536419505,0.773312251006884,0.));
#2140=DIRECTION('center_axis',(0.,0.,1.));
#2141=DIRECTION('ref_axis',(-0.63402536419505,0.773312251006884,0.));
#2142=DIRECTION('',(0.,0.,1.));
#2143=DIRECTION('center_axis',(-0.494780907230338,0.869017752315983,0.));
#2144=DIRECTION('ref_axis',(-0.869017752315983,-0.494780907230338,0.));
#2145=DIRECTION('',(-0.869017752315983,-0.494780907230338,0.));
#2146=DIRECTION('',(-0.869017752315983,-0.494780907230338,0.));
#2147=DIRECTION('',(0.,0.,1.));
#2148=DIRECTION('center_axis',(0.,0.,1.));
#2149=DIRECTION('ref_axis',(-0.949180244640974,-0.314733003009376,0.));
#2150=DIRECTION('center_axis',(0.,0.,1.));
#2151=DIRECTION('ref_axis',(-0.949180244640974,-0.314733003009376,0.));
#2152=DIRECTION('center_axis',(0.,0.,1.));
#2153=DIRECTION('ref_axis',(-0.949180244640974,-0.314733003009376,0.));
#2154=DIRECTION('',(0.,0.,1.));
#2155=DIRECTION('center_axis',(0.314732063690171,-0.949180556103698,0.));
#2156=DIRECTION('ref_axis',(0.949180556103698,0.314732063690171,0.));
#2157=DIRECTION('',(0.949180556103698,0.314732063690171,0.));
#2158=DIRECTION('',(0.949180556103698,0.314732063690171,0.));
#2159=DIRECTION('',(0.,0.,1.));
#2160=DIRECTION('center_axis',(0.,0.,1.));
#2161=DIRECTION('ref_axis',(-0.398984574541913,-0.916957637667961,0.));
#2162=DIRECTION('center_axis',(0.,0.,1.));
#2163=DIRECTION('ref_axis',(-0.398984574541913,-0.916957637667961,0.));
#2164=DIRECTION('center_axis',(0.,0.,1.));
#2165=DIRECTION('ref_axis',(-0.398984574541913,-0.916957637667961,0.));
#2166=DIRECTION('',(0.,0.,1.));
#2167=DIRECTION('center_axis',(0.,0.,1.));
#2168=DIRECTION('ref_axis',(-0.983894370164618,-0.178750855545842,0.));
#2169=DIRECTION('center_axis',(0.,0.,1.));
#2170=DIRECTION('ref_axis',(-0.983894370164618,-0.178750855545842,0.));
#2171=DIRECTION('center_axis',(0.,0.,1.));
#2172=DIRECTION('ref_axis',(-0.983894370164618,-0.178750855545842,0.));
#2173=DIRECTION('',(0.,0.,1.));
#2174=DIRECTION('center_axis',(0.,0.,1.));
#2175=DIRECTION('ref_axis',(-0.26467645767153,0.964337271266879,0.));
#2176=DIRECTION('center_axis',(0.,0.,1.));
#2177=DIRECTION('ref_axis',(-0.26467645767153,0.964337271266879,0.));
#2178=DIRECTION('center_axis',(0.,0.,1.));
#2179=DIRECTION('ref_axis',(-0.26467645767153,0.964337271266879,0.));
#2180=DIRECTION('',(0.,0.,1.));
#2181=DIRECTION('center_axis',(-0.0985439764683287,0.995132697031813,0.));
#2182=DIRECTION('ref_axis',(-0.995132697031813,-0.0985439764683287,0.));
#2183=DIRECTION('',(-0.995132697031813,-0.0985439764683287,0.));
#2184=DIRECTION('',(-0.995132697031813,-0.0985439764683287,0.));
#2185=DIRECTION('',(0.,0.,1.));
#2186=DIRECTION('center_axis',(0.,0.,1.));
#2187=DIRECTION('ref_axis',(-0.995132734704761,0.0985435960325372,0.));
#2188=DIRECTION('center_axis',(0.,0.,1.));
#2189=DIRECTION('ref_axis',(-0.995132734704761,0.0985435960325372,0.));
#2190=DIRECTION('center_axis',(0.,0.,1.));
#2191=DIRECTION('ref_axis',(-0.995132734704761,0.0985435960325372,0.));
#2192=DIRECTION('',(0.,0.,1.));
#2193=DIRECTION('center_axis',(-0.0985439764683285,-0.995132697031813,0.));
#2194=DIRECTION('ref_axis',(0.995132697031813,-0.0985439764683285,0.));
#2195=DIRECTION('',(0.995132697031813,-0.0985439764683285,0.));
#2196=DIRECTION('',(0.995132697031813,-0.0985439764683285,0.));
#2197=DIRECTION('',(0.,0.,1.));
#2198=DIRECTION('center_axis',(0.,0.,1.));
#2199=DIRECTION('ref_axis',(-0.737451040166957,-0.675400594726325,0.));
#2200=DIRECTION('center_axis',(0.,0.,1.));
#2201=DIRECTION('ref_axis',(-0.737451040166957,-0.675400594726325,0.));
#2202=DIRECTION('center_axis',(0.,0.,1.));
#2203=DIRECTION('ref_axis',(-0.737451040166957,-0.675400594726325,0.));
#2204=DIRECTION('',(0.,0.,1.));
#2205=DIRECTION('center_axis',(0.,0.,1.));
#2206=DIRECTION('ref_axis',(-0.971537222738639,0.236886945257211,0.));
#2207=DIRECTION('center_axis',(0.,0.,1.));
#2208=DIRECTION('ref_axis',(-0.971537222738639,0.236886945257211,0.));
#2209=DIRECTION('center_axis',(0.,0.,1.));
#2210=DIRECTION('ref_axis',(-0.971537222738639,0.236886945257211,0.));
#2211=DIRECTION('',(0.,0.,1.));
#2212=DIRECTION('center_axis',(0.,0.,1.));
#2213=DIRECTION('ref_axis',(0.150437655328107,0.988619498016998,0.));
#2214=DIRECTION('center_axis',(0.,0.,1.));
#2215=DIRECTION('ref_axis',(0.150437655328107,0.988619498016998,0.));
#2216=DIRECTION('center_axis',(0.,0.,1.));
#2217=DIRECTION('ref_axis',(0.150437655328107,0.988619498016998,0.));
#2218=DIRECTION('',(0.,0.,1.));
#2219=DIRECTION('center_axis',(0.314732063690171,0.949180556103698,0.));
#2220=DIRECTION('ref_axis',(-0.949180556103698,0.314732063690171,0.));
#2221=DIRECTION('',(-0.949180556103698,0.314732063690171,0.));
#2222=DIRECTION('',(-0.949180556103698,0.314732063690171,0.));
#2223=DIRECTION('',(0.,0.,1.));
#2224=DIRECTION('center_axis',(0.,0.,1.));
#2225=DIRECTION('ref_axis',(-0.869017640954349,0.494781102822388,0.));
#2226=DIRECTION('center_axis',(0.,0.,1.));
#2227=DIRECTION('ref_axis',(-0.869017640954349,0.494781102822388,0.));
#2228=DIRECTION('center_axis',(0.,0.,1.));
#2229=DIRECTION('ref_axis',(-0.869017640954349,0.494781102822388,0.));
#2230=DIRECTION('',(0.,0.,1.));
#2231=DIRECTION('center_axis',(-0.494780907230338,-0.869017752315983,0.));
#2232=DIRECTION('ref_axis',(0.869017752315983,-0.494780907230338,0.));
#2233=DIRECTION('',(0.869017752315983,-0.494780907230338,0.));
#2234=DIRECTION('',(0.869017752315983,-0.494780907230338,0.));
#2235=DIRECTION('',(0.,0.,1.));
#2236=DIRECTION('center_axis',(0.,0.,1.));
#2237=DIRECTION('ref_axis',(-0.948405253063904,-0.317060681827298,0.));
#2238=DIRECTION('center_axis',(0.,0.,1.));
#2239=DIRECTION('ref_axis',(-0.948405253063904,-0.317060681827298,0.));
#2240=DIRECTION('center_axis',(0.,0.,1.));
#2241=DIRECTION('ref_axis',(-0.948405253063904,-0.317060681827298,0.));
#2242=DIRECTION('',(0.,0.,1.));
#2243=DIRECTION('center_axis',(0.,0.,1.));
#2244=DIRECTION('ref_axis',(-0.791192308279032,0.611567438080296,0.));
#2245=DIRECTION('center_axis',(0.,0.,1.));
#2246=DIRECTION('ref_axis',(-0.791192308279032,0.611567438080296,0.));
#2247=DIRECTION('center_axis',(0.,0.,1.));
#2248=DIRECTION('ref_axis',(-0.791192308279032,0.611567438080296,0.));
#2249=DIRECTION('',(0.,0.,1.));
#2250=DIRECTION('center_axis',(0.,0.,1.));
#2251=DIRECTION('ref_axis',(0.539539211831658,0.841960473476085,0.));
#2252=DIRECTION('center_axis',(0.,0.,1.));
#2253=DIRECTION('ref_axis',(0.539539211831658,0.841960473476085,0.));
#2254=DIRECTION('center_axis',(0.,0.,1.));
#2255=DIRECTION('ref_axis',(0.539539211831658,0.841960473476085,0.));
#2256=DIRECTION('',(0.,0.,1.));
#2257=DIRECTION('center_axis',(0.673588557423464,0.739106525007171,0.));
#2258=DIRECTION('ref_axis',(-0.739106525007171,0.673588557423464,0.));
#2259=DIRECTION('',(-0.739106525007171,0.673588557423464,0.));
#2260=DIRECTION('',(-0.739106525007171,0.673588557423464,0.));
#2261=DIRECTION('',(0.,0.,1.));
#2262=DIRECTION('center_axis',(0.,0.,1.));
#2263=DIRECTION('ref_axis',(-0.592641348424146,0.80546646866149,0.));
#2264=DIRECTION('center_axis',(0.,0.,1.));
#2265=DIRECTION('ref_axis',(-0.592641348424146,0.80546646866149,0.));
#2266=DIRECTION('center_axis',(0.,0.,1.));
#2267=DIRECTION('ref_axis',(-0.592641348424146,0.80546646866149,0.));
#2268=DIRECTION('',(0.,0.,1.));
#2269=DIRECTION('center_axis',(-0.805466333868884,-0.592641531622463,0.));
#2270=DIRECTION('ref_axis',(0.592641531622463,-0.805466333868884,0.));
#2271=DIRECTION('',(0.592641531622463,-0.805466333868884,0.));
#2272=DIRECTION('',(0.592641531622463,-0.805466333868884,0.));
#2273=DIRECTION('',(0.,0.,1.));
#2274=DIRECTION('center_axis',(0.,0.,1.));
#2275=DIRECTION('ref_axis',(-0.995371514663995,0.0961017575047647,0.));
#2276=DIRECTION('center_axis',(0.,0.,1.));
#2277=DIRECTION('ref_axis',(-0.995371514663995,0.0961017575047647,0.));
#2278=DIRECTION('center_axis',(0.,0.,1.));
#2279=DIRECTION('ref_axis',(-0.995371514663995,0.0961017575047647,0.));
#2280=DIRECTION('',(0.,0.,1.));
#2281=DIRECTION('center_axis',(0.,0.,1.));
#2282=DIRECTION('ref_axis',(-0.474043953667747,0.880501181141202,0.));
#2283=DIRECTION('center_axis',(0.,0.,1.));
#2284=DIRECTION('ref_axis',(-0.474043953667747,0.880501181141202,0.));
#2285=DIRECTION('center_axis',(0.,0.,1.));
#2286=DIRECTION('ref_axis',(-0.474043953667747,0.880501181141202,0.));
#2287=DIRECTION('',(0.,0.,1.));
#2288=DIRECTION('center_axis',(0.,0.,1.));
#2289=DIRECTION('ref_axis',(0.835349754921591,0.549718825357507,0.));
#2290=DIRECTION('center_axis',(0.,0.,1.));
#2291=DIRECTION('ref_axis',(0.835349754921591,0.549718825357507,0.));
#2292=DIRECTION('center_axis',(0.,0.,1.));
#2293=DIRECTION('ref_axis',(0.835349754921591,0.549718825357507,0.));
#2294=DIRECTION('',(0.,0.,1.));
#2295=DIRECTION('center_axis',(0.915975654715728,0.401233846987132,0.));
#2296=DIRECTION('ref_axis',(-0.401233846987132,0.915975654715728,0.));
#2297=DIRECTION('',(-0.401233846987132,0.915975654715728,0.));
#2298=DIRECTION('',(-0.401233846987132,0.915975654715728,0.));
#2299=DIRECTION('',(0.,0.,1.));
#2300=DIRECTION('center_axis',(0.,0.,1.));
#2301=DIRECTION('ref_axis',(-0.213792241822662,0.976879151858837,0.));
#2302=DIRECTION('center_axis',(0.,0.,1.));
#2303=DIRECTION('ref_axis',(-0.213792241822662,0.976879151858837,0.));
#2304=DIRECTION('center_axis',(0.,0.,1.));
#2305=DIRECTION('ref_axis',(-0.213792241822662,0.976879151858837,0.));
#2306=DIRECTION('',(0.,0.,1.));
#2307=DIRECTION('center_axis',(-0.976879223601973,-0.213791914007072,0.));
#2308=DIRECTION('ref_axis',(0.213791914007072,-0.976879223601973,0.));
#2309=DIRECTION('',(0.213791914007072,-0.976879223601973,0.));
#2310=DIRECTION('',(0.213791914007072,-0.976879223601973,0.));
#2311=DIRECTION('',(0.,0.,1.));
#2312=DIRECTION('center_axis',(0.,0.,1.));
#2313=DIRECTION('ref_axis',(-0.870229137342343,0.492647184626486,0.));
#2314=DIRECTION('center_axis',(0.,0.,1.));
#2315=DIRECTION('ref_axis',(-0.870229137342343,0.492647184626486,0.));
#2316=DIRECTION('center_axis',(0.,0.,1.));
#2317=DIRECTION('ref_axis',(-0.870229137342343,0.492647184626486,0.));
#2318=DIRECTION('',(0.,0.,1.));
#2319=DIRECTION('center_axis',(0.,0.,1.));
#2320=DIRECTION('ref_axis',(-0.0749279797973152,0.997188947914834,0.));
#2321=DIRECTION('center_axis',(0.,0.,1.));
#2322=DIRECTION('ref_axis',(-0.0749279797973152,0.997188947914834,0.));
#2323=DIRECTION('center_axis',(0.,0.,1.));
#2324=DIRECTION('ref_axis',(-0.0749279797973152,0.997188947914834,0.));
#2325=DIRECTION('',(0.,0.,1.));
#2326=DIRECTION('center_axis',(0.,0.,1.));
#2327=DIRECTION('ref_axis',(0.986720708362128,0.162426117633032,0.));
#2328=DIRECTION('center_axis',(0.,0.,1.));
#2329=DIRECTION('ref_axis',(0.986720708362128,0.162426117633032,0.));
#2330=DIRECTION('center_axis',(0.,0.,1.));
#2331=DIRECTION('ref_axis',(0.986720708362128,0.162426117633032,0.));
#2332=DIRECTION('',(0.,0.,1.));
#2333=DIRECTION('center_axis',(0.999981905722316,-0.00601566521389037,0.));
#2334=DIRECTION('ref_axis',(0.00601566521389037,0.999981905722316,0.));
#2335=DIRECTION('',(0.00601566521389037,0.999981905722316,0.));
#2336=DIRECTION('',(0.00601566521389037,0.999981905722316,0.));
#2337=DIRECTION('',(0.,0.,1.));
#2338=DIRECTION('center_axis',(0.,0.,1.));
#2339=DIRECTION('ref_axis',(0.202023282531288,0.979380719289125,0.));
#2340=DIRECTION('center_axis',(0.,0.,1.));
#2341=DIRECTION('ref_axis',(0.202023282531288,0.979380719289125,0.));
#2342=DIRECTION('center_axis',(0.,0.,1.));
#2343=DIRECTION('ref_axis',(0.202023282531288,0.979380719289125,0.));
#2344=DIRECTION('',(0.,0.,1.));
#2345=DIRECTION('center_axis',(-0.979380604955429,0.202023836804317,0.));
#2346=DIRECTION('ref_axis',(-0.202023836804317,-0.979380604955429,0.));
#2347=DIRECTION('',(-0.202023836804317,-0.979380604955429,0.));
#2348=DIRECTION('',(-0.202023836804317,-0.979380604955429,0.));
#2349=DIRECTION('',(0.,0.,1.));
#2350=DIRECTION('center_axis',(0.,0.,1.));
#2351=DIRECTION('ref_axis',(-0.594616013772435,0.804009823425921,0.));
#2352=DIRECTION('center_axis',(0.,0.,1.));
#2353=DIRECTION('ref_axis',(-0.594616013772435,0.804009823425921,0.));
#2354=DIRECTION('center_axis',(0.,0.,1.));
#2355=DIRECTION('ref_axis',(-0.594616013772435,0.804009823425921,0.));
#2356=DIRECTION('',(0.,0.,1.));
#2357=DIRECTION('center_axis',(0.,0.,1.));
#2358=DIRECTION('ref_axis',(0.337142945174355,0.941453469120573,0.));
#2359=DIRECTION('center_axis',(0.,0.,1.));
#2360=DIRECTION('ref_axis',(0.337142945174355,0.941453469120573,0.));
#2361=DIRECTION('center_axis',(0.,0.,1.));
#2362=DIRECTION('ref_axis',(0.337142945174355,0.941453469120573,0.));
#2363=DIRECTION('',(0.,0.,1.));
#2364=DIRECTION('center_axis',(0.,0.,1.));
#2365=DIRECTION('ref_axis',(0.967478831072719,-0.252951994311501,0.));
#2366=DIRECTION('center_axis',(0.,0.,1.));
#2367=DIRECTION('ref_axis',(0.967478831072719,-0.252951994311501,0.));
#2368=DIRECTION('center_axis',(0.,0.,1.));
#2369=DIRECTION('ref_axis',(0.967478831072719,-0.252951994311501,0.));
#2370=DIRECTION('',(0.,0.,1.));
#2371=DIRECTION('center_axis',(0.911081931629332,-0.412225319283721,0.));
#2372=DIRECTION('ref_axis',(0.412225319283721,0.911081931629332,0.));
#2373=DIRECTION('',(0.412225319283721,0.911081931629332,0.));
#2374=DIRECTION('',(0.412225319283721,0.911081931629332,0.));
#2375=DIRECTION('',(0.,0.,1.));
#2376=DIRECTION('center_axis',(0.,0.,1.));
#2377=DIRECTION('ref_axis',(0.58290759644973,0.812538450783222,0.));
#2378=DIRECTION('center_axis',(0.,0.,1.));
#2379=DIRECTION('ref_axis',(0.58290759644973,0.812538450783222,0.));
#2380=DIRECTION('center_axis',(0.,0.,1.));
#2381=DIRECTION('ref_axis',(0.58290759644973,0.812538450783222,0.));
#2382=DIRECTION('',(0.,0.,1.));
#2383=DIRECTION('center_axis',(-0.812538508783937,0.582907515600182,0.));
#2384=DIRECTION('ref_axis',(-0.582907515600182,-0.812538508783937,0.));
#2385=DIRECTION('',(-0.582907515600182,-0.812538508783937,0.));
#2386=DIRECTION('',(-0.582907515600182,-0.812538508783937,0.));
#2387=DIRECTION('',(0.,0.,1.));
#2388=DIRECTION('center_axis',(0.,0.,1.));
#2389=DIRECTION('ref_axis',(-0.21618858259118,0.976351625572066,0.));
#2390=DIRECTION('center_axis',(0.,0.,1.));
#2391=DIRECTION('ref_axis',(-0.21618858259118,0.976351625572066,0.));
#2392=DIRECTION('center_axis',(0.,0.,1.));
#2393=DIRECTION('ref_axis',(-0.21618858259118,0.976351625572066,0.));
#2394=DIRECTION('',(0.,0.,1.));
#2395=DIRECTION('center_axis',(0.,0.,1.));
#2396=DIRECTION('ref_axis',(0.69091997340844,0.722931248698851,0.));
#2397=DIRECTION('center_axis',(0.,0.,1.));
#2398=DIRECTION('ref_axis',(0.69091997340844,0.722931248698851,0.));
#2399=DIRECTION('center_axis',(0.,0.,1.));
#2400=DIRECTION('ref_axis',(0.69091997340844,0.722931248698851,0.));
#2401=DIRECTION('',(0.,0.,1.));
#2402=DIRECTION('center_axis',(0.,0.,1.));
#2403=DIRECTION('ref_axis',(0.780950699553315,-0.624592671160324,0.));
#2404=DIRECTION('center_axis',(0.,0.,1.));
#2405=DIRECTION('ref_axis',(0.780950699553315,-0.624592671160324,0.));
#2406=DIRECTION('center_axis',(0.,0.,1.));
#2407=DIRECTION('ref_axis',(0.780950699553315,-0.624592671160324,0.));
#2408=DIRECTION('',(0.,0.,1.));
#2409=DIRECTION('center_axis',(0.664648472999303,-0.747156213478611,0.));
#2410=DIRECTION('ref_axis',(0.74715621347861,0.664648472999303,0.));
#2411=DIRECTION('',(0.74715621347861,0.664648472999303,0.));
#2412=DIRECTION('',(0.74715621347861,0.664648472999303,0.));
#2413=DIRECTION('',(0.,0.,1.));
#2414=DIRECTION('center_axis',(0.,0.,1.));
#2415=DIRECTION('ref_axis',(0.863001551538344,0.505201268844814,0.));
#2416=DIRECTION('center_axis',(0.,0.,1.));
#2417=DIRECTION('ref_axis',(0.863001551538344,0.505201268844814,0.));
#2418=DIRECTION('center_axis',(0.,0.,1.));
#2419=DIRECTION('ref_axis',(0.863001551538344,0.505201268844814,0.));
#2420=DIRECTION('',(0.,0.,1.));
#2421=DIRECTION('center_axis',(-0.505200167545598,0.863002196238167,0.));
#2422=DIRECTION('ref_axis',(-0.863002196238167,-0.505200167545598,0.));
#2423=DIRECTION('',(-0.863002196238167,-0.505200167545598,0.));
#2424=DIRECTION('',(-0.863002196238167,-0.505200167545598,0.));
#2425=DIRECTION('',(0.,0.,1.));
#2426=DIRECTION('center_axis',(0.,0.,1.));
#2427=DIRECTION('ref_axis',(0.199619744970778,0.979873439489918,0.));
#2428=DIRECTION('center_axis',(0.,0.,1.));
#2429=DIRECTION('ref_axis',(0.199619744970778,0.979873439489918,0.));
#2430=DIRECTION('center_axis',(0.,0.,1.));
#2431=DIRECTION('ref_axis',(0.199619744970778,0.979873439489918,0.));
#2432=DIRECTION('',(0.,0.,1.));
#2433=DIRECTION('center_axis',(0.,0.,1.));
#2434=DIRECTION('ref_axis',(0.925228964551096,0.37940922913881,0.));
#2435=DIRECTION('center_axis',(0.,0.,1.));
#2436=DIRECTION('ref_axis',(0.925228964551096,0.37940922913881,0.));
#2437=DIRECTION('center_axis',(0.,0.,1.));
#2438=DIRECTION('ref_axis',(0.925228964551096,0.37940922913881,0.));
#2439=DIRECTION('',(0.,0.,1.));
#2440=DIRECTION('center_axis',(0.,0.,1.));
#2441=DIRECTION('ref_axis',(0.459389297065842,-0.888235032939678,0.));
#2442=DIRECTION('center_axis',(0.,0.,1.));
#2443=DIRECTION('ref_axis',(0.459389297065842,-0.888235032939678,0.));
#2444=DIRECTION('center_axis',(0.,0.,1.));
#2445=DIRECTION('ref_axis',(0.459389297065842,-0.888235032939678,0.));
#2446=DIRECTION('',(0.,0.,1.));
#2447=DIRECTION('center_axis',(0.30329079270281,-0.952898050717757,0.));
#2448=DIRECTION('ref_axis',(0.952898050717757,0.30329079270281,0.));
#2449=DIRECTION('',(0.952898050717757,0.30329079270281,0.));
#2450=DIRECTION('',(0.952898050717757,0.30329079270281,0.));
#2451=DIRECTION('',(0.,0.,1.));
#2452=DIRECTION('center_axis',(0.,0.,1.));
#2453=DIRECTION('ref_axis',(0.993875096187698,0.110509244762122,0.));
#2454=DIRECTION('center_axis',(0.,0.,1.));
#2455=DIRECTION('ref_axis',(0.993875096187698,0.110509244762122,0.));
#2456=DIRECTION('center_axis',(0.,0.,1.));
#2457=DIRECTION('ref_axis',(0.993875096187698,0.110509244762122,0.));
#2458=DIRECTION('',(0.,0.,1.));
#2459=DIRECTION('center_axis',(-0.110508393555322,0.993875190833246,0.));
#2460=DIRECTION('ref_axis',(-0.993875190833246,-0.110508393555322,0.));
#2461=DIRECTION('',(-0.993875190833246,-0.110508393555322,0.));
#2462=DIRECTION('',(-0.993875190833246,-0.110508393555322,0.));
#2463=DIRECTION('',(0.,0.,1.));
#2464=DIRECTION('center_axis',(0.,0.,1.));
#2465=DIRECTION('ref_axis',(0.580912257048325,0.813966184562369,0.));
#2466=DIRECTION('center_axis',(0.,0.,1.));
#2467=DIRECTION('ref_axis',(0.580912257048325,0.813966184562369,0.));
#2468=DIRECTION('center_axis',(0.,0.,1.));
#2469=DIRECTION('ref_axis',(0.580912257048325,0.813966184562369,0.));
#2470=DIRECTION('',(0.,0.,1.));
#2471=DIRECTION('center_axis',(0.,0.,1.));
#2472=DIRECTION('ref_axis',(0.999558339465557,-0.029717436041134,0.));
#2473=DIRECTION('center_axis',(0.,0.,1.));
#2474=DIRECTION('ref_axis',(0.999558339465557,-0.029717436041134,0.));
#2475=DIRECTION('center_axis',(0.,0.,1.));
#2476=DIRECTION('ref_axis',(0.999558339465557,-0.029717436041134,0.));
#2477=DIRECTION('',(0.,0.,1.));
#2478=DIRECTION('center_axis',(0.,0.,1.));
#2479=DIRECTION('ref_axis',(0.0583956139844114,-0.998293520096862,0.));
#2480=DIRECTION('center_axis',(0.,0.,1.));
#2481=DIRECTION('ref_axis',(0.0583956139844114,-0.998293520096862,0.));
#2482=DIRECTION('center_axis',(0.,0.,1.));
#2483=DIRECTION('ref_axis',(0.0583956139844114,-0.998293520096862,0.));
#2484=DIRECTION('',(0.,0.,1.));
#2485=DIRECTION('center_axis',(-0.110508393555322,-0.993875190833246,0.));
#2486=DIRECTION('ref_axis',(0.993875190833246,-0.110508393555322,0.));
#2487=DIRECTION('',(0.993875190833246,-0.110508393555322,0.));
#2488=DIRECTION('',(0.993875190833246,-0.110508393555322,0.));
#2489=DIRECTION('',(0.,0.,1.));
#2490=DIRECTION('center_axis',(0.,0.,1.));
#2491=DIRECTION('ref_axis',(0.95289842355564,-0.303289621294854,0.));
#2492=DIRECTION('center_axis',(0.,0.,1.));
#2493=DIRECTION('ref_axis',(0.95289842355564,-0.303289621294854,0.));
#2494=DIRECTION('center_axis',(0.,0.,1.));
#2495=DIRECTION('ref_axis',(0.95289842355564,-0.303289621294854,0.));
#2496=DIRECTION('',(0.,0.,1.));
#2497=DIRECTION('center_axis',(0.30329079270281,0.952898050717757,0.));
#2498=DIRECTION('ref_axis',(-0.952898050717757,0.30329079270281,0.));
#2499=DIRECTION('',(-0.952898050717757,0.30329079270281,0.));
#2500=DIRECTION('',(-0.952898050717757,0.30329079270281,0.));
#2501=DIRECTION('',(0.,0.,1.));
#2502=DIRECTION('center_axis',(0.,0.,1.));
#2503=DIRECTION('ref_axis',(0.861759452426579,0.507317106111594,0.));
#2504=DIRECTION('center_axis',(0.,0.,1.));
#2505=DIRECTION('ref_axis',(0.861759452426579,0.507317106111594,0.));
#2506=DIRECTION('center_axis',(0.,0.,1.));
#2507=DIRECTION('ref_axis',(0.861759452426579,0.507317106111594,0.));
#2508=DIRECTION('',(0.,0.,1.));
#2509=DIRECTION('center_axis',(0.,0.,1.));
#2510=DIRECTION('ref_axis',(0.901054597538747,-0.433705674685365,0.));
#2511=DIRECTION('center_axis',(0.,0.,1.));
#2512=DIRECTION('ref_axis',(0.901054597538747,-0.433705674685365,0.));
#2513=DIRECTION('center_axis',(0.,0.,1.));
#2514=DIRECTION('ref_axis',(0.901054597538747,-0.433705674685365,0.));
#2515=DIRECTION('',(0.,0.,1.));
#2516=DIRECTION('center_axis',(0.,0.,1.));
#2517=DIRECTION('ref_axis',(-0.352695636433032,-0.935738097995961,0.));
#2518=DIRECTION('center_axis',(0.,0.,1.));
#2519=DIRECTION('ref_axis',(-0.352695636433032,-0.935738097995961,0.));
#2520=DIRECTION('center_axis',(0.,0.,1.));
#2521=DIRECTION('ref_axis',(-0.352695636433032,-0.935738097995961,0.));
#2522=DIRECTION('',(0.,0.,1.));
#2523=DIRECTION('center_axis',(-0.505200167545598,-0.863002196238167,0.));
#2524=DIRECTION('ref_axis',(0.863002196238167,-0.505200167545598,0.));
#2525=DIRECTION('',(0.863002196238167,-0.505200167545598,0.));
#2526=DIRECTION('',(0.863002196238167,-0.505200167545598,0.));
#2527=DIRECTION('',(0.,0.,1.));
#2528=DIRECTION('center_axis',(0.,0.,1.));
#2529=DIRECTION('ref_axis',(0.747156538785479,-0.664648107309502,0.));
#2530=DIRECTION('center_axis',(0.,0.,1.));
#2531=DIRECTION('ref_axis',(0.747156538785479,-0.664648107309502,0.));
#2532=DIRECTION('center_axis',(0.,0.,1.));
#2533=DIRECTION('ref_axis',(0.747156538785479,-0.664648107309502,0.));
#2534=DIRECTION('',(0.,0.,1.));
#2535=DIRECTION('center_axis',(0.664648472999303,0.74715621347861,0.));
#2536=DIRECTION('ref_axis',(-0.74715621347861,0.664648472999303,0.));
#2537=DIRECTION('',(-0.74715621347861,0.664648472999303,0.));
#2538=DIRECTION('',(-0.74715621347861,0.664648472999303,0.));
#2539=DIRECTION('',(0.,0.,1.));
#2540=DIRECTION('center_axis',(0.,0.,1.));
#2541=DIRECTION('ref_axis',(0.993600882531296,0.112948157280363,0.));
#2542=DIRECTION('center_axis',(0.,0.,1.));
#2543=DIRECTION('ref_axis',(0.993600882531296,0.112948157280363,0.));
#2544=DIRECTION('center_axis',(0.,0.,1.));
#2545=DIRECTION('ref_axis',(0.993600882531296,0.112948157280363,0.));
#2546=DIRECTION('',(0.,0.,1.));
#2547=DIRECTION('center_axis',(0.,0.,1.));
#2548=DIRECTION('ref_axis',(0.64675128529845,-0.762700973491448,0.));
#2549=DIRECTION('center_axis',(0.,0.,1.));
#2550=DIRECTION('ref_axis',(0.64675128529845,-0.762700973491448,0.));
#2551=DIRECTION('center_axis',(0.,0.,1.));
#2552=DIRECTION('ref_axis',(0.64675128529845,-0.762700973491448,0.));
#2553=DIRECTION('',(0.,0.,1.));
#2554=DIRECTION('center_axis',(0.,0.,1.));
#2555=DIRECTION('ref_axis',(-0.702802367690811,-0.711385150230303,0.));
#2556=DIRECTION('center_axis',(0.,0.,1.));
#2557=DIRECTION('ref_axis',(-0.702802367690811,-0.711385150230303,0.));
#2558=DIRECTION('center_axis',(0.,0.,1.));
#2559=DIRECTION('ref_axis',(-0.702802367690811,-0.711385150230303,0.));
#2560=DIRECTION('',(0.,0.,1.));
#2561=DIRECTION('center_axis',(-0.812538508783937,-0.582907515600182,0.));
#2562=DIRECTION('ref_axis',(0.582907515600182,-0.812538508783937,0.));
#2563=DIRECTION('',(0.582907515600182,-0.812538508783937,0.));
#2564=DIRECTION('',(0.582907515600182,-0.812538508783937,0.));
#2565=DIRECTION('',(0.,0.,1.));
#2566=DIRECTION('center_axis',(0.,0.,1.));
#2567=DIRECTION('ref_axis',(0.412225077910805,-0.911082040840138,0.));
#2568=DIRECTION('center_axis',(0.,0.,1.));
#2569=DIRECTION('ref_axis',(0.412225077910805,-0.911082040840138,0.));
#2570=DIRECTION('center_axis',(0.,0.,1.));
#2571=DIRECTION('ref_axis',(0.412225077910805,-0.911082040840138,0.));
#2572=DIRECTION('',(0.,0.,1.));
#2573=DIRECTION('center_axis',(0.911081931629331,0.412225319283722,0.));
#2574=DIRECTION('ref_axis',(-0.412225319283722,0.911081931629331,0.));
#2575=DIRECTION('',(-0.412225319283722,0.911081931629331,0.));
#2576=DIRECTION('',(-0.412225319283722,0.911081931629331,0.));
#2577=DIRECTION('',(0.,0.,1.));
#2578=DIRECTION('center_axis',(0.,0.,1.));
#2579=DIRECTION('ref_axis',(0.953639560124949,-0.300951141158649,0.));
#2580=DIRECTION('center_axis',(0.,0.,1.));
#2581=DIRECTION('ref_axis',(0.953639560124949,-0.300951141158649,0.));
#2582=DIRECTION('center_axis',(0.,0.,1.));
#2583=DIRECTION('ref_axis',(0.953639560124949,-0.300951141158649,0.));
#2584=DIRECTION('',(0.,0.,1.));
#2585=DIRECTION('center_axis',(0.,0.,1.));
#2586=DIRECTION('ref_axis',(0.28061701245003,-0.959819822843652,0.));
#2587=DIRECTION('center_axis',(0.,0.,1.));
#2588=DIRECTION('ref_axis',(0.28061701245003,-0.959819822843652,0.));
#2589=DIRECTION('center_axis',(0.,0.,1.));
#2590=DIRECTION('ref_axis',(0.28061701245003,-0.959819822843652,0.));
#2591=DIRECTION('center_axis',(0.,0.,1.));
#2592=DIRECTION('ref_axis',(1.,0.,0.));
#2593=DIRECTION('center_axis',(0.,0.,1.));
#2594=DIRECTION('ref_axis',(1.,0.,0.));
#2595=CARTESIAN_POINT('',(0.,0.,0.));
#2596=CARTESIAN_POINT('Origin',(6.12419384262989,-8.79468674796734,0.));
#2597=CARTESIAN_POINT('',(2.135704,-10.353563,0.));
#2598=CARTESIAN_POINT('',(3.577866,-12.237703,0.));
#2599=CARTESIAN_POINT('Origin',(6.12419384262989,-8.79468674796734,0.));
#2600=CARTESIAN_POINT('',(3.577866,-12.237703,5.));
#2601=CARTESIAN_POINT('',(3.577866,-12.237703,0.));
#2602=CARTESIAN_POINT('',(2.135704,-10.353563,5.));
#2603=CARTESIAN_POINT('Origin',(6.12419384262989,-8.79468674796734,5.));
#2604=CARTESIAN_POINT('',(2.135704,-10.353563,0.));
#2605=CARTESIAN_POINT('Origin',(1.893974,-9.181693,0.));
#2606=CARTESIAN_POINT('',(1.893974,-9.181693,0.));
#2607=CARTESIAN_POINT('',(1.893974,-9.181693,0.));
#2608=CARTESIAN_POINT('',(1.893974,-9.181693,5.));
#2609=CARTESIAN_POINT('',(1.893974,-9.181693,5.));
#2610=CARTESIAN_POINT('',(1.893974,-9.181693,0.));
#2611=CARTESIAN_POINT('Origin',(-2.92323558553909E-6,4.31749292217898E-5,
0.));
#2612=CARTESIAN_POINT('',(0.056395,-9.37483,0.));
#2613=CARTESIAN_POINT('Origin',(-2.92323558553909E-6,4.31749292217898E-5,
0.));
#2614=CARTESIAN_POINT('',(0.0563950000000002,-9.37483,5.));
#2615=CARTESIAN_POINT('Origin',(-2.92323558553909E-6,4.31749292217898E-5,
5.));
#2616=CARTESIAN_POINT('',(0.056395,-9.37483,0.));
#2617=CARTESIAN_POINT('Origin',(0.0635930000000004,-10.571351,0.));
#2618=CARTESIAN_POINT('',(0.0635930000000004,-10.571351,0.));
#2619=CARTESIAN_POINT('',(0.0635930000000004,-10.571351,0.));
#2620=CARTESIAN_POINT('',(0.0635930000000001,-10.571351,5.));
#2621=CARTESIAN_POINT('',(0.0635930000000004,-10.571351,5.));
#2622=CARTESIAN_POINT('',(0.0635930000000004,-10.571351,0.));
#2623=CARTESIAN_POINT('Origin',(-4.1618469591203,-9.87579267023653,0.));
#2624=CARTESIAN_POINT('',(-0.95532000000002,-12.71416,0.));
#2625=CARTESIAN_POINT('Origin',(-4.1618469591203,-9.87579267023653,0.));
#2626=CARTESIAN_POINT('',(-0.95532000000002,-12.71416,5.));
#2627=CARTESIAN_POINT('Origin',(-4.1618469591203,-9.87579267023653,5.));
#2628=CARTESIAN_POINT('',(-0.95532000000002,-12.71416,0.));
#2629=CARTESIAN_POINT('Origin',(3.16248197705649E-5,0.000263693522688513,
0.));
#2630=CARTESIAN_POINT('',(-1.708979,-12.634947,0.));
#2631=CARTESIAN_POINT('Origin',(3.16248197705649E-5,0.000263693522688513,
0.));
#2632=CARTESIAN_POINT('',(-1.708979,-12.634947,5.));
#2633=CARTESIAN_POINT('Origin',(3.16248197705649E-5,0.000263693522688513,
5.));
#2634=CARTESIAN_POINT('',(-1.708979,-12.634947,0.));
#2635=CARTESIAN_POINT('Origin',(2.01760732898299,-10.525281643531,0.));
#2636=CARTESIAN_POINT('',(-2.26011,-10.32712,0.));
#2637=CARTESIAN_POINT('Origin',(2.01760732898299,-10.525281643531,0.));
#2638=CARTESIAN_POINT('',(-2.26011,-10.32712,5.));
#2639=CARTESIAN_POINT('Origin',(2.01760732898299,-10.525281643531,5.));
#2640=CARTESIAN_POINT('',(-2.26011,-10.32712,0.));
#2641=CARTESIAN_POINT('Origin',(-2.004299,-9.158243,0.));
#2642=CARTESIAN_POINT('',(-2.004299,-9.158243,0.));
#2643=CARTESIAN_POINT('',(-2.004299,-9.158243,0.));
#2644=CARTESIAN_POINT('',(-2.004299,-9.158243,5.));
#2645=CARTESIAN_POINT('',(-2.004299,-9.158243,5.));
#2646=CARTESIAN_POINT('',(-2.004299,-9.158243,0.));
#2647=CARTESIAN_POINT('Origin',(1.35180868238161E-5,4.58884845866425E-5,
0.));
#2648=CARTESIAN_POINT('',(-3.761568,-8.587272,0.));
#2649=CARTESIAN_POINT('Origin',(1.35180868238161E-5,4.58884845866425E-5,
0.));
#2650=CARTESIAN_POINT('',(-3.761568,-8.587272,5.));
#2651=CARTESIAN_POINT('Origin',(1.35180868238161E-5,4.58884845866425E-5,
5.));
#2652=CARTESIAN_POINT('',(-3.761568,-8.587272,0.));
#2653=CARTESIAN_POINT('Origin',(-4.241661,-9.683275,0.));
#2654=CARTESIAN_POINT('',(-4.241661,-9.683275,0.));
#2655=CARTESIAN_POINT('',(-4.241661,-9.683275,0.));
#2656=CARTESIAN_POINT('',(-4.241661,-9.683275,5.));
#2657=CARTESIAN_POINT('',(-4.241661,-9.683275,5.));
#2658=CARTESIAN_POINT('',(-4.241661,-9.683275,0.));
#2659=CARTESIAN_POINT('Origin',(-7.8188847100339,-7.32921048470551,0.));
#2660=CARTESIAN_POINT('',(-6.044043,-11.2264,0.));
#2661=CARTESIAN_POINT('Origin',(-7.8188847100339,-7.32921048470551,0.));
#2662=CARTESIAN_POINT('',(-6.044043,-11.2264,5.));
#2663=CARTESIAN_POINT('Origin',(-7.8188847100339,-7.32921048470551,5.));
#2664=CARTESIAN_POINT('',(-6.044043,-11.2264,0.));
#2665=CARTESIAN_POINT('Origin',(0.000146067974571285,0.000229033480754204,
0.));
#2666=CARTESIAN_POINT('',(-6.700326,-10.847494,0.));
#2667=CARTESIAN_POINT('Origin',(0.000146067974571285,0.000229033480754204,
0.));
#2668=CARTESIAN_POINT('',(-6.700326,-10.847494,5.));
#2669=CARTESIAN_POINT('Origin',(0.000146067974571285,0.000229033480754204,
5.));
#2670=CARTESIAN_POINT('',(-6.700326,-10.847494,0.));
#2671=CARTESIAN_POINT('Origin',(-2.43784215339152,-10.4359570181194,0.));
#2672=CARTESIAN_POINT('',(-6.265132,-8.515024,0.));
#2673=CARTESIAN_POINT('Origin',(-2.43784215339152,-10.4359570181194,0.));
#2674=CARTESIAN_POINT('',(-6.265132,-8.515024,5.));
#2675=CARTESIAN_POINT('Origin',(-2.43784215339152,-10.4359570181194,5.));
#2676=CARTESIAN_POINT('',(-6.265132,-8.515024,0.));
#2677=CARTESIAN_POINT('Origin',(-5.556011,-7.551249,0.));
#2678=CARTESIAN_POINT('',(-5.556011,-7.551249,0.));
#2679=CARTESIAN_POINT('',(-5.556011,-7.551249,0.));
#2680=CARTESIAN_POINT('',(-5.556011,-7.551249,5.));
#2681=CARTESIAN_POINT('',(-5.556011,-7.551249,5.));
#2682=CARTESIAN_POINT('',(-5.556011,-7.551249,0.));
#2683=CARTESIAN_POINT('Origin',(2.80978659772391E-5,3.51009204135888E-5,
0.));
#2684=CARTESIAN_POINT('',(-6.929121,-6.314896,0.));
#2685=CARTESIAN_POINT('Origin',(2.80978659772391E-5,3.51009204135888E-5,
0.));
#2686=CARTESIAN_POINT('',(-6.929121,-6.314896,5.));
#2687=CARTESIAN_POINT('Origin',(2.80978659772391E-5,3.51009204135888E-5,
5.));
#2688=CARTESIAN_POINT('',(-6.929121,-6.314896,0.));
#2689=CARTESIAN_POINT('Origin',(-7.813493,-7.120873,0.));
#2690=CARTESIAN_POINT('',(-7.813493,-7.120873,0.));
#2691=CARTESIAN_POINT('',(-7.813493,-7.120873,0.));
#2692=CARTESIAN_POINT('',(-7.813493,-7.120873,5.));
#2693=CARTESIAN_POINT('',(-7.813493,-7.120873,5.));
#2694=CARTESIAN_POINT('',(-7.813493,-7.120873,0.));
#2695=CARTESIAN_POINT('Origin',(-10.1239649348404,-3.51534072069197,0.));
#2696=CARTESIAN_POINT('',(-10.087696,-7.797493,0.));
#2697=CARTESIAN_POINT('Origin',(-10.1239649348404,-3.51534072069197,0.));
#2698=CARTESIAN_POINT('',(-10.087696,-7.797493,5.));
#2699=CARTESIAN_POINT('Origin',(-10.1239649348404,-3.51534072069197,5.));
#2700=CARTESIAN_POINT('',(-10.087696,-7.797493,0.));
#2701=CARTESIAN_POINT('Origin',(0.000223218710051487,0.00015979261501875,
0.));
#2702=CARTESIAN_POINT('',(-10.533126,-7.184411,0.));
#2703=CARTESIAN_POINT('Origin',(0.000223218710051487,0.00015979261501875,
0.));
#2704=CARTESIAN_POINT('',(-10.533126,-7.184411,5.));
#2705=CARTESIAN_POINT('Origin',(0.000223218710051487,0.00015979261501875,
5.));
#2706=CARTESIAN_POINT('',(-10.533126,-7.184411,0.));
#2707=CARTESIAN_POINT('Origin',(-6.47176414558372,-8.54216197675661,0.));
#2708=CARTESIAN_POINT('',(-9.186855,-5.230602,0.));
#2709=CARTESIAN_POINT('Origin',(-6.47176414558372,-8.54216197675661,0.));
#2710=CARTESIAN_POINT('',(-9.186855,-5.230602,5.));
#2711=CARTESIAN_POINT('Origin',(-6.47176414558372,-8.54216197675661,5.));
#2712=CARTESIAN_POINT('',(-9.186855,-5.230602,0.));
#2713=CARTESIAN_POINT('Origin',(-8.147039,-4.638576,0.));
#2714=CARTESIAN_POINT('',(-8.147039,-4.638576,0.));
#2715=CARTESIAN_POINT('',(-8.147039,-4.638576,0.));
#2716=CARTESIAN_POINT('',(-8.147039,-4.638576,5.));
#2717=CARTESIAN_POINT('',(-8.147039,-4.638576,5.));
#2718=CARTESIAN_POINT('',(-8.147039,-4.638576,0.));
#2719=CARTESIAN_POINT('Origin',(4.03067578202965E-5,1.89999268873642E-5,
0.));
#2720=CARTESIAN_POINT('',(-8.898567,-2.950617,0.));
#2721=CARTESIAN_POINT('Origin',(4.03067578202965E-5,1.89999268873642E-5,
0.));
#2722=CARTESIAN_POINT('',(-8.898567,-2.950617,5.));
#2723=CARTESIAN_POINT('Origin',(4.03067578202965E-5,1.89999268873642E-5,
5.));
#2724=CARTESIAN_POINT('',(-8.898567,-2.950617,0.));
#2725=CARTESIAN_POINT('Origin',(-10.034301,-3.327207,0.));
#2726=CARTESIAN_POINT('',(-10.034301,-3.327207,0.));
#2727=CARTESIAN_POINT('',(-10.034301,-3.327207,0.));
#2728=CARTESIAN_POINT('',(-10.034301,-3.327207,5.));
#2729=CARTESIAN_POINT('',(-10.034301,-3.327207,5.));
#2730=CARTESIAN_POINT('',(-10.034301,-3.327207,0.));
#2731=CARTESIAN_POINT('Origin',(-10.678521043506,0.906364007433907,0.));
#2732=CARTESIAN_POINT('',(-12.387095,-3.02032899999995,0.));
#2733=CARTESIAN_POINT('Origin',(-10.678521043506,0.906364007433907,0.));
#2734=CARTESIAN_POINT('',(-12.387095,-3.02032899999995,5.));
#2735=CARTESIAN_POINT('Origin',(-10.678521043506,0.906364007433907,5.));
#2736=CARTESIAN_POINT('',(-12.387095,-3.02032899999995,0.));
#2737=CARTESIAN_POINT('Origin',(0.000269569369049094,4.41611574170109E-5,
0.));
#2738=CARTESIAN_POINT('',(-12.544652,-2.279078,0.));
#2739=CARTESIAN_POINT('Origin',(0.000269569369049094,4.41611574170109E-5,
0.));
#2740=CARTESIAN_POINT('',(-12.544652,-2.279078,5.));
#2741=CARTESIAN_POINT('Origin',(0.000269569369049094,4.41611574170109E-5,
5.));
#2742=CARTESIAN_POINT('',(-12.544652,-2.279078,0.));
#2743=CARTESIAN_POINT('Origin',(-9.38666165869383,-5.17134940309584,0.));
#2744=CARTESIAN_POINT('',(-10.520087,-1.041763,0.));
#2745=CARTESIAN_POINT('Origin',(-9.38666165869383,-5.17134940309584,0.));
#2746=CARTESIAN_POINT('',(-10.520087,-1.041763,5.));
#2747=CARTESIAN_POINT('Origin',(-9.38666165869383,-5.17134940309584,5.));
#2748=CARTESIAN_POINT('',(-10.520087,-1.041763,0.));
#2749=CARTESIAN_POINT('Origin',(-9.329369,-0.923851,0.));
#2750=CARTESIAN_POINT('',(-9.329369,-0.923851,0.));
#2751=CARTESIAN_POINT('',(-9.329369,-0.923851,0.));
#2752=CARTESIAN_POINT('',(-9.329369,-0.923851,5.));
#2753=CARTESIAN_POINT('',(-9.329369,-0.923851,5.));
#2754=CARTESIAN_POINT('',(-9.329369,-0.923851,0.));
#2755=CARTESIAN_POINT('Origin',(4.87308708618794E-5,1.38777878078145E-16,
0.));
#2756=CARTESIAN_POINT('',(-9.329369,0.923851,0.));
#2757=CARTESIAN_POINT('Origin',(4.87308708618794E-5,1.38777878078145E-16,
0.));
#2758=CARTESIAN_POINT('',(-9.329369,0.923851,5.));
#2759=CARTESIAN_POINT('Origin',(4.87308708618794E-5,1.38777878078145E-16,
5.));
#2760=CARTESIAN_POINT('',(-9.329369,0.923851,0.));
#2761=CARTESIAN_POINT('Origin',(-10.520087,1.041763,0.));
#2762=CARTESIAN_POINT('',(-10.520087,1.041763,0.));
#2763=CARTESIAN_POINT('',(-10.520087,1.041763,0.));
#2764=CARTESIAN_POINT('',(-10.520087,1.041763,5.));
#2765=CARTESIAN_POINT('',(-10.520087,1.041763,5.));
#2766=CARTESIAN_POINT('',(-10.520087,1.041763,0.));
#2767=CARTESIAN_POINT('Origin',(-9.38666165869382,5.17134940309585,0.));
#2768=CARTESIAN_POINT('',(-12.544652,2.27907800000005,0.));
#2769=CARTESIAN_POINT('Origin',(-9.38666165869382,5.17134940309585,0.));
#2770=CARTESIAN_POINT('',(-12.544652,2.27907800000005,5.));
#2771=CARTESIAN_POINT('Origin',(-9.38666165869382,5.17134940309585,5.));
#2772=CARTESIAN_POINT('',(-12.544652,2.27907800000005,0.));
#2773=CARTESIAN_POINT('Origin',(0.000269569367521427,-4.41611570925482E-5,
0.));
#2774=CARTESIAN_POINT('',(-12.387095,3.020329,0.));
#2775=CARTESIAN_POINT('Origin',(0.000269569367521427,-4.41611570925482E-5,
0.));
#2776=CARTESIAN_POINT('',(-12.387095,3.020329,5.));
#2777=CARTESIAN_POINT('Origin',(0.000269569367521427,-4.41611570925482E-5,
5.));
#2778=CARTESIAN_POINT('',(-12.387095,3.020329,0.));
#2779=CARTESIAN_POINT('Origin',(-10.678521043506,-0.906364007433921,0.));
#2780=CARTESIAN_POINT('',(-10.034301,3.327207,0.));
#2781=CARTESIAN_POINT('Origin',(-10.678521043506,-0.906364007433921,0.));
#2782=CARTESIAN_POINT('',(-10.034301,3.327207,5.));
#2783=CARTESIAN_POINT('Origin',(-10.678521043506,-0.906364007433921,5.));
#2784=CARTESIAN_POINT('',(-10.034301,3.327207,0.));
#2785=CARTESIAN_POINT('Origin',(-8.898567,2.950617,0.));
#2786=CARTESIAN_POINT('',(-8.898567,2.95061699999999,0.));
#2787=CARTESIAN_POINT('',(-8.898567,2.950617,0.));
#2788=CARTESIAN_POINT('',(-8.898567,2.95061699999999,5.));
#2789=CARTESIAN_POINT('',(-8.898567,2.950617,5.));
#2790=CARTESIAN_POINT('',(-8.898567,2.95061699999999,0.));
#2791=CARTESIAN_POINT('Origin',(4.03067579268779E-5,-1.89999269345487E-5,
0.));
#2792=CARTESIAN_POINT('',(-8.147039,4.638576,0.));
#2793=CARTESIAN_POINT('Origin',(4.03067579268779E-5,-1.89999269345487E-5,
0.));
#2794=CARTESIAN_POINT('',(-8.147039,4.638576,5.));
#2795=CARTESIAN_POINT('Origin',(4.03067579268779E-5,-1.89999269345487E-5,
5.));
#2796=CARTESIAN_POINT('',(-8.147039,4.638576,0.));
#2797=CARTESIAN_POINT('Origin',(-9.186855,5.230602,0.));
#2798=CARTESIAN_POINT('',(-9.186855,5.230602,0.));
#2799=CARTESIAN_POINT('',(-9.186855,5.230602,0.));
#2800=CARTESIAN_POINT('',(-9.186855,5.230602,5.));
#2801=CARTESIAN_POINT('',(-9.186855,5.230602,5.));
#2802=CARTESIAN_POINT('',(-9.186855,5.230602,0.));
#2803=CARTESIAN_POINT('Origin',(-6.47176414558374,8.54216197675659,0.));
#2804=CARTESIAN_POINT('',(-10.533126,7.184411,0.));
#2805=CARTESIAN_POINT('Origin',(-6.47176414558374,8.54216197675659,0.));
#2806=CARTESIAN_POINT('',(-10.533126,7.184411,5.));
#2807=CARTESIAN_POINT('Origin',(-6.47176414558374,8.54216197675659,5.));
#2808=CARTESIAN_POINT('',(-10.533126,7.184411,0.));
#2809=CARTESIAN_POINT('Origin',(0.000223218710930784,-0.000159792615659349,
0.));
#2810=CARTESIAN_POINT('',(-10.087696,7.797493,0.));
#2811=CARTESIAN_POINT('Origin',(0.000223218710930784,-0.000159792615659349,
0.));
#2812=CARTESIAN_POINT('',(-10.087696,7.797493,5.));
#2813=CARTESIAN_POINT('Origin',(0.000223218710930784,-0.000159792615659349,
5.));
#2814=CARTESIAN_POINT('',(-10.087696,7.797493,0.));
#2815=CARTESIAN_POINT('Origin',(-10.1239649348404,3.51534072069199,0.));
#2816=CARTESIAN_POINT('',(-7.813493,7.120873,0.));
#2817=CARTESIAN_POINT('Origin',(-10.1239649348404,3.51534072069199,0.));
#2818=CARTESIAN_POINT('',(-7.813493,7.120873,5.));
#2819=CARTESIAN_POINT('Origin',(-10.1239649348404,3.51534072069199,5.));
#2820=CARTESIAN_POINT('',(-7.813493,7.120873,0.));
#2821=CARTESIAN_POINT('Origin',(-6.929121,6.314896,0.));
#2822=CARTESIAN_POINT('',(-6.929121,6.314896,0.));
#2823=CARTESIAN_POINT('',(-6.929121,6.314896,0.));
#2824=CARTESIAN_POINT('',(-6.929121,6.314896,5.));
#2825=CARTESIAN_POINT('',(-6.929121,6.314896,5.));
#2826=CARTESIAN_POINT('',(-6.929121,6.314896,0.));
#2827=CARTESIAN_POINT('Origin',(2.80978660471831E-5,-3.51009204913044E-5,
0.));
#2828=CARTESIAN_POINT('',(-5.556011,7.551249,0.));
#2829=CARTESIAN_POINT('Origin',(2.80978660471831E-5,-3.51009204913044E-5,
0.));
#2830=CARTESIAN_POINT('',(-5.556011,7.551249,5.));
#2831=CARTESIAN_POINT('Origin',(2.80978660471831E-5,-3.51009204913044E-5,
5.));
#2832=CARTESIAN_POINT('',(-5.556011,7.551249,0.));
#2833=CARTESIAN_POINT('Origin',(-6.265132,8.515024,0.));
#2834=CARTESIAN_POINT('',(-6.265132,8.515024,0.));
#2835=CARTESIAN_POINT('',(-6.265132,8.515024,0.));
#2836=CARTESIAN_POINT('',(-6.265132,8.515024,5.));
#2837=CARTESIAN_POINT('',(-6.265132,8.515024,5.));
#2838=CARTESIAN_POINT('',(-6.265132,8.515024,0.));
#2839=CARTESIAN_POINT('Origin',(-2.43784215339148,10.4359570181194,0.));
#2840=CARTESIAN_POINT('',(-6.70032599999999,10.847494,0.));
#2841=CARTESIAN_POINT('Origin',(-2.43784215339148,10.4359570181194,0.));
#2842=CARTESIAN_POINT('',(-6.70032599999999,10.847494,5.));
#2843=CARTESIAN_POINT('Origin',(-2.43784215339148,10.4359570181194,5.));
#2844=CARTESIAN_POINT('',(-6.70032599999999,10.847494,0.));
#2845=CARTESIAN_POINT('Origin',(0.000146067974295949,-0.000229033480279028,
0.));
#2846=CARTESIAN_POINT('',(-6.044043,11.2264,0.));
#2847=CARTESIAN_POINT('Origin',(0.000146067974295949,-0.000229033480279028,
0.));
#2848=CARTESIAN_POINT('',(-6.044043,11.2264,5.));
#2849=CARTESIAN_POINT('Origin',(0.000146067974295949,-0.000229033480279028,
5.));
#2850=CARTESIAN_POINT('',(-6.044043,11.2264,0.));
#2851=CARTESIAN_POINT('Origin',(-7.81888471003387,7.32921048470554,0.));
#2852=CARTESIAN_POINT('',(-4.241661,9.683275,0.));
#2853=CARTESIAN_POINT('Origin',(-7.81888471003387,7.32921048470554,0.));
#2854=CARTESIAN_POINT('',(-4.241661,9.683275,5.));
#2855=CARTESIAN_POINT('Origin',(-7.81888471003387,7.32921048470554,5.));
#2856=CARTESIAN_POINT('',(-4.241661,9.683275,0.));
#2857=CARTESIAN_POINT('Origin',(-3.761568,8.587272,0.));
#2858=CARTESIAN_POINT('',(-3.761568,8.587272,0.));
#2859=CARTESIAN_POINT('',(-3.761568,8.587272,0.));
#2860=CARTESIAN_POINT('',(-3.761568,8.587272,5.));
#2861=CARTESIAN_POINT('',(-3.761568,8.587272,5.));
#2862=CARTESIAN_POINT('',(-3.761568,8.587272,0.));
#2863=CARTESIAN_POINT('Origin',(1.35180867805174E-5,-4.58884844534158E-5,
0.));
#2864=CARTESIAN_POINT('',(-2.004299,9.158243,0.));
#2865=CARTESIAN_POINT('Origin',(1.35180867805174E-5,-4.58884844534158E-5,
0.));
#2866=CARTESIAN_POINT('',(-2.004299,9.158243,5.));
#2867=CARTESIAN_POINT('Origin',(1.35180867805174E-5,-4.58884844534158E-5,
5.));
#2868=CARTESIAN_POINT('',(-2.004299,9.158243,0.));
#2869=CARTESIAN_POINT('Origin',(-2.26011,10.32712,0.));
#2870=CARTESIAN_POINT('',(-2.26011,10.32712,0.));
#2871=CARTESIAN_POINT('',(-2.26011,10.32712,0.));
#2872=CARTESIAN_POINT('',(-2.26011,10.32712,5.));
#2873=CARTESIAN_POINT('',(-2.26011,10.32712,5.));
#2874=CARTESIAN_POINT('',(-2.26011,10.32712,0.));
#2875=CARTESIAN_POINT('Origin',(2.017607328983,10.525281643531,0.));
#2876=CARTESIAN_POINT('',(-1.708979,12.634947,0.));
#2877=CARTESIAN_POINT('Origin',(2.017607328983,10.525281643531,0.));
#2878=CARTESIAN_POINT('',(-1.708979,12.634947,5.));
#2879=CARTESIAN_POINT('Origin',(2.017607328983,10.525281643531,5.));
#2880=CARTESIAN_POINT('',(-1.708979,12.634947,0.));
#2881=CARTESIAN_POINT('Origin',(3.1624819839815E-5,-0.000263693523350206,
0.));
#2882=CARTESIAN_POINT('',(-0.955319999999998,12.71416,0.));
#2883=CARTESIAN_POINT('Origin',(3.1624819839815E-5,-0.000263693523350206,
0.));
#2884=CARTESIAN_POINT('',(-0.955319999999998,12.71416,5.));
#2885=CARTESIAN_POINT('Origin',(3.1624819839815E-5,-0.000263693523350206,
5.));
#2886=CARTESIAN_POINT('',(-0.955319999999998,12.71416,0.));
#2887=CARTESIAN_POINT('Origin',(-4.16184695912029,9.87579267023653,0.));
#2888=CARTESIAN_POINT('',(0.0635930000000001,10.571351,0.));
#2889=CARTESIAN_POINT('Origin',(-4.16184695912029,9.87579267023653,0.));
#2890=CARTESIAN_POINT('',(0.0635930000000001,10.571351,5.));
#2891=CARTESIAN_POINT('Origin',(-4.16184695912029,9.87579267023653,5.));
#2892=CARTESIAN_POINT('',(0.0635930000000001,10.571351,0.));
#2893=CARTESIAN_POINT('Origin',(0.0563949999999999,9.37483,0.));
#2894=CARTESIAN_POINT('',(0.0563949999999999,9.37483,0.));
#2895=CARTESIAN_POINT('',(0.0563949999999999,9.37483,0.));
#2896=CARTESIAN_POINT('',(0.0563949999999996,9.37483,5.));
#2897=CARTESIAN_POINT('',(0.0563949999999999,9.37483,5.));
#2898=CARTESIAN_POINT('',(0.0563949999999999,9.37483,0.));
#2899=CARTESIAN_POINT('Origin',(-2.92323558061247E-6,-4.31749291762706E-5,
0.));
#2900=CARTESIAN_POINT('',(1.893974,9.181693,0.));
#2901=CARTESIAN_POINT('Origin',(-2.92323558061247E-6,-4.31749291762706E-5,
0.));
#2902=CARTESIAN_POINT('',(1.893974,9.181693,5.));
#2903=CARTESIAN_POINT('Origin',(-2.92323558061247E-6,-4.31749291762706E-5,
5.));
#2904=CARTESIAN_POINT('',(1.893974,9.181693,0.));
#2905=CARTESIAN_POINT('Origin',(2.135704,10.353563,0.));
#2906=CARTESIAN_POINT('',(2.135704,10.353563,0.));
#2907=CARTESIAN_POINT('',(2.135704,10.353563,0.));
#2908=CARTESIAN_POINT('',(2.135704,10.353563,5.));
#2909=CARTESIAN_POINT('',(2.135704,10.353563,5.));
#2910=CARTESIAN_POINT('',(2.135704,10.353563,0.));
#2911=CARTESIAN_POINT('Origin',(6.1241938426299,8.79468674796734,0.));
#2912=CARTESIAN_POINT('',(3.577866,12.237703,0.));
#2913=CARTESIAN_POINT('Origin',(6.1241938426299,8.79468674796734,0.));
#2914=CARTESIAN_POINT('',(3.577866,12.237703,5.));
#2915=CARTESIAN_POINT('Origin',(6.1241938426299,8.79468674796734,5.));
#2916=CARTESIAN_POINT('',(3.577866,12.237703,0.));
#2917=CARTESIAN_POINT('Origin',(-7.71507374291991E-5,-0.000260518683121713,
0.));
#2918=CARTESIAN_POINT('',(4.298587,12.003527,0.));
#2919=CARTESIAN_POINT('Origin',(-7.71507374291991E-5,-0.000260518683121713,
0.));
#2920=CARTESIAN_POINT('',(4.298587,12.003527,5.));
#2921=CARTESIAN_POINT('Origin',(-7.71507374291991E-5,-0.000260518683121713,
5.));
#2922=CARTESIAN_POINT('',(4.298587,12.003527,0.));
#2923=CARTESIAN_POINT('Origin',(0.214810108533462,10.7147619706181,0.));
#2924=CARTESIAN_POINT('',(4.357851,9.631544,0.));
#2925=CARTESIAN_POINT('Origin',(0.214810108533462,10.7147619706181,0.));
#2926=CARTESIAN_POINT('',(4.357851,9.631544,5.));
#2927=CARTESIAN_POINT('Origin',(0.214810108533462,10.7147619706181,5.));
#2928=CARTESIAN_POINT('',(4.357851,9.631544,0.));
#2929=CARTESIAN_POINT('Origin',(3.864606,8.541396,0.));
#2930=CARTESIAN_POINT('',(3.864606,8.541396,0.));
#2931=CARTESIAN_POINT('',(3.864606,8.541396,0.));
#2932=CARTESIAN_POINT('',(3.864606,8.541396,5.));
#2933=CARTESIAN_POINT('',(3.864606,8.541396,5.));
#2934=CARTESIAN_POINT('',(3.864606,8.541396,0.));
#2935=CARTESIAN_POINT('Origin',(-2.43654354714629E-5,-4.29107000154971E-5,
0.));
#2936=CARTESIAN_POINT('',(5.464763,7.617545,0.));
#2937=CARTESIAN_POINT('Origin',(-2.43654354714629E-5,-4.29107000154971E-5,
0.));
#2938=CARTESIAN_POINT('',(5.464763,7.617545,5.));
#2939=CARTESIAN_POINT('Origin',(-2.43654354714629E-5,-4.29107000154971E-5,
5.));
#2940=CARTESIAN_POINT('',(5.464763,7.617545,0.));
#2941=CARTESIAN_POINT('Origin',(6.162236,8.589781,0.));
#2942=CARTESIAN_POINT('',(6.162236,8.589781,0.));
#2943=CARTESIAN_POINT('',(6.162236,8.589781,0.));
#2944=CARTESIAN_POINT('',(6.162236,8.589781,5.));
#2945=CARTESIAN_POINT('',(6.162236,8.589781,5.));
#2946=CARTESIAN_POINT('',(6.162236,8.589781,0.));
#2947=CARTESIAN_POINT('Origin',(9.17185205016038,5.54341083335769,0.));
#2948=CARTESIAN_POINT('',(8.24606599999999,9.72444900000001,0.));
#2949=CARTESIAN_POINT('Origin',(9.17185205016038,5.54341083335769,0.));
#2950=CARTESIAN_POINT('',(8.24606599999999,9.72444900000001,5.));
#2951=CARTESIAN_POINT('Origin',(9.17185205016038,5.54341083335769,5.));
#2952=CARTESIAN_POINT('',(8.24606599999999,9.72444900000001,0.));
#2953=CARTESIAN_POINT('Origin',(-0.000191918629856014,-0.00019953981433285,
0.));
#2954=CARTESIAN_POINT('',(8.809229,9.217374,0.));
#2955=CARTESIAN_POINT('Origin',(-0.000191918629856014,-0.00019953981433285,
0.));
#2956=CARTESIAN_POINT('',(8.809229,9.217374,5.));
#2957=CARTESIAN_POINT('Origin',(-0.000191918629856014,-0.00019953981433285,
5.));
#2958=CARTESIAN_POINT('',(8.809229,9.217374,0.));
#2959=CARTESIAN_POINT('Origin',(4.55432670087615,9.70105248956583,0.));
#2960=CARTESIAN_POINT('',(7.898596,7.026356,0.));
#2961=CARTESIAN_POINT('Origin',(4.55432670087615,9.70105248956583,0.));
#2962=CARTESIAN_POINT('',(7.898596,7.026356,5.));
#2963=CARTESIAN_POINT('Origin',(4.55432670087615,9.70105248956583,5.));
#2964=CARTESIAN_POINT('',(7.898596,7.026356,0.));
#2965=CARTESIAN_POINT('Origin',(7.004592,6.231076,0.));
#2966=CARTESIAN_POINT('',(7.004592,6.231076,0.));
#2967=CARTESIAN_POINT('',(7.004592,6.231076,0.));
#2968=CARTESIAN_POINT('',(7.004592,6.231076,5.));
#2969=CARTESIAN_POINT('',(7.004592,6.231076,5.));
#2970=CARTESIAN_POINT('',(7.004592,6.231076,0.));
#2971=CARTESIAN_POINT('Origin',(-3.28343218225502E-5,-2.87242026919543E-5,
0.));
#2972=CARTESIAN_POINT('',(8.090644,4.736255,0.));
#2973=CARTESIAN_POINT('Origin',(-3.28343218225502E-5,-2.87242026919543E-5,
0.));
#2974=CARTESIAN_POINT('',(8.090644,4.736255,5.));
#2975=CARTESIAN_POINT('Origin',(-3.28343218225502E-5,-2.87242026919543E-5,
5.));
#2976=CARTESIAN_POINT('',(8.090644,4.736255,0.));
#2977=CARTESIAN_POINT('Origin',(9.123262,5.340748,0.));
#2978=CARTESIAN_POINT('',(9.123262,5.340748,0.));
#2979=CARTESIAN_POINT('',(9.123262,5.340748,0.));
#2980=CARTESIAN_POINT('',(9.123262,5.340748,5.));
#2981=CARTESIAN_POINT('',(9.123262,5.340748,5.));
#2982=CARTESIAN_POINT('',(9.123262,5.340748,0.));
#2983=CARTESIAN_POINT('Origin',(10.6336123388686,1.33363192764448,0.));
#2984=CARTESIAN_POINT('',(11.488445,5.529749,0.));
#2985=CARTESIAN_POINT('Origin',(10.6336123388686,1.33363192764448,0.));
#2986=CARTESIAN_POINT('',(11.488445,5.529749,5.));
#2987=CARTESIAN_POINT('Origin',(10.6336123388686,1.33363192764448,5.));
#2988=CARTESIAN_POINT('',(11.488445,5.529749,0.));
#2989=CARTESIAN_POINT('Origin',(-0.000255343529542706,-0.000120718615064241,
0.));
#2990=CARTESIAN_POINT('',(11.796675,4.837454,0.));
#2991=CARTESIAN_POINT('Origin',(-0.000255343529542706,-0.000120718615064241,
0.));
#2992=CARTESIAN_POINT('',(11.796675,4.837454,5.));
#2993=CARTESIAN_POINT('Origin',(-0.000255343529542706,-0.000120718615064241,
5.));
#2994=CARTESIAN_POINT('',(11.796675,4.837454,0.));
#2995=CARTESIAN_POINT('Origin',(8.10635760585744,7.00994092283904,0.));
#2996=CARTESIAN_POINT('',(10.073603,3.206247,0.));
#2997=CARTESIAN_POINT('Origin',(8.10635760585744,7.00994092283904,0.));
#2998=CARTESIAN_POINT('',(10.073603,3.206247,5.));
#2999=CARTESIAN_POINT('Origin',(8.10635760585744,7.00994092283904,5.));
#3000=CARTESIAN_POINT('',(10.073603,3.206247,0.));
#3001=CARTESIAN_POINT('Origin',(8.933421,2.843347,0.));
#3002=CARTESIAN_POINT('',(8.933421,2.843347,0.));
#3003=CARTESIAN_POINT('',(8.933421,2.843347,0.));
#3004=CARTESIAN_POINT('',(8.933421,2.843347,5.));
#3005=CARTESIAN_POINT('',(8.933421,2.843347,5.));
#3006=CARTESIAN_POINT('',(8.933421,2.843347,0.));
#3007=CARTESIAN_POINT('Origin',(-4.11159528124205E-5,-5.738363558494E-6,
0.));
#3008=CARTESIAN_POINT('',(9.317579,1.036023,0.));
#3009=CARTESIAN_POINT('Origin',(-4.11159528124205E-5,-5.738363558494E-6,
0.));
#3010=CARTESIAN_POINT('',(9.317579,1.036023,5.));
#3011=CARTESIAN_POINT('Origin',(-4.11159528124205E-5,-5.738363558494E-6,
5.));
#3012=CARTESIAN_POINT('',(9.317579,1.036023,0.));
#3013=CARTESIAN_POINT('Origin',(10.506793,1.168251,0.));
#3014=CARTESIAN_POINT('',(10.506793,1.168251,0.));
#3015=CARTESIAN_POINT('',(10.506793,1.168251,0.));
#3016=CARTESIAN_POINT('',(10.506793,1.168251,5.));
#3017=CARTESIAN_POINT('',(10.506793,1.168251,5.));
#3018=CARTESIAN_POINT('',(10.506793,1.168251,0.));
#3019=CARTESIAN_POINT('Origin',(10.2567251292608,-3.10674703341388,0.));
#3020=CARTESIAN_POINT('',(12.744369,0.378904999999982,0.));
#3021=CARTESIAN_POINT('Origin',(10.2567251292608,-3.10674703341388,0.));
#3022=CARTESIAN_POINT('',(12.744369,0.378904999999983,5.));
#3023=CARTESIAN_POINT('Origin',(10.2567251292608,-3.10674703341388,5.));
#3024=CARTESIAN_POINT('',(12.744369,0.378904999999982,0.));
#3025=CARTESIAN_POINT('Origin',(-0.000258500534000561,3.46944695195361E-17,
0.));
#3026=CARTESIAN_POINT('',(12.744369,-0.378905,0.));
#3027=CARTESIAN_POINT('Origin',(-0.000258500534000561,3.46944695195361E-17,
0.));
#3028=CARTESIAN_POINT('',(12.744369,-0.378905,5.));
#3029=CARTESIAN_POINT('Origin',(-0.000258500534000561,3.46944695195361E-17,
5.));
#3030=CARTESIAN_POINT('',(12.744369,-0.378905,0.));
#3031=CARTESIAN_POINT('Origin',(10.2567251292608,3.10674703341389,0.));
#3032=CARTESIAN_POINT('',(10.506793,-1.168251,0.));
#3033=CARTESIAN_POINT('Origin',(10.2567251292608,3.10674703341389,0.));
#3034=CARTESIAN_POINT('',(10.506793,-1.168251,5.));
#3035=CARTESIAN_POINT('Origin',(10.2567251292608,3.10674703341389,5.));
#3036=CARTESIAN_POINT('',(10.506793,-1.168251,0.));
#3037=CARTESIAN_POINT('Origin',(9.317579,-1.036023,0.));
#3038=CARTESIAN_POINT('',(9.317579,-1.03602300000001,0.));
#3039=CARTESIAN_POINT('',(9.317579,-1.036023,0.));
#3040=CARTESIAN_POINT('',(9.317579,-1.03602300000001,5.));
#3041=CARTESIAN_POINT('',(9.317579,-1.036023,5.));
#3042=CARTESIAN_POINT('',(9.317579,-1.03602300000001,0.));
#3043=CARTESIAN_POINT('Origin',(-4.11159527147209E-5,5.73836353767732E-6,
0.));
#3044=CARTESIAN_POINT('',(8.933421,-2.843347,0.));
#3045=CARTESIAN_POINT('Origin',(-4.11159527147209E-5,5.73836353767732E-6,
0.));
#3046=CARTESIAN_POINT('',(8.933421,-2.843347,5.));
#3047=CARTESIAN_POINT('Origin',(-4.11159527147209E-5,5.73836353767732E-6,
5.));
#3048=CARTESIAN_POINT('',(8.933421,-2.843347,0.));
#3049=CARTESIAN_POINT('Origin',(10.073603,-3.206247,0.));
#3050=CARTESIAN_POINT('',(10.073603,-3.206247,0.));
#3051=CARTESIAN_POINT('',(10.073603,-3.206247,0.));
#3052=CARTESIAN_POINT('',(10.073603,-3.206247,5.));
#3053=CARTESIAN_POINT('',(10.073603,-3.206247,5.));
#3054=CARTESIAN_POINT('',(10.073603,-3.206247,0.));
#3055=CARTESIAN_POINT('Origin',(8.10635760585744,-7.00994092283905,0.));
#3056=CARTESIAN_POINT('',(11.796675,-4.83745400000001,0.));
#3057=CARTESIAN_POINT('Origin',(8.10635760585744,-7.00994092283905,0.));
#3058=CARTESIAN_POINT('',(11.796675,-4.83745400000001,5.));
#3059=CARTESIAN_POINT('Origin',(8.10635760585744,-7.00994092283905,5.));
#3060=CARTESIAN_POINT('',(11.796675,-4.83745400000001,0.));
#3061=CARTESIAN_POINT('Origin',(-0.000255343527646446,0.000120718614220472,
0.));
#3062=CARTESIAN_POINT('',(11.488445,-5.529749,0.));
#3063=CARTESIAN_POINT('Origin',(-0.000255343527646446,0.000120718614220472,
0.));
#3064=CARTESIAN_POINT('',(11.488445,-5.529749,5.));
#3065=CARTESIAN_POINT('Origin',(-0.000255343527646446,0.000120718614220472,
5.));
#3066=CARTESIAN_POINT('',(11.488445,-5.529749,0.));
#3067=CARTESIAN_POINT('Origin',(10.6336123388686,-1.33363192764448,0.));
#3068=CARTESIAN_POINT('',(9.123262,-5.340748,0.));
#3069=CARTESIAN_POINT('Origin',(10.6336123388686,-1.33363192764448,0.));
#3070=CARTESIAN_POINT('',(9.123262,-5.340748,5.));
#3071=CARTESIAN_POINT('Origin',(10.6336123388686,-1.33363192764448,5.));
#3072=CARTESIAN_POINT('',(9.123262,-5.340748,0.));
#3073=CARTESIAN_POINT('Origin',(8.090644,-4.736255,0.));
#3074=CARTESIAN_POINT('',(8.090644,-4.736255,0.));
#3075=CARTESIAN_POINT('',(8.090644,-4.736255,0.));
#3076=CARTESIAN_POINT('',(8.090644,-4.736255,5.));
#3077=CARTESIAN_POINT('',(8.090644,-4.736255,5.));
#3078=CARTESIAN_POINT('',(8.090644,-4.736255,0.));
#3079=CARTESIAN_POINT('Origin',(-3.28343217748106E-5,2.87242026575374E-5,
0.));
#3080=CARTESIAN_POINT('',(7.004592,-6.231076,0.));
#3081=CARTESIAN_POINT('Origin',(-3.28343217748106E-5,2.87242026575374E-5,
0.));
#3082=CARTESIAN_POINT('',(7.004592,-6.231076,5.));
#3083=CARTESIAN_POINT('Origin',(-3.28343217748106E-5,2.87242026575374E-5,
5.));
#3084=CARTESIAN_POINT('',(7.004592,-6.231076,0.));
#3085=CARTESIAN_POINT('Origin',(7.898596,-7.026356,0.));
#3086=CARTESIAN_POINT('',(7.898596,-7.026356,0.));
#3087=CARTESIAN_POINT('',(7.898596,-7.026356,0.));
#3088=CARTESIAN_POINT('',(7.898596,-7.026356,5.));
#3089=CARTESIAN_POINT('',(7.898596,-7.026356,5.));
#3090=CARTESIAN_POINT('',(7.898596,-7.026356,0.));
#3091=CARTESIAN_POINT('Origin',(4.55432670087612,-9.70105248956584,0.));
#3092=CARTESIAN_POINT('',(8.809229,-9.217374,0.));
#3093=CARTESIAN_POINT('Origin',(4.55432670087612,-9.70105248956584,0.));
#3094=CARTESIAN_POINT('',(8.809229,-9.217374,5.));
#3095=CARTESIAN_POINT('Origin',(4.55432670087612,-9.70105248956584,5.));
#3096=CARTESIAN_POINT('',(8.809229,-9.217374,0.));
#3097=CARTESIAN_POINT('Origin',(-0.000191918631117227,0.000199539815733951,
0.));
#3098=CARTESIAN_POINT('',(8.246066,-9.724449,0.));
#3099=CARTESIAN_POINT('Origin',(-0.000191918631117227,0.000199539815733951,
0.));
#3100=CARTESIAN_POINT('',(8.246066,-9.724449,5.));
#3101=CARTESIAN_POINT('Origin',(-0.000191918631117227,0.000199539815733951,
5.));
#3102=CARTESIAN_POINT('',(8.246066,-9.724449,0.));
#3103=CARTESIAN_POINT('Origin',(9.17185205016038,-5.54341083335768,0.));
#3104=CARTESIAN_POINT('',(6.162236,-8.589781,0.));
#3105=CARTESIAN_POINT('Origin',(9.17185205016038,-5.54341083335768,0.));
#3106=CARTESIAN_POINT('',(6.162236,-8.589781,5.));
#3107=CARTESIAN_POINT('Origin',(9.17185205016038,-5.54341083335768,5.));
#3108=CARTESIAN_POINT('',(6.162236,-8.589781,0.));
#3109=CARTESIAN_POINT('Origin',(5.464763,-7.617545,0.));
#3110=CARTESIAN_POINT('',(5.46476299999999,-7.617545,0.));
#3111=CARTESIAN_POINT('',(5.464763,-7.617545,0.));
#3112=CARTESIAN_POINT('',(5.46476299999999,-7.617545,5.));
#3113=CARTESIAN_POINT('',(5.464763,-7.617545,5.));
#3114=CARTESIAN_POINT('',(5.46476299999999,-7.617545,0.));
#3115=CARTESIAN_POINT('Origin',(-2.43654353593303E-5,4.29106998223183E-5,
0.));
#3116=CARTESIAN_POINT('',(3.864606,-8.541396,0.));
#3117=CARTESIAN_POINT('Origin',(-2.43654353593303E-5,4.29106998223183E-5,
0.));
#3118=CARTESIAN_POINT('',(3.864606,-8.541396,5.));
#3119=CARTESIAN_POINT('Origin',(-2.43654353593303E-5,4.29106998223183E-5,
5.));
#3120=CARTESIAN_POINT('',(3.864606,-8.541396,0.));
#3121=CARTESIAN_POINT('Origin',(4.357851,-9.631544,0.));
#3122=CARTESIAN_POINT('',(4.357851,-9.631544,0.));
#3123=CARTESIAN_POINT('',(4.357851,-9.631544,0.));
#3124=CARTESIAN_POINT('',(4.357851,-9.631544,5.));
#3125=CARTESIAN_POINT('',(4.357851,-9.631544,5.));
#3126=CARTESIAN_POINT('',(4.357851,-9.631544,0.));
#3127=CARTESIAN_POINT('Origin',(0.214810108533464,-10.7147619706181,0.));
#3128=CARTESIAN_POINT('',(4.29858700000001,-12.003527,0.));
#3129=CARTESIAN_POINT('Origin',(0.214810108533464,-10.7147619706181,0.));
#3130=CARTESIAN_POINT('',(4.29858700000001,-12.003527,5.));
#3131=CARTESIAN_POINT('Origin',(0.214810108533464,-10.7147619706181,5.));
#3132=CARTESIAN_POINT('',(4.29858700000001,-12.003527,0.));
#3133=CARTESIAN_POINT('Origin',(-7.7150735945386E-5,0.000260518678556476,
0.));
#3134=CARTESIAN_POINT('Origin',(-7.7150735945386E-5,0.000260518678556476,
0.));
#3135=CARTESIAN_POINT('Origin',(-7.7150735945386E-5,0.000260518678556476,
5.));
#3136=CARTESIAN_POINT('Origin',(0.102674143054999,0.,5.));
#3137=CARTESIAN_POINT('Origin',(0.102674143054999,0.,0.));
#3138=UNCERTAINTY_MEASURE_WITH_UNIT(LENGTH_MEASURE(0.01),#3142,
'DISTANCE_ACCURACY_VALUE',
'Maximum model space distance between geometric entities at asserted c
onnectivities');
#3139=UNCERTAINTY_MEASURE_WITH_UNIT(LENGTH_MEASURE(0.01),#3142,
'DISTANCE_ACCURACY_VALUE',
'Maximum model space distance between geometric entities at asserted c
onnectivities');
#3140=(
GEOMETRIC_REPRESENTATION_CONTEXT(3)
GLOBAL_UNCERTAINTY_ASSIGNED_CONTEXT((#3138))
GLOBAL_UNIT_ASSIGNED_CONTEXT((#3142,#3144,#3145))
REPRESENTATION_CONTEXT('','3D')
);
#3141=(
GEOMETRIC_REPRESENTATION_CONTEXT(3)
GLOBAL_UNCERTAINTY_ASSIGNED_CONTEXT((#3139))
GLOBAL_UNIT_ASSIGNED_CONTEXT((#3142,#3144,#3145))
REPRESENTATION_CONTEXT('','3D')
);
#3142=(
LENGTH_UNIT()
NAMED_UNIT(*)
SI_UNIT(.MILLI.,.METRE.)
);
#3143=(
LENGTH_UNIT()
NAMED_UNIT(*)
SI_UNIT($,.METRE.)
);
#3144=(
NAMED_UNIT(*)
PLANE_ANGLE_UNIT()
SI_UNIT($,.RADIAN.)
);
#3145=(
NAMED_UNIT(*)
SI_UNIT($,.STERADIAN.)
SOLID_ANGLE_UNIT()
);
#3146=SHAPE_DEFINITION_REPRESENTATION(#3147,#3148);
#3147=PRODUCT_DEFINITION_SHAPE('',$,#3150);
#3148=SHAPE_REPRESENTATION('',(#1806),#3140);
#3149=PRODUCT_DEFINITION_CONTEXT('part definition',#3154,'design');
#3150=PRODUCT_DEFINITION('2026-09-20-16-46-53-052',
'DriverGear_Yaw_Final',#3151,#3149);
#3151=PRODUCT_DEFINITION_FORMATION('',$,#3156);
#3152=PRODUCT_RELATED_PRODUCT_CATEGORY('DriverGear_Yaw_Final',
'DriverGear_Yaw_Final',(#3156));
#3153=APPLICATION_PROTOCOL_DEFINITION('international standard',
'automotive_design',2009,#3154);
#3154=APPLICATION_CONTEXT(
'Core Data for Automotive Mechanical Design Process');
#3155=PRODUCT_CONTEXT('part definition',#3154,'mechanical');
#3156=PRODUCT('2026-09-20-16-46-53-052','DriverGear_Yaw_Final',$,(#3155));
#3157=PRESENTATION_STYLE_ASSIGNMENT((#3158));
#3158=SURFACE_STYLE_USAGE(.BOTH.,#3159);
#3159=SURFACE_SIDE_STYLE('',(#3160));
#3160=SURFACE_STYLE_FILL_AREA(#3161);
#3161=FILL_AREA_STYLE('Steel - Satin',(#3162));
#3162=FILL_AREA_STYLE_COLOUR('Steel - Satin',#3163);
#3163=COLOUR_RGB('Steel - Satin',0.627450980392157,0.627450980392157,0.627450980392157);
ENDSEC;
END-ISO-10303-21;
