ISO-10303-21;
HEADER;
/* Generated by software containing ST-Developer
 * from STEP Tools, Inc. (www.steptools.com) 
 */

FILE_DESCRIPTION(
/* description */ (''),
/* implementation_level */ '2;1');

FILE_NAME(
/* name */ 'InternalGear_Yaw.step',
/* time_stamp */ '2026-09-20T18:18:12+05:30',
/* author */ (''),
/* organization */ (''),
/* preprocessor_version */ 'ST-DEVELOPER v20.2',
/* originating_system */ 'Autodesk Translation Framework v15.15.0.0',
/* authorisation */ '');

FILE_SCHEMA (('AUTOMOTIVE_DESIGN { 1 0 10303 214 3 1 1 }'));
ENDSEC;

DATA;
#10=MECHANICAL_DESIGN_GEOMETRIC_PRESENTATION_REPRESENTATION('',(#13),#5741);
#11=SHAPE_REPRESENTATION_RELATIONSHIP('SRR','None',#5748,#12);
#12=ADVANCED_BREP_SHAPE_REPRESENTATION('',(#14),#5740);
#13=STYLED_ITEM('',(#5757),#14);
#14=MANIFOLD_SOLID_BREP('Body1',#3113);
#15=FACE_BOUND('',#190,.T.);
#16=FACE_BOUND('',#354,.T.);
#17=PLANE('',#3130);
#18=PLANE('',#3131);
#19=PLANE('',#3292);
#20=PLANE('',#3616);
#21=FACE_OUTER_BOUND('',#187,.T.);
#22=FACE_OUTER_BOUND('',#188,.T.);
#23=FACE_OUTER_BOUND('',#189,.T.);
#24=FACE_OUTER_BOUND('',#191,.T.);
#25=FACE_OUTER_BOUND('',#192,.T.);
#26=FACE_OUTER_BOUND('',#193,.T.);
#27=FACE_OUTER_BOUND('',#194,.T.);
#28=FACE_OUTER_BOUND('',#195,.T.);
#29=FACE_OUTER_BOUND('',#196,.T.);
#30=FACE_OUTER_BOUND('',#197,.T.);
#31=FACE_OUTER_BOUND('',#198,.T.);
#32=FACE_OUTER_BOUND('',#199,.T.);
#33=FACE_OUTER_BOUND('',#200,.T.);
#34=FACE_OUTER_BOUND('',#201,.T.);
#35=FACE_OUTER_BOUND('',#202,.T.);
#36=FACE_OUTER_BOUND('',#203,.T.);
#37=FACE_OUTER_BOUND('',#204,.T.);
#38=FACE_OUTER_BOUND('',#205,.T.);
#39=FACE_OUTER_BOUND('',#206,.T.);
#40=FACE_OUTER_BOUND('',#207,.T.);
#41=FACE_OUTER_BOUND('',#208,.T.);
#42=FACE_OUTER_BOUND('',#209,.T.);
#43=FACE_OUTER_BOUND('',#210,.T.);
#44=FACE_OUTER_BOUND('',#211,.T.);
#45=FACE_OUTER_BOUND('',#212,.T.);
#46=FACE_OUTER_BOUND('',#213,.T.);
#47=FACE_OUTER_BOUND('',#214,.T.);
#48=FACE_OUTER_BOUND('',#215,.T.);
#49=FACE_OUTER_BOUND('',#216,.T.);
#50=FACE_OUTER_BOUND('',#217,.T.);
#51=FACE_OUTER_BOUND('',#218,.T.);
#52=FACE_OUTER_BOUND('',#219,.T.);
#53=FACE_OUTER_BOUND('',#220,.T.);
#54=FACE_OUTER_BOUND('',#221,.T.);
#55=FACE_OUTER_BOUND('',#222,.T.);
#56=FACE_OUTER_BOUND('',#223,.T.);
#57=FACE_OUTER_BOUND('',#224,.T.);
#58=FACE_OUTER_BOUND('',#225,.T.);
#59=FACE_OUTER_BOUND('',#226,.T.);
#60=FACE_OUTER_BOUND('',#227,.T.);
#61=FACE_OUTER_BOUND('',#228,.T.);
#62=FACE_OUTER_BOUND('',#229,.T.);
#63=FACE_OUTER_BOUND('',#230,.T.);
#64=FACE_OUTER_BOUND('',#231,.T.);
#65=FACE_OUTER_BOUND('',#232,.T.);
#66=FACE_OUTER_BOUND('',#233,.T.);
#67=FACE_OUTER_BOUND('',#234,.T.);
#68=FACE_OUTER_BOUND('',#235,.T.);
#69=FACE_OUTER_BOUND('',#236,.T.);
#70=FACE_OUTER_BOUND('',#237,.T.);
#71=FACE_OUTER_BOUND('',#238,.T.);
#72=FACE_OUTER_BOUND('',#239,.T.);
#73=FACE_OUTER_BOUND('',#240,.T.);
#74=FACE_OUTER_BOUND('',#241,.T.);
#75=FACE_OUTER_BOUND('',#242,.T.);
#76=FACE_OUTER_BOUND('',#243,.T.);
#77=FACE_OUTER_BOUND('',#244,.T.);
#78=FACE_OUTER_BOUND('',#245,.T.);
#79=FACE_OUTER_BOUND('',#246,.T.);
#80=FACE_OUTER_BOUND('',#247,.T.);
#81=FACE_OUTER_BOUND('',#248,.T.);
#82=FACE_OUTER_BOUND('',#249,.T.);
#83=FACE_OUTER_BOUND('',#250,.T.);
#84=FACE_OUTER_BOUND('',#251,.T.);
#85=FACE_OUTER_BOUND('',#252,.T.);
#86=FACE_OUTER_BOUND('',#253,.T.);
#87=FACE_OUTER_BOUND('',#254,.T.);
#88=FACE_OUTER_BOUND('',#255,.T.);
#89=FACE_OUTER_BOUND('',#256,.T.);
#90=FACE_OUTER_BOUND('',#257,.T.);
#91=FACE_OUTER_BOUND('',#258,.T.);
#92=FACE_OUTER_BOUND('',#259,.T.);
#93=FACE_OUTER_BOUND('',#260,.T.);
#94=FACE_OUTER_BOUND('',#261,.T.);
#95=FACE_OUTER_BOUND('',#262,.T.);
#96=FACE_OUTER_BOUND('',#263,.T.);
#97=FACE_OUTER_BOUND('',#264,.T.);
#98=FACE_OUTER_BOUND('',#265,.T.);
#99=FACE_OUTER_BOUND('',#266,.T.);
#100=FACE_OUTER_BOUND('',#267,.T.);
#101=FACE_OUTER_BOUND('',#268,.T.);
#102=FACE_OUTER_BOUND('',#269,.T.);
#103=FACE_OUTER_BOUND('',#270,.T.);
#104=FACE_OUTER_BOUND('',#271,.T.);
#105=FACE_OUTER_BOUND('',#272,.T.);
#106=FACE_OUTER_BOUND('',#273,.T.);
#107=FACE_OUTER_BOUND('',#274,.T.);
#108=FACE_OUTER_BOUND('',#275,.T.);
#109=FACE_OUTER_BOUND('',#276,.T.);
#110=FACE_OUTER_BOUND('',#277,.T.);
#111=FACE_OUTER_BOUND('',#278,.T.);
#112=FACE_OUTER_BOUND('',#279,.T.);
#113=FACE_OUTER_BOUND('',#280,.T.);
#114=FACE_OUTER_BOUND('',#281,.T.);
#115=FACE_OUTER_BOUND('',#282,.T.);
#116=FACE_OUTER_BOUND('',#283,.T.);
#117=FACE_OUTER_BOUND('',#284,.T.);
#118=FACE_OUTER_BOUND('',#285,.T.);
#119=FACE_OUTER_BOUND('',#286,.T.);
#120=FACE_OUTER_BOUND('',#287,.T.);
#121=FACE_OUTER_BOUND('',#288,.T.);
#122=FACE_OUTER_BOUND('',#289,.T.);
#123=FACE_OUTER_BOUND('',#290,.T.);
#124=FACE_OUTER_BOUND('',#291,.T.);
#125=FACE_OUTER_BOUND('',#292,.T.);
#126=FACE_OUTER_BOUND('',#293,.T.);
#127=FACE_OUTER_BOUND('',#294,.T.);
#128=FACE_OUTER_BOUND('',#295,.T.);
#129=FACE_OUTER_BOUND('',#296,.T.);
#130=FACE_OUTER_BOUND('',#297,.T.);
#131=FACE_OUTER_BOUND('',#298,.T.);
#132=FACE_OUTER_BOUND('',#299,.T.);
#133=FACE_OUTER_BOUND('',#300,.T.);
#134=FACE_OUTER_BOUND('',#301,.T.);
#135=FACE_OUTER_BOUND('',#302,.T.);
#136=FACE_OUTER_BOUND('',#303,.T.);
#137=FACE_OUTER_BOUND('',#304,.T.);
#138=FACE_OUTER_BOUND('',#305,.T.);
#139=FACE_OUTER_BOUND('',#306,.T.);
#140=FACE_OUTER_BOUND('',#307,.T.);
#141=FACE_OUTER_BOUND('',#308,.T.);
#142=FACE_OUTER_BOUND('',#309,.T.);
#143=FACE_OUTER_BOUND('',#310,.T.);
#144=FACE_OUTER_BOUND('',#311,.T.);
#145=FACE_OUTER_BOUND('',#312,.T.);
#146=FACE_OUTER_BOUND('',#313,.T.);
#147=FACE_OUTER_BOUND('',#314,.T.);
#148=FACE_OUTER_BOUND('',#315,.T.);
#149=FACE_OUTER_BOUND('',#316,.T.);
#150=FACE_OUTER_BOUND('',#317,.T.);
#151=FACE_OUTER_BOUND('',#318,.T.);
#152=FACE_OUTER_BOUND('',#319,.T.);
#153=FACE_OUTER_BOUND('',#320,.T.);
#154=FACE_OUTER_BOUND('',#321,.T.);
#155=FACE_OUTER_BOUND('',#322,.T.);
#156=FACE_OUTER_BOUND('',#323,.T.);
#157=FACE_OUTER_BOUND('',#324,.T.);
#158=FACE_OUTER_BOUND('',#325,.T.);
#159=FACE_OUTER_BOUND('',#326,.T.);
#160=FACE_OUTER_BOUND('',#327,.T.);
#161=FACE_OUTER_BOUND('',#328,.T.);
#162=FACE_OUTER_BOUND('',#329,.T.);
#163=FACE_OUTER_BOUND('',#330,.T.);
#164=FACE_OUTER_BOUND('',#331,.T.);
#165=FACE_OUTER_BOUND('',#332,.T.);
#166=FACE_OUTER_BOUND('',#333,.T.);
#167=FACE_OUTER_BOUND('',#334,.T.);
#168=FACE_OUTER_BOUND('',#335,.T.);
#169=FACE_OUTER_BOUND('',#336,.T.);
#170=FACE_OUTER_BOUND('',#337,.T.);
#171=FACE_OUTER_BOUND('',#338,.T.);
#172=FACE_OUTER_BOUND('',#339,.T.);
#173=FACE_OUTER_BOUND('',#340,.T.);
#174=FACE_OUTER_BOUND('',#341,.T.);
#175=FACE_OUTER_BOUND('',#342,.T.);
#176=FACE_OUTER_BOUND('',#343,.T.);
#177=FACE_OUTER_BOUND('',#344,.T.);
#178=FACE_OUTER_BOUND('',#345,.T.);
#179=FACE_OUTER_BOUND('',#346,.T.);
#180=FACE_OUTER_BOUND('',#347,.T.);
#181=FACE_OUTER_BOUND('',#348,.T.);
#182=FACE_OUTER_BOUND('',#349,.T.);
#183=FACE_OUTER_BOUND('',#350,.T.);
#184=FACE_OUTER_BOUND('',#351,.T.);
#185=FACE_OUTER_BOUND('',#352,.T.);
#186=FACE_OUTER_BOUND('',#353,.T.);
#187=EDGE_LOOP('',(#1813,#1814,#1815,#1816));
#188=EDGE_LOOP('',(#1817));
#189=EDGE_LOOP('',(#1818,#1819,#1820,#1821,#1822,#1823,#1824,#1825,#1826,
#1827,#1828,#1829,#1830,#1831,#1832,#1833,#1834,#1835,#1836,#1837,#1838,
#1839,#1840,#1841,#1842,#1843,#1844,#1845,#1846,#1847,#1848,#1849,#1850,
#1851,#1852,#1853,#1854,#1855,#1856,#1857,#1858,#1859,#1860,#1861,#1862,
#1863,#1864,#1865,#1866,#1867,#1868,#1869,#1870,#1871,#1872,#1873,#1874,
#1875,#1876,#1877,#1878,#1879,#1880,#1881,#1882,#1883,#1884,#1885,#1886,
#1887,#1888,#1889,#1890,#1891,#1892,#1893,#1894,#1895,#1896,#1897,#1898,
#1899,#1900,#1901,#1902,#1903,#1904,#1905,#1906,#1907,#1908,#1909,#1910,
#1911,#1912,#1913,#1914,#1915,#1916,#1917,#1918,#1919,#1920,#1921,#1922,
#1923,#1924,#1925,#1926,#1927,#1928,#1929,#1930,#1931,#1932,#1933,#1934,
#1935,#1936,#1937,#1938,#1939,#1940,#1941,#1942,#1943,#1944,#1945,#1946,
#1947,#1948,#1949,#1950,#1951,#1952,#1953,#1954,#1955,#1956,#1957,#1958,
#1959,#1960,#1961,#1962,#1963,#1964,#1965,#1966,#1967,#1968,#1969,#1970,
#1971,#1972,#1973,#1974,#1975,#1976,#1977));
#190=EDGE_LOOP('',(#1978));
#191=EDGE_LOOP('',(#1979));
#192=EDGE_LOOP('',(#1980,#1981,#1982,#1983));
#193=EDGE_LOOP('',(#1984,#1985,#1986,#1987));
#194=EDGE_LOOP('',(#1988,#1989,#1990,#1991));
#195=EDGE_LOOP('',(#1992,#1993,#1994,#1995));
#196=EDGE_LOOP('',(#1996,#1997,#1998,#1999));
#197=EDGE_LOOP('',(#2000,#2001,#2002,#2003));
#198=EDGE_LOOP('',(#2004,#2005,#2006,#2007));
#199=EDGE_LOOP('',(#2008,#2009,#2010,#2011));
#200=EDGE_LOOP('',(#2012,#2013,#2014,#2015));
#201=EDGE_LOOP('',(#2016,#2017,#2018,#2019));
#202=EDGE_LOOP('',(#2020,#2021,#2022,#2023));
#203=EDGE_LOOP('',(#2024,#2025,#2026,#2027));
#204=EDGE_LOOP('',(#2028,#2029,#2030,#2031));
#205=EDGE_LOOP('',(#2032,#2033,#2034,#2035));
#206=EDGE_LOOP('',(#2036,#2037,#2038,#2039));
#207=EDGE_LOOP('',(#2040,#2041,#2042,#2043));
#208=EDGE_LOOP('',(#2044,#2045,#2046,#2047));
#209=EDGE_LOOP('',(#2048,#2049,#2050,#2051));
#210=EDGE_LOOP('',(#2052,#2053,#2054,#2055));
#211=EDGE_LOOP('',(#2056,#2057,#2058,#2059));
#212=EDGE_LOOP('',(#2060,#2061,#2062,#2063));
#213=EDGE_LOOP('',(#2064,#2065,#2066,#2067));
#214=EDGE_LOOP('',(#2068,#2069,#2070,#2071));
#215=EDGE_LOOP('',(#2072,#2073,#2074,#2075));
#216=EDGE_LOOP('',(#2076,#2077,#2078,#2079));
#217=EDGE_LOOP('',(#2080,#2081,#2082,#2083));
#218=EDGE_LOOP('',(#2084,#2085,#2086,#2087));
#219=EDGE_LOOP('',(#2088,#2089,#2090,#2091));
#220=EDGE_LOOP('',(#2092,#2093,#2094,#2095));
#221=EDGE_LOOP('',(#2096,#2097,#2098,#2099));
#222=EDGE_LOOP('',(#2100,#2101,#2102,#2103));
#223=EDGE_LOOP('',(#2104,#2105,#2106,#2107));
#224=EDGE_LOOP('',(#2108,#2109,#2110,#2111));
#225=EDGE_LOOP('',(#2112,#2113,#2114,#2115));
#226=EDGE_LOOP('',(#2116,#2117,#2118,#2119));
#227=EDGE_LOOP('',(#2120,#2121,#2122,#2123));
#228=EDGE_LOOP('',(#2124,#2125,#2126,#2127));
#229=EDGE_LOOP('',(#2128,#2129,#2130,#2131));
#230=EDGE_LOOP('',(#2132,#2133,#2134,#2135));
#231=EDGE_LOOP('',(#2136,#2137,#2138,#2139));
#232=EDGE_LOOP('',(#2140,#2141,#2142,#2143));
#233=EDGE_LOOP('',(#2144,#2145,#2146,#2147));
#234=EDGE_LOOP('',(#2148,#2149,#2150,#2151));
#235=EDGE_LOOP('',(#2152,#2153,#2154,#2155));
#236=EDGE_LOOP('',(#2156,#2157,#2158,#2159));
#237=EDGE_LOOP('',(#2160,#2161,#2162,#2163));
#238=EDGE_LOOP('',(#2164,#2165,#2166,#2167));
#239=EDGE_LOOP('',(#2168,#2169,#2170,#2171));
#240=EDGE_LOOP('',(#2172,#2173,#2174,#2175));
#241=EDGE_LOOP('',(#2176,#2177,#2178,#2179));
#242=EDGE_LOOP('',(#2180,#2181,#2182,#2183));
#243=EDGE_LOOP('',(#2184,#2185,#2186,#2187));
#244=EDGE_LOOP('',(#2188,#2189,#2190,#2191));
#245=EDGE_LOOP('',(#2192,#2193,#2194,#2195));
#246=EDGE_LOOP('',(#2196,#2197,#2198,#2199));
#247=EDGE_LOOP('',(#2200,#2201,#2202,#2203));
#248=EDGE_LOOP('',(#2204,#2205,#2206,#2207));
#249=EDGE_LOOP('',(#2208,#2209,#2210,#2211));
#250=EDGE_LOOP('',(#2212,#2213,#2214,#2215));
#251=EDGE_LOOP('',(#2216,#2217,#2218,#2219));
#252=EDGE_LOOP('',(#2220,#2221,#2222,#2223));
#253=EDGE_LOOP('',(#2224,#2225,#2226,#2227));
#254=EDGE_LOOP('',(#2228,#2229,#2230,#2231));
#255=EDGE_LOOP('',(#2232,#2233,#2234,#2235));
#256=EDGE_LOOP('',(#2236,#2237,#2238,#2239));
#257=EDGE_LOOP('',(#2240,#2241,#2242,#2243));
#258=EDGE_LOOP('',(#2244,#2245,#2246,#2247));
#259=EDGE_LOOP('',(#2248,#2249,#2250,#2251));
#260=EDGE_LOOP('',(#2252,#2253,#2254,#2255));
#261=EDGE_LOOP('',(#2256,#2257,#2258,#2259));
#262=EDGE_LOOP('',(#2260,#2261,#2262,#2263));
#263=EDGE_LOOP('',(#2264,#2265,#2266,#2267));
#264=EDGE_LOOP('',(#2268,#2269,#2270,#2271));
#265=EDGE_LOOP('',(#2272,#2273,#2274,#2275));
#266=EDGE_LOOP('',(#2276,#2277,#2278,#2279));
#267=EDGE_LOOP('',(#2280,#2281,#2282,#2283));
#268=EDGE_LOOP('',(#2284,#2285,#2286,#2287));
#269=EDGE_LOOP('',(#2288,#2289,#2290,#2291));
#270=EDGE_LOOP('',(#2292,#2293,#2294,#2295));
#271=EDGE_LOOP('',(#2296,#2297,#2298,#2299));
#272=EDGE_LOOP('',(#2300,#2301,#2302,#2303));
#273=EDGE_LOOP('',(#2304,#2305,#2306,#2307));
#274=EDGE_LOOP('',(#2308,#2309,#2310,#2311));
#275=EDGE_LOOP('',(#2312,#2313,#2314,#2315));
#276=EDGE_LOOP('',(#2316,#2317,#2318,#2319));
#277=EDGE_LOOP('',(#2320,#2321,#2322,#2323));
#278=EDGE_LOOP('',(#2324,#2325,#2326,#2327));
#279=EDGE_LOOP('',(#2328,#2329,#2330,#2331));
#280=EDGE_LOOP('',(#2332,#2333,#2334,#2335));
#281=EDGE_LOOP('',(#2336,#2337,#2338,#2339));
#282=EDGE_LOOP('',(#2340,#2341,#2342,#2343));
#283=EDGE_LOOP('',(#2344,#2345,#2346,#2347));
#284=EDGE_LOOP('',(#2348,#2349,#2350,#2351));
#285=EDGE_LOOP('',(#2352,#2353,#2354,#2355));
#286=EDGE_LOOP('',(#2356,#2357,#2358,#2359));
#287=EDGE_LOOP('',(#2360,#2361,#2362,#2363));
#288=EDGE_LOOP('',(#2364,#2365,#2366,#2367));
#289=EDGE_LOOP('',(#2368,#2369,#2370,#2371));
#290=EDGE_LOOP('',(#2372,#2373,#2374,#2375));
#291=EDGE_LOOP('',(#2376,#2377,#2378,#2379));
#292=EDGE_LOOP('',(#2380,#2381,#2382,#2383));
#293=EDGE_LOOP('',(#2384,#2385,#2386,#2387));
#294=EDGE_LOOP('',(#2388,#2389,#2390,#2391));
#295=EDGE_LOOP('',(#2392,#2393,#2394,#2395));
#296=EDGE_LOOP('',(#2396,#2397,#2398,#2399));
#297=EDGE_LOOP('',(#2400,#2401,#2402,#2403));
#298=EDGE_LOOP('',(#2404,#2405,#2406,#2407));
#299=EDGE_LOOP('',(#2408,#2409,#2410,#2411));
#300=EDGE_LOOP('',(#2412,#2413,#2414,#2415));
#301=EDGE_LOOP('',(#2416,#2417,#2418,#2419));
#302=EDGE_LOOP('',(#2420,#2421,#2422,#2423));
#303=EDGE_LOOP('',(#2424,#2425,#2426,#2427));
#304=EDGE_LOOP('',(#2428,#2429,#2430,#2431));
#305=EDGE_LOOP('',(#2432,#2433,#2434,#2435));
#306=EDGE_LOOP('',(#2436,#2437,#2438,#2439));
#307=EDGE_LOOP('',(#2440,#2441,#2442,#2443));
#308=EDGE_LOOP('',(#2444,#2445,#2446,#2447));
#309=EDGE_LOOP('',(#2448,#2449,#2450,#2451));
#310=EDGE_LOOP('',(#2452,#2453,#2454,#2455));
#311=EDGE_LOOP('',(#2456,#2457,#2458,#2459));
#312=EDGE_LOOP('',(#2460,#2461,#2462,#2463));
#313=EDGE_LOOP('',(#2464,#2465,#2466,#2467));
#314=EDGE_LOOP('',(#2468,#2469,#2470,#2471));
#315=EDGE_LOOP('',(#2472,#2473,#2474,#2475));
#316=EDGE_LOOP('',(#2476,#2477,#2478,#2479));
#317=EDGE_LOOP('',(#2480,#2481,#2482,#2483));
#318=EDGE_LOOP('',(#2484,#2485,#2486,#2487));
#319=EDGE_LOOP('',(#2488,#2489,#2490,#2491));
#320=EDGE_LOOP('',(#2492,#2493,#2494,#2495));
#321=EDGE_LOOP('',(#2496,#2497,#2498,#2499));
#322=EDGE_LOOP('',(#2500,#2501,#2502,#2503));
#323=EDGE_LOOP('',(#2504,#2505,#2506,#2507));
#324=EDGE_LOOP('',(#2508,#2509,#2510,#2511));
#325=EDGE_LOOP('',(#2512,#2513,#2514,#2515));
#326=EDGE_LOOP('',(#2516,#2517,#2518,#2519));
#327=EDGE_LOOP('',(#2520,#2521,#2522,#2523));
#328=EDGE_LOOP('',(#2524,#2525,#2526,#2527));
#329=EDGE_LOOP('',(#2528,#2529,#2530,#2531));
#330=EDGE_LOOP('',(#2532,#2533,#2534,#2535));
#331=EDGE_LOOP('',(#2536,#2537,#2538,#2539));
#332=EDGE_LOOP('',(#2540,#2541,#2542,#2543));
#333=EDGE_LOOP('',(#2544,#2545,#2546,#2547));
#334=EDGE_LOOP('',(#2548,#2549,#2550,#2551));
#335=EDGE_LOOP('',(#2552,#2553,#2554,#2555));
#336=EDGE_LOOP('',(#2556,#2557,#2558,#2559));
#337=EDGE_LOOP('',(#2560,#2561,#2562,#2563));
#338=EDGE_LOOP('',(#2564,#2565,#2566,#2567));
#339=EDGE_LOOP('',(#2568,#2569,#2570,#2571));
#340=EDGE_LOOP('',(#2572,#2573,#2574,#2575));
#341=EDGE_LOOP('',(#2576,#2577,#2578,#2579));
#342=EDGE_LOOP('',(#2580,#2581,#2582,#2583));
#343=EDGE_LOOP('',(#2584,#2585,#2586,#2587));
#344=EDGE_LOOP('',(#2588,#2589,#2590,#2591));
#345=EDGE_LOOP('',(#2592,#2593,#2594,#2595));
#346=EDGE_LOOP('',(#2596,#2597,#2598,#2599));
#347=EDGE_LOOP('',(#2600,#2601,#2602,#2603));
#348=EDGE_LOOP('',(#2604,#2605,#2606,#2607));
#349=EDGE_LOOP('',(#2608,#2609,#2610,#2611));
#350=EDGE_LOOP('',(#2612,#2613,#2614,#2615));
#351=EDGE_LOOP('',(#2616,#2617,#2618,#2619));
#352=EDGE_LOOP('',(#2620,#2621,#2622,#2623));
#353=EDGE_LOOP('',(#2624));
#354=EDGE_LOOP('',(#2625,#2626,#2627,#2628,#2629,#2630,#2631,#2632,#2633,
#2634,#2635,#2636,#2637,#2638,#2639,#2640,#2641,#2642,#2643,#2644,#2645,
#2646,#2647,#2648,#2649,#2650,#2651,#2652,#2653,#2654,#2655,#2656,#2657,
#2658,#2659,#2660,#2661,#2662,#2663,#2664,#2665,#2666,#2667,#2668,#2669,
#2670,#2671,#2672,#2673,#2674,#2675,#2676,#2677,#2678,#2679,#2680,#2681,
#2682,#2683,#2684,#2685,#2686,#2687,#2688,#2689,#2690,#2691,#2692,#2693,
#2694,#2695,#2696,#2697,#2698,#2699,#2700,#2701,#2702,#2703,#2704,#2705,
#2706,#2707,#2708,#2709,#2710,#2711,#2712,#2713,#2714,#2715,#2716,#2717,
#2718,#2719,#2720,#2721,#2722,#2723,#2724,#2725,#2726,#2727,#2728,#2729,
#2730,#2731,#2732,#2733,#2734,#2735,#2736,#2737,#2738,#2739,#2740,#2741,
#2742,#2743,#2744,#2745,#2746,#2747,#2748,#2749,#2750,#2751,#2752,#2753,
#2754,#2755,#2756,#2757,#2758,#2759,#2760,#2761,#2762,#2763,#2764,#2765,
#2766,#2767,#2768,#2769,#2770,#2771,#2772,#2773,#2774,#2775,#2776,#2777,
#2778,#2779,#2780,#2781,#2782,#2783,#2784));
#355=LINE('',#4766,#517);
#356=LINE('',#5095,#518);
#357=LINE('',#5098,#519);
#358=LINE('',#5102,#520);
#359=LINE('',#5106,#521);
#360=LINE('',#5110,#522);
#361=LINE('',#5114,#523);
#362=LINE('',#5118,#524);
#363=LINE('',#5122,#525);
#364=LINE('',#5126,#526);
#365=LINE('',#5130,#527);
#366=LINE('',#5134,#528);
#367=LINE('',#5138,#529);
#368=LINE('',#5142,#530);
#369=LINE('',#5146,#531);
#370=LINE('',#5150,#532);
#371=LINE('',#5154,#533);
#372=LINE('',#5158,#534);
#373=LINE('',#5162,#535);
#374=LINE('',#5166,#536);
#375=LINE('',#5170,#537);
#376=LINE('',#5174,#538);
#377=LINE('',#5178,#539);
#378=LINE('',#5182,#540);
#379=LINE('',#5186,#541);
#380=LINE('',#5190,#542);
#381=LINE('',#5194,#543);
#382=LINE('',#5198,#544);
#383=LINE('',#5202,#545);
#384=LINE('',#5206,#546);
#385=LINE('',#5210,#547);
#386=LINE('',#5214,#548);
#387=LINE('',#5218,#549);
#388=LINE('',#5222,#550);
#389=LINE('',#5226,#551);
#390=LINE('',#5230,#552);
#391=LINE('',#5234,#553);
#392=LINE('',#5238,#554);
#393=LINE('',#5242,#555);
#394=LINE('',#5246,#556);
#395=LINE('',#5250,#557);
#396=LINE('',#5254,#558);
#397=LINE('',#5258,#559);
#398=LINE('',#5262,#560);
#399=LINE('',#5266,#561);
#400=LINE('',#5270,#562);
#401=LINE('',#5274,#563);
#402=LINE('',#5278,#564);
#403=LINE('',#5282,#565);
#404=LINE('',#5286,#566);
#405=LINE('',#5290,#567);
#406=LINE('',#5294,#568);
#407=LINE('',#5298,#569);
#408=LINE('',#5302,#570);
#409=LINE('',#5306,#571);
#410=LINE('',#5310,#572);
#411=LINE('',#5314,#573);
#412=LINE('',#5318,#574);
#413=LINE('',#5322,#575);
#414=LINE('',#5326,#576);
#415=LINE('',#5330,#577);
#416=LINE('',#5334,#578);
#417=LINE('',#5338,#579);
#418=LINE('',#5342,#580);
#419=LINE('',#5346,#581);
#420=LINE('',#5350,#582);
#421=LINE('',#5354,#583);
#422=LINE('',#5358,#584);
#423=LINE('',#5362,#585);
#424=LINE('',#5366,#586);
#425=LINE('',#5370,#587);
#426=LINE('',#5374,#588);
#427=LINE('',#5378,#589);
#428=LINE('',#5382,#590);
#429=LINE('',#5386,#591);
#430=LINE('',#5390,#592);
#431=LINE('',#5394,#593);
#432=LINE('',#5398,#594);
#433=LINE('',#5402,#595);
#434=LINE('',#5406,#596);
#435=LINE('',#5410,#597);
#436=LINE('',#5414,#598);
#437=LINE('',#5418,#599);
#438=LINE('',#5422,#600);
#439=LINE('',#5426,#601);
#440=LINE('',#5430,#602);
#441=LINE('',#5434,#603);
#442=LINE('',#5438,#604);
#443=LINE('',#5442,#605);
#444=LINE('',#5446,#606);
#445=LINE('',#5450,#607);
#446=LINE('',#5454,#608);
#447=LINE('',#5458,#609);
#448=LINE('',#5462,#610);
#449=LINE('',#5466,#611);
#450=LINE('',#5470,#612);
#451=LINE('',#5474,#613);
#452=LINE('',#5478,#614);
#453=LINE('',#5482,#615);
#454=LINE('',#5486,#616);
#455=LINE('',#5490,#617);
#456=LINE('',#5494,#618);
#457=LINE('',#5498,#619);
#458=LINE('',#5502,#620);
#459=LINE('',#5506,#621);
#460=LINE('',#5510,#622);
#461=LINE('',#5514,#623);
#462=LINE('',#5518,#624);
#463=LINE('',#5522,#625);
#464=LINE('',#5526,#626);
#465=LINE('',#5530,#627);
#466=LINE('',#5534,#628);
#467=LINE('',#5538,#629);
#468=LINE('',#5542,#630);
#469=LINE('',#5546,#631);
#470=LINE('',#5550,#632);
#471=LINE('',#5554,#633);
#472=LINE('',#5558,#634);
#473=LINE('',#5562,#635);
#474=LINE('',#5566,#636);
#475=LINE('',#5570,#637);
#476=LINE('',#5574,#638);
#477=LINE('',#5578,#639);
#478=LINE('',#5582,#640);
#479=LINE('',#5586,#641);
#480=LINE('',#5590,#642);
#481=LINE('',#5594,#643);
#482=LINE('',#5598,#644);
#483=LINE('',#5602,#645);
#484=LINE('',#5606,#646);
#485=LINE('',#5610,#647);
#486=LINE('',#5614,#648);
#487=LINE('',#5618,#649);
#488=LINE('',#5622,#650);
#489=LINE('',#5626,#651);
#490=LINE('',#5630,#652);
#491=LINE('',#5634,#653);
#492=LINE('',#5638,#654);
#493=LINE('',#5642,#655);
#494=LINE('',#5646,#656);
#495=LINE('',#5650,#657);
#496=LINE('',#5654,#658);
#497=LINE('',#5658,#659);
#498=LINE('',#5662,#660);
#499=LINE('',#5666,#661);
#500=LINE('',#5670,#662);
#501=LINE('',#5674,#663);
#502=LINE('',#5678,#664);
#503=LINE('',#5682,#665);
#504=LINE('',#5686,#666);
#505=LINE('',#5690,#667);
#506=LINE('',#5694,#668);
#507=LINE('',#5698,#669);
#508=LINE('',#5702,#670);
#509=LINE('',#5706,#671);
#510=LINE('',#5710,#672);
#511=LINE('',#5714,#673);
#512=LINE('',#5718,#674);
#513=LINE('',#5722,#675);
#514=LINE('',#5726,#676);
#515=LINE('',#5730,#677);
#516=LINE('',#5736,#678);
#517=VECTOR('',#3623,2.3);
#518=VECTOR('',#3956,10.);
#519=VECTOR('',#3959,10.);
#520=VECTOR('',#3964,10.);
#521=VECTOR('',#3969,10.);
#522=VECTOR('',#3974,10.);
#523=VECTOR('',#3979,10.);
#524=VECTOR('',#3984,10.);
#525=VECTOR('',#3989,10.);
#526=VECTOR('',#3994,10.);
#527=VECTOR('',#3999,10.);
#528=VECTOR('',#4004,10.);
#529=VECTOR('',#4009,10.);
#530=VECTOR('',#4014,10.);
#531=VECTOR('',#4019,10.);
#532=VECTOR('',#4024,10.);
#533=VECTOR('',#4029,10.);
#534=VECTOR('',#4034,10.);
#535=VECTOR('',#4039,10.);
#536=VECTOR('',#4044,10.);
#537=VECTOR('',#4049,10.);
#538=VECTOR('',#4054,10.);
#539=VECTOR('',#4059,10.);
#540=VECTOR('',#4064,10.);
#541=VECTOR('',#4069,10.);
#542=VECTOR('',#4074,10.);
#543=VECTOR('',#4079,10.);
#544=VECTOR('',#4084,10.);
#545=VECTOR('',#4089,10.);
#546=VECTOR('',#4094,10.);
#547=VECTOR('',#4099,10.);
#548=VECTOR('',#4104,10.);
#549=VECTOR('',#4109,10.);
#550=VECTOR('',#4114,10.);
#551=VECTOR('',#4119,10.);
#552=VECTOR('',#4124,10.);
#553=VECTOR('',#4129,10.);
#554=VECTOR('',#4134,10.);
#555=VECTOR('',#4139,10.);
#556=VECTOR('',#4144,10.);
#557=VECTOR('',#4149,10.);
#558=VECTOR('',#4154,10.);
#559=VECTOR('',#4159,10.);
#560=VECTOR('',#4164,10.);
#561=VECTOR('',#4169,10.);
#562=VECTOR('',#4174,10.);
#563=VECTOR('',#4179,10.);
#564=VECTOR('',#4184,10.);
#565=VECTOR('',#4189,10.);
#566=VECTOR('',#4194,10.);
#567=VECTOR('',#4199,10.);
#568=VECTOR('',#4204,10.);
#569=VECTOR('',#4209,10.);
#570=VECTOR('',#4214,10.);
#571=VECTOR('',#4219,10.);
#572=VECTOR('',#4224,10.);
#573=VECTOR('',#4229,10.);
#574=VECTOR('',#4234,10.);
#575=VECTOR('',#4239,10.);
#576=VECTOR('',#4244,10.);
#577=VECTOR('',#4249,10.);
#578=VECTOR('',#4254,10.);
#579=VECTOR('',#4259,10.);
#580=VECTOR('',#4264,10.);
#581=VECTOR('',#4269,10.);
#582=VECTOR('',#4274,10.);
#583=VECTOR('',#4279,10.);
#584=VECTOR('',#4284,10.);
#585=VECTOR('',#4289,10.);
#586=VECTOR('',#4294,10.);
#587=VECTOR('',#4299,10.);
#588=VECTOR('',#4304,10.);
#589=VECTOR('',#4309,10.);
#590=VECTOR('',#4314,10.);
#591=VECTOR('',#4319,10.);
#592=VECTOR('',#4324,10.);
#593=VECTOR('',#4329,10.);
#594=VECTOR('',#4334,10.);
#595=VECTOR('',#4339,10.);
#596=VECTOR('',#4344,10.);
#597=VECTOR('',#4349,10.);
#598=VECTOR('',#4354,10.);
#599=VECTOR('',#4359,10.);
#600=VECTOR('',#4364,10.);
#601=VECTOR('',#4369,10.);
#602=VECTOR('',#4374,10.);
#603=VECTOR('',#4379,10.);
#604=VECTOR('',#4384,10.);
#605=VECTOR('',#4389,10.);
#606=VECTOR('',#4394,10.);
#607=VECTOR('',#4399,10.);
#608=VECTOR('',#4404,10.);
#609=VECTOR('',#4409,10.);
#610=VECTOR('',#4414,10.);
#611=VECTOR('',#4419,10.);
#612=VECTOR('',#4424,10.);
#613=VECTOR('',#4429,10.);
#614=VECTOR('',#4434,10.);
#615=VECTOR('',#4439,10.);
#616=VECTOR('',#4444,10.);
#617=VECTOR('',#4449,10.);
#618=VECTOR('',#4454,10.);
#619=VECTOR('',#4459,10.);
#620=VECTOR('',#4464,10.);
#621=VECTOR('',#4469,10.);
#622=VECTOR('',#4474,10.);
#623=VECTOR('',#4479,10.);
#624=VECTOR('',#4484,10.);
#625=VECTOR('',#4489,10.);
#626=VECTOR('',#4494,10.);
#627=VECTOR('',#4499,10.);
#628=VECTOR('',#4504,10.);
#629=VECTOR('',#4509,10.);
#630=VECTOR('',#4514,10.);
#631=VECTOR('',#4519,10.);
#632=VECTOR('',#4524,10.);
#633=VECTOR('',#4529,10.);
#634=VECTOR('',#4534,10.);
#635=VECTOR('',#4539,10.);
#636=VECTOR('',#4544,10.);
#637=VECTOR('',#4549,10.);
#638=VECTOR('',#4554,10.);
#639=VECTOR('',#4559,10.);
#640=VECTOR('',#4564,10.);
#641=VECTOR('',#4569,10.);
#642=VECTOR('',#4574,10.);
#643=VECTOR('',#4579,10.);
#644=VECTOR('',#4584,10.);
#645=VECTOR('',#4589,10.);
#646=VECTOR('',#4594,10.);
#647=VECTOR('',#4599,10.);
#648=VECTOR('',#4604,10.);
#649=VECTOR('',#4609,10.);
#650=VECTOR('',#4614,10.);
#651=VECTOR('',#4619,10.);
#652=VECTOR('',#4624,10.);
#653=VECTOR('',#4629,10.);
#654=VECTOR('',#4634,10.);
#655=VECTOR('',#4639,10.);
#656=VECTOR('',#4644,10.);
#657=VECTOR('',#4649,10.);
#658=VECTOR('',#4654,10.);
#659=VECTOR('',#4659,10.);
#660=VECTOR('',#4664,10.);
#661=VECTOR('',#4669,10.);
#662=VECTOR('',#4674,10.);
#663=VECTOR('',#4679,10.);
#664=VECTOR('',#4684,10.);
#665=VECTOR('',#4689,10.);
#666=VECTOR('',#4694,10.);
#667=VECTOR('',#4699,10.);
#668=VECTOR('',#4704,10.);
#669=VECTOR('',#4709,10.);
#670=VECTOR('',#4714,10.);
#671=VECTOR('',#4719,10.);
#672=VECTOR('',#4724,10.);
#673=VECTOR('',#4729,10.);
#674=VECTOR('',#4734,10.);
#675=VECTOR('',#4739,10.);
#676=VECTOR('',#4744,10.);
#677=VECTOR('',#4749,10.);
#678=VECTOR('',#4758,35.);
#679=CIRCLE('',#3128,2.3);
#680=CIRCLE('',#3129,2.3);
#681=CIRCLE('',#3132,28.5011420876966);
#682=CIRCLE('',#3133,10.1226131801638);
#683=CIRCLE('',#3134,31.8734264534235);
#684=CIRCLE('',#3135,10.1226132749785);
#685=CIRCLE('',#3136,28.5011226333459);
#686=CIRCLE('',#3137,10.1226146057444);
#687=CIRCLE('',#3138,31.8734024432697);
#688=CIRCLE('',#3139,10.1226146057443);
#689=CIRCLE('',#3140,28.5011226333449);
#690=CIRCLE('',#3141,10.1226132749784);
#691=CIRCLE('',#3142,31.8734264534293);
#692=CIRCLE('',#3143,10.1226131801637);
#693=CIRCLE('',#3144,28.5011420877008);
#694=CIRCLE('',#3145,10.1226132602246);
#695=CIRCLE('',#3146,31.8734252578176);
#696=CIRCLE('',#3147,10.122613767367);
#697=CIRCLE('',#3148,28.5011341602223);
#698=CIRCLE('',#3149,10.1226121104244);
#699=CIRCLE('',#3150,31.8734028939223);
#700=CIRCLE('',#3151,10.1226126761049);
#701=CIRCLE('',#3152,28.5011482588176);
#702=CIRCLE('',#3153,10.1226126015878);
#703=CIRCLE('',#3154,31.8734259456939);
#704=CIRCLE('',#3155,10.1226132423009);
#705=CIRCLE('',#3156,28.5011301784259);
#706=CIRCLE('',#3157,10.1226129756452);
#707=CIRCLE('',#3158,31.8733915683146);
#708=CIRCLE('',#3159,10.122612975645);
#709=CIRCLE('',#3160,28.5011301784338);
#710=CIRCLE('',#3161,10.122613242301);
#711=CIRCLE('',#3162,31.873425945691);
#712=CIRCLE('',#3163,10.1226126015878);
#713=CIRCLE('',#3164,28.5011482588032);
#714=CIRCLE('',#3165,10.1226126761051);
#715=CIRCLE('',#3166,31.8734028939719);
#716=CIRCLE('',#3167,10.1226121104243);
#717=CIRCLE('',#3168,28.5011341602215);
#718=CIRCLE('',#3169,10.122613767367);
#719=CIRCLE('',#3170,31.873425257839);
#720=CIRCLE('',#3171,10.1226132602244);
#721=CIRCLE('',#3172,28.5011420876956);
#722=CIRCLE('',#3173,10.1226131801638);
#723=CIRCLE('',#3174,31.8734264534212);
#724=CIRCLE('',#3175,10.1226132749784);
#725=CIRCLE('',#3176,28.5011226333472);
#726=CIRCLE('',#3177,10.1226146057444);
#727=CIRCLE('',#3178,31.8734024432697);
#728=CIRCLE('',#3179,10.1226146057444);
#729=CIRCLE('',#3180,28.5011226333496);
#730=CIRCLE('',#3181,10.1226132749784);
#731=CIRCLE('',#3182,31.8734264534314);
#732=CIRCLE('',#3183,10.1226131801636);
#733=CIRCLE('',#3184,28.5011420876842);
#734=CIRCLE('',#3185,10.1226132602247);
#735=CIRCLE('',#3186,31.8734252578205);
#736=CIRCLE('',#3187,10.122613767367);
#737=CIRCLE('',#3188,28.5011341602164);
#738=CIRCLE('',#3189,10.1226121104244);
#739=CIRCLE('',#3190,31.8734028938886);
#740=CIRCLE('',#3191,10.1226126761049);
#741=CIRCLE('',#3192,28.5011482588185);
#742=CIRCLE('',#3193,10.1226126015878);
#743=CIRCLE('',#3194,31.8734259457296);
#744=CIRCLE('',#3195,10.1226132423009);
#745=CIRCLE('',#3196,28.5011301784122);
#746=CIRCLE('',#3197,10.1226129756451);
#747=CIRCLE('',#3198,31.8733915682878);
#748=CIRCLE('',#3199,10.1226129756453);
#749=CIRCLE('',#3200,28.501130178422);
#750=CIRCLE('',#3201,10.1226132423009);
#751=CIRCLE('',#3202,31.8734259457213);
#752=CIRCLE('',#3203,10.1226126015876);
#753=CIRCLE('',#3204,28.5011482588178);
#754=CIRCLE('',#3205,10.1226126761051);
#755=CIRCLE('',#3206,31.8734028939634);
#756=CIRCLE('',#3207,10.1226121104243);
#757=CIRCLE('',#3208,28.5011341602229);
#758=CIRCLE('',#3209,10.122613767367);
#759=CIRCLE('',#3210,31.8734252578331);
#760=CIRCLE('',#3211,10.1226132602244);
#761=CIRCLE('',#3212,28.5011420876935);
#762=CIRCLE('',#3213,10.1226131801638);
#763=CIRCLE('',#3214,31.8734264534373);
#764=CIRCLE('',#3215,10.1226132749784);
#765=CIRCLE('',#3216,28.5011226333567);
#766=CIRCLE('',#3217,10.1226146057444);
#767=CIRCLE('',#3218,31.8734024432697);
#768=CIRCLE('',#3219,10.1226146057444);
#769=CIRCLE('',#3220,28.50112263336);
#770=CIRCLE('',#3221,10.1226132749784);
#771=CIRCLE('',#3222,31.8734264534157);
#772=CIRCLE('',#3223,10.1226131801636);
#773=CIRCLE('',#3224,28.5011420876853);
#774=CIRCLE('',#3225,10.1226132602246);
#775=CIRCLE('',#3226,31.8734252578265);
#776=CIRCLE('',#3227,10.122613767367);
#777=CIRCLE('',#3228,28.5011341602031);
#778=CIRCLE('',#3229,10.1226121104243);
#779=CIRCLE('',#3230,31.8734028938972);
#780=CIRCLE('',#3231,10.1226126761049);
#781=CIRCLE('',#3232,28.5011482588269);
#782=CIRCLE('',#3233,10.1226126015878);
#783=CIRCLE('',#3234,31.8734259457159);
#784=CIRCLE('',#3235,10.1226132423009);
#785=CIRCLE('',#3236,28.501130178418);
#786=CIRCLE('',#3237,10.1226129756452);
#787=CIRCLE('',#3238,31.8733915682878);
#788=CIRCLE('',#3239,10.1226129756452);
#789=CIRCLE('',#3240,28.5011301784301);
#790=CIRCLE('',#3241,10.1226132423009);
#791=CIRCLE('',#3242,31.8734259457213);
#792=CIRCLE('',#3243,10.1226126015878);
#793=CIRCLE('',#3244,28.5011482588142);
#794=CIRCLE('',#3245,10.1226126761051);
#795=CIRCLE('',#3246,31.8734028939551);
#796=CIRCLE('',#3247,10.1226121104244);
#797=CIRCLE('',#3248,28.5011341602147);
#798=CIRCLE('',#3249,10.122613767367);
#799=CIRCLE('',#3250,31.8734252578302);
#800=CIRCLE('',#3251,10.1226132602244);
#801=CIRCLE('',#3252,28.5011420876924);
#802=CIRCLE('',#3253,10.1226131801638);
#803=CIRCLE('',#3254,31.8734264534337);
#804=CIRCLE('',#3255,10.1226132749784);
#805=CIRCLE('',#3256,28.5011226333562);
#806=CIRCLE('',#3257,10.1226146057444);
#807=CIRCLE('',#3258,31.8734024432697);
#808=CIRCLE('',#3259,10.1226146057443);
#809=CIRCLE('',#3260,28.5011226333454);
#810=CIRCLE('',#3261,10.1226132749784);
#811=CIRCLE('',#3262,31.8734264534212);
#812=CIRCLE('',#3263,10.1226131801637);
#813=CIRCLE('',#3264,28.5011420876956);
#814=CIRCLE('',#3265,10.1226132602246);
#815=CIRCLE('',#3266,31.8734252578205);
#816=CIRCLE('',#3267,10.122613767367);
#817=CIRCLE('',#3268,28.5011341602084);
#818=CIRCLE('',#3269,10.1226121104244);
#819=CIRCLE('',#3270,31.8734028939138);
#820=CIRCLE('',#3271,10.1226126761051);
#821=CIRCLE('',#3272,28.5011482588128);
#822=CIRCLE('',#3273,10.1226126015878);
#823=CIRCLE('',#3274,31.873425945702);
#824=CIRCLE('',#3275,10.1226132423009);
#825=CIRCLE('',#3276,28.501130178422);
#826=CIRCLE('',#3277,10.1226129756452);
#827=CIRCLE('',#3278,31.8733915682882);
#828=CIRCLE('',#3279,10.1226129756452);
#829=CIRCLE('',#3280,28.501130178422);
#830=CIRCLE('',#3281,10.1226132423009);
#831=CIRCLE('',#3282,31.873425945702);
#832=CIRCLE('',#3283,10.1226126015878);
#833=CIRCLE('',#3284,28.5011482588128);
#834=CIRCLE('',#3285,10.1226126761051);
#835=CIRCLE('',#3286,31.8734028939473);
#836=CIRCLE('',#3287,10.1226121104245);
#837=CIRCLE('',#3288,28.5011341602048);
#838=CIRCLE('',#3289,10.122613767367);
#839=CIRCLE('',#3290,31.8734252578265);
#840=CIRCLE('',#3291,10.1226132602243);
#841=CIRCLE('',#3293,35.);
#842=CIRCLE('',#3295,28.5011420876966);
#843=CIRCLE('',#3297,10.1226131801638);
#844=CIRCLE('',#3299,31.8734264534235);
#845=CIRCLE('',#3301,10.1226132749785);
#846=CIRCLE('',#3303,28.5011226333459);
#847=CIRCLE('',#3305,10.1226146057444);
#848=CIRCLE('',#3307,31.8734024432697);
#849=CIRCLE('',#3309,10.1226146057443);
#850=CIRCLE('',#3311,28.5011226333449);
#851=CIRCLE('',#3313,10.1226132749784);
#852=CIRCLE('',#3315,31.8734264534293);
#853=CIRCLE('',#3317,10.1226131801637);
#854=CIRCLE('',#3319,28.5011420877008);
#855=CIRCLE('',#3321,10.1226132602246);
#856=CIRCLE('',#3323,31.8734252578176);
#857=CIRCLE('',#3325,10.122613767367);
#858=CIRCLE('',#3327,28.5011341602223);
#859=CIRCLE('',#3329,10.1226121104244);
#860=CIRCLE('',#3331,31.8734028939223);
#861=CIRCLE('',#3333,10.1226126761049);
#862=CIRCLE('',#3335,28.5011482588176);
#863=CIRCLE('',#3337,10.1226126015878);
#864=CIRCLE('',#3339,31.8734259456939);
#865=CIRCLE('',#3341,10.1226132423009);
#866=CIRCLE('',#3343,28.5011301784259);
#867=CIRCLE('',#3345,10.1226129756452);
#868=CIRCLE('',#3347,31.8733915683146);
#869=CIRCLE('',#3349,10.122612975645);
#870=CIRCLE('',#3351,28.5011301784338);
#871=CIRCLE('',#3353,10.122613242301);
#872=CIRCLE('',#3355,31.873425945691);
#873=CIRCLE('',#3357,10.1226126015878);
#874=CIRCLE('',#3359,28.5011482588032);
#875=CIRCLE('',#3361,10.1226126761051);
#876=CIRCLE('',#3363,31.8734028939719);
#877=CIRCLE('',#3365,10.1226121104243);
#878=CIRCLE('',#3367,28.5011341602215);
#879=CIRCLE('',#3369,10.122613767367);
#880=CIRCLE('',#3371,31.873425257839);
#881=CIRCLE('',#3373,10.1226132602244);
#882=CIRCLE('',#3375,28.5011420876956);
#883=CIRCLE('',#3377,10.1226131801638);
#884=CIRCLE('',#3379,31.8734264534212);
#885=CIRCLE('',#3381,10.1226132749784);
#886=CIRCLE('',#3383,28.5011226333472);
#887=CIRCLE('',#3385,10.1226146057444);
#888=CIRCLE('',#3387,31.8734024432697);
#889=CIRCLE('',#3389,10.1226146057444);
#890=CIRCLE('',#3391,28.5011226333496);
#891=CIRCLE('',#3393,10.1226132749784);
#892=CIRCLE('',#3395,31.8734264534314);
#893=CIRCLE('',#3397,10.1226131801636);
#894=CIRCLE('',#3399,28.5011420876842);
#895=CIRCLE('',#3401,10.1226132602247);
#896=CIRCLE('',#3403,31.8734252578205);
#897=CIRCLE('',#3405,10.122613767367);
#898=CIRCLE('',#3407,28.5011341602164);
#899=CIRCLE('',#3409,10.1226121104244);
#900=CIRCLE('',#3411,31.8734028938886);
#901=CIRCLE('',#3413,10.1226126761049);
#902=CIRCLE('',#3415,28.5011482588185);
#903=CIRCLE('',#3417,10.1226126015878);
#904=CIRCLE('',#3419,31.8734259457296);
#905=CIRCLE('',#3421,10.1226132423009);
#906=CIRCLE('',#3423,28.5011301784122);
#907=CIRCLE('',#3425,10.1226129756451);
#908=CIRCLE('',#3427,31.8733915682878);
#909=CIRCLE('',#3429,10.1226129756453);
#910=CIRCLE('',#3431,28.501130178422);
#911=CIRCLE('',#3433,10.1226132423009);
#912=CIRCLE('',#3435,31.8734259457213);
#913=CIRCLE('',#3437,10.1226126015876);
#914=CIRCLE('',#3439,28.5011482588178);
#915=CIRCLE('',#3441,10.1226126761051);
#916=CIRCLE('',#3443,31.8734028939634);
#917=CIRCLE('',#3445,10.1226121104243);
#918=CIRCLE('',#3447,28.5011341602229);
#919=CIRCLE('',#3449,10.122613767367);
#920=CIRCLE('',#3451,31.8734252578331);
#921=CIRCLE('',#3453,10.1226132602244);
#922=CIRCLE('',#3455,28.5011420876935);
#923=CIRCLE('',#3457,10.1226131801638);
#924=CIRCLE('',#3459,31.8734264534373);
#925=CIRCLE('',#3461,10.1226132749784);
#926=CIRCLE('',#3463,28.5011226333567);
#927=CIRCLE('',#3465,10.1226146057444);
#928=CIRCLE('',#3467,31.8734024432697);
#929=CIRCLE('',#3469,10.1226146057444);
#930=CIRCLE('',#3471,28.50112263336);
#931=CIRCLE('',#3473,10.1226132749784);
#932=CIRCLE('',#3475,31.8734264534157);
#933=CIRCLE('',#3477,10.1226131801636);
#934=CIRCLE('',#3479,28.5011420876853);
#935=CIRCLE('',#3481,10.1226132602246);
#936=CIRCLE('',#3483,31.8734252578265);
#937=CIRCLE('',#3485,10.122613767367);
#938=CIRCLE('',#3487,28.5011341602031);
#939=CIRCLE('',#3489,10.1226121104243);
#940=CIRCLE('',#3491,31.8734028938972);
#941=CIRCLE('',#3493,10.1226126761049);
#942=CIRCLE('',#3495,28.5011482588269);
#943=CIRCLE('',#3497,10.1226126015878);
#944=CIRCLE('',#3499,31.8734259457159);
#945=CIRCLE('',#3501,10.1226132423009);
#946=CIRCLE('',#3503,28.501130178418);
#947=CIRCLE('',#3505,10.1226129756452);
#948=CIRCLE('',#3507,31.8733915682878);
#949=CIRCLE('',#3509,10.1226129756452);
#950=CIRCLE('',#3511,28.5011301784301);
#951=CIRCLE('',#3513,10.1226132423009);
#952=CIRCLE('',#3515,31.8734259457213);
#953=CIRCLE('',#3517,10.1226126015878);
#954=CIRCLE('',#3519,28.5011482588142);
#955=CIRCLE('',#3521,10.1226126761051);
#956=CIRCLE('',#3523,31.8734028939551);
#957=CIRCLE('',#3525,10.1226121104244);
#958=CIRCLE('',#3527,28.5011341602147);
#959=CIRCLE('',#3529,10.122613767367);
#960=CIRCLE('',#3531,31.8734252578302);
#961=CIRCLE('',#3533,10.1226132602244);
#962=CIRCLE('',#3535,28.5011420876924);
#963=CIRCLE('',#3537,10.1226131801638);
#964=CIRCLE('',#3539,31.8734264534337);
#965=CIRCLE('',#3541,10.1226132749784);
#966=CIRCLE('',#3543,28.5011226333562);
#967=CIRCLE('',#3545,10.1226146057444);
#968=CIRCLE('',#3547,31.8734024432697);
#969=CIRCLE('',#3549,10.1226146057443);
#970=CIRCLE('',#3551,28.5011226333454);
#971=CIRCLE('',#3553,10.1226132749784);
#972=CIRCLE('',#3555,31.8734264534212);
#973=CIRCLE('',#3557,10.1226131801637);
#974=CIRCLE('',#3559,28.5011420876956);
#975=CIRCLE('',#3561,10.1226132602246);
#976=CIRCLE('',#3563,31.8734252578205);
#977=CIRCLE('',#3565,10.122613767367);
#978=CIRCLE('',#3567,28.5011341602084);
#979=CIRCLE('',#3569,10.1226121104244);
#980=CIRCLE('',#3571,31.8734028939138);
#981=CIRCLE('',#3573,10.1226126761051);
#982=CIRCLE('',#3575,28.5011482588128);
#983=CIRCLE('',#3577,10.1226126015878);
#984=CIRCLE('',#3579,31.873425945702);
#985=CIRCLE('',#3581,10.1226132423009);
#986=CIRCLE('',#3583,28.501130178422);
#987=CIRCLE('',#3585,10.1226129756452);
#988=CIRCLE('',#3587,31.8733915682882);
#989=CIRCLE('',#3589,10.1226129756452);
#990=CIRCLE('',#3591,28.501130178422);
#991=CIRCLE('',#3593,10.1226132423009);
#992=CIRCLE('',#3595,31.873425945702);
#993=CIRCLE('',#3597,10.1226126015878);
#994=CIRCLE('',#3599,28.5011482588128);
#995=CIRCLE('',#3601,10.1226126761051);
#996=CIRCLE('',#3603,31.8734028939473);
#997=CIRCLE('',#3605,10.1226121104245);
#998=CIRCLE('',#3607,28.5011341602048);
#999=CIRCLE('',#3609,10.122613767367);
#1000=CIRCLE('',#3611,31.8734252578265);
#1001=CIRCLE('',#3613,10.1226132602243);
#1002=CIRCLE('',#3615,35.);
#1003=VERTEX_POINT('',#4763);
#1004=VERTEX_POINT('',#4765);
#1005=VERTEX_POINT('',#4770);
#1006=VERTEX_POINT('',#4771);
#1007=VERTEX_POINT('',#4773);
#1008=VERTEX_POINT('',#4775);
#1009=VERTEX_POINT('',#4777);
#1010=VERTEX_POINT('',#4779);
#1011=VERTEX_POINT('',#4781);
#1012=VERTEX_POINT('',#4783);
#1013=VERTEX_POINT('',#4785);
#1014=VERTEX_POINT('',#4787);
#1015=VERTEX_POINT('',#4789);
#1016=VERTEX_POINT('',#4791);
#1017=VERTEX_POINT('',#4793);
#1018=VERTEX_POINT('',#4795);
#1019=VERTEX_POINT('',#4797);
#1020=VERTEX_POINT('',#4799);
#1021=VERTEX_POINT('',#4801);
#1022=VERTEX_POINT('',#4803);
#1023=VERTEX_POINT('',#4805);
#1024=VERTEX_POINT('',#4807);
#1025=VERTEX_POINT('',#4809);
#1026=VERTEX_POINT('',#4811);
#1027=VERTEX_POINT('',#4813);
#1028=VERTEX_POINT('',#4815);
#1029=VERTEX_POINT('',#4817);
#1030=VERTEX_POINT('',#4819);
#1031=VERTEX_POINT('',#4821);
#1032=VERTEX_POINT('',#4823);
#1033=VERTEX_POINT('',#4825);
#1034=VERTEX_POINT('',#4827);
#1035=VERTEX_POINT('',#4829);
#1036=VERTEX_POINT('',#4831);
#1037=VERTEX_POINT('',#4833);
#1038=VERTEX_POINT('',#4835);
#1039=VERTEX_POINT('',#4837);
#1040=VERTEX_POINT('',#4839);
#1041=VERTEX_POINT('',#4841);
#1042=VERTEX_POINT('',#4843);
#1043=VERTEX_POINT('',#4845);
#1044=VERTEX_POINT('',#4847);
#1045=VERTEX_POINT('',#4849);
#1046=VERTEX_POINT('',#4851);
#1047=VERTEX_POINT('',#4853);
#1048=VERTEX_POINT('',#4855);
#1049=VERTEX_POINT('',#4857);
#1050=VERTEX_POINT('',#4859);
#1051=VERTEX_POINT('',#4861);
#1052=VERTEX_POINT('',#4863);
#1053=VERTEX_POINT('',#4865);
#1054=VERTEX_POINT('',#4867);
#1055=VERTEX_POINT('',#4869);
#1056=VERTEX_POINT('',#4871);
#1057=VERTEX_POINT('',#4873);
#1058=VERTEX_POINT('',#4875);
#1059=VERTEX_POINT('',#4877);
#1060=VERTEX_POINT('',#4879);
#1061=VERTEX_POINT('',#4881);
#1062=VERTEX_POINT('',#4883);
#1063=VERTEX_POINT('',#4885);
#1064=VERTEX_POINT('',#4887);
#1065=VERTEX_POINT('',#4889);
#1066=VERTEX_POINT('',#4891);
#1067=VERTEX_POINT('',#4893);
#1068=VERTEX_POINT('',#4895);
#1069=VERTEX_POINT('',#4897);
#1070=VERTEX_POINT('',#4899);
#1071=VERTEX_POINT('',#4901);
#1072=VERTEX_POINT('',#4903);
#1073=VERTEX_POINT('',#4905);
#1074=VERTEX_POINT('',#4907);
#1075=VERTEX_POINT('',#4909);
#1076=VERTEX_POINT('',#4911);
#1077=VERTEX_POINT('',#4913);
#1078=VERTEX_POINT('',#4915);
#1079=VERTEX_POINT('',#4917);
#1080=VERTEX_POINT('',#4919);
#1081=VERTEX_POINT('',#4921);
#1082=VERTEX_POINT('',#4923);
#1083=VERTEX_POINT('',#4925);
#1084=VERTEX_POINT('',#4927);
#1085=VERTEX_POINT('',#4929);
#1086=VERTEX_POINT('',#4931);
#1087=VERTEX_POINT('',#4933);
#1088=VERTEX_POINT('',#4935);
#1089=VERTEX_POINT('',#4937);
#1090=VERTEX_POINT('',#4939);
#1091=VERTEX_POINT('',#4941);
#1092=VERTEX_POINT('',#4943);
#1093=VERTEX_POINT('',#4945);
#1094=VERTEX_POINT('',#4947);
#1095=VERTEX_POINT('',#4949);
#1096=VERTEX_POINT('',#4951);
#1097=VERTEX_POINT('',#4953);
#1098=VERTEX_POINT('',#4955);
#1099=VERTEX_POINT('',#4957);
#1100=VERTEX_POINT('',#4959);
#1101=VERTEX_POINT('',#4961);
#1102=VERTEX_POINT('',#4963);
#1103=VERTEX_POINT('',#4965);
#1104=VERTEX_POINT('',#4967);
#1105=VERTEX_POINT('',#4969);
#1106=VERTEX_POINT('',#4971);
#1107=VERTEX_POINT('',#4973);
#1108=VERTEX_POINT('',#4975);
#1109=VERTEX_POINT('',#4977);
#1110=VERTEX_POINT('',#4979);
#1111=VERTEX_POINT('',#4981);
#1112=VERTEX_POINT('',#4983);
#1113=VERTEX_POINT('',#4985);
#1114=VERTEX_POINT('',#4987);
#1115=VERTEX_POINT('',#4989);
#1116=VERTEX_POINT('',#4991);
#1117=VERTEX_POINT('',#4993);
#1118=VERTEX_POINT('',#4995);
#1119=VERTEX_POINT('',#4997);
#1120=VERTEX_POINT('',#4999);
#1121=VERTEX_POINT('',#5001);
#1122=VERTEX_POINT('',#5003);
#1123=VERTEX_POINT('',#5005);
#1124=VERTEX_POINT('',#5007);
#1125=VERTEX_POINT('',#5009);
#1126=VERTEX_POINT('',#5011);
#1127=VERTEX_POINT('',#5013);
#1128=VERTEX_POINT('',#5015);
#1129=VERTEX_POINT('',#5017);
#1130=VERTEX_POINT('',#5019);
#1131=VERTEX_POINT('',#5021);
#1132=VERTEX_POINT('',#5023);
#1133=VERTEX_POINT('',#5025);
#1134=VERTEX_POINT('',#5027);
#1135=VERTEX_POINT('',#5029);
#1136=VERTEX_POINT('',#5031);
#1137=VERTEX_POINT('',#5033);
#1138=VERTEX_POINT('',#5035);
#1139=VERTEX_POINT('',#5037);
#1140=VERTEX_POINT('',#5039);
#1141=VERTEX_POINT('',#5041);
#1142=VERTEX_POINT('',#5043);
#1143=VERTEX_POINT('',#5045);
#1144=VERTEX_POINT('',#5047);
#1145=VERTEX_POINT('',#5049);
#1146=VERTEX_POINT('',#5051);
#1147=VERTEX_POINT('',#5053);
#1148=VERTEX_POINT('',#5055);
#1149=VERTEX_POINT('',#5057);
#1150=VERTEX_POINT('',#5059);
#1151=VERTEX_POINT('',#5061);
#1152=VERTEX_POINT('',#5063);
#1153=VERTEX_POINT('',#5065);
#1154=VERTEX_POINT('',#5067);
#1155=VERTEX_POINT('',#5069);
#1156=VERTEX_POINT('',#5071);
#1157=VERTEX_POINT('',#5073);
#1158=VERTEX_POINT('',#5075);
#1159=VERTEX_POINT('',#5077);
#1160=VERTEX_POINT('',#5079);
#1161=VERTEX_POINT('',#5081);
#1162=VERTEX_POINT('',#5083);
#1163=VERTEX_POINT('',#5085);
#1164=VERTEX_POINT('',#5087);
#1165=VERTEX_POINT('',#5091);
#1166=VERTEX_POINT('',#5094);
#1167=VERTEX_POINT('',#5096);
#1168=VERTEX_POINT('',#5100);
#1169=VERTEX_POINT('',#5104);
#1170=VERTEX_POINT('',#5108);
#1171=VERTEX_POINT('',#5112);
#1172=VERTEX_POINT('',#5116);
#1173=VERTEX_POINT('',#5120);
#1174=VERTEX_POINT('',#5124);
#1175=VERTEX_POINT('',#5128);
#1176=VERTEX_POINT('',#5132);
#1177=VERTEX_POINT('',#5136);
#1178=VERTEX_POINT('',#5140);
#1179=VERTEX_POINT('',#5144);
#1180=VERTEX_POINT('',#5148);
#1181=VERTEX_POINT('',#5152);
#1182=VERTEX_POINT('',#5156);
#1183=VERTEX_POINT('',#5160);
#1184=VERTEX_POINT('',#5164);
#1185=VERTEX_POINT('',#5168);
#1186=VERTEX_POINT('',#5172);
#1187=VERTEX_POINT('',#5176);
#1188=VERTEX_POINT('',#5180);
#1189=VERTEX_POINT('',#5184);
#1190=VERTEX_POINT('',#5188);
#1191=VERTEX_POINT('',#5192);
#1192=VERTEX_POINT('',#5196);
#1193=VERTEX_POINT('',#5200);
#1194=VERTEX_POINT('',#5204);
#1195=VERTEX_POINT('',#5208);
#1196=VERTEX_POINT('',#5212);
#1197=VERTEX_POINT('',#5216);
#1198=VERTEX_POINT('',#5220);
#1199=VERTEX_POINT('',#5224);
#1200=VERTEX_POINT('',#5228);
#1201=VERTEX_POINT('',#5232);
#1202=VERTEX_POINT('',#5236);
#1203=VERTEX_POINT('',#5240);
#1204=VERTEX_POINT('',#5244);
#1205=VERTEX_POINT('',#5248);
#1206=VERTEX_POINT('',#5252);
#1207=VERTEX_POINT('',#5256);
#1208=VERTEX_POINT('',#5260);
#1209=VERTEX_POINT('',#5264);
#1210=VERTEX_POINT('',#5268);
#1211=VERTEX_POINT('',#5272);
#1212=VERTEX_POINT('',#5276);
#1213=VERTEX_POINT('',#5280);
#1214=VERTEX_POINT('',#5284);
#1215=VERTEX_POINT('',#5288);
#1216=VERTEX_POINT('',#5292);
#1217=VERTEX_POINT('',#5296);
#1218=VERTEX_POINT('',#5300);
#1219=VERTEX_POINT('',#5304);
#1220=VERTEX_POINT('',#5308);
#1221=VERTEX_POINT('',#5312);
#1222=VERTEX_POINT('',#5316);
#1223=VERTEX_POINT('',#5320);
#1224=VERTEX_POINT('',#5324);
#1225=VERTEX_POINT('',#5328);
#1226=VERTEX_POINT('',#5332);
#1227=VERTEX_POINT('',#5336);
#1228=VERTEX_POINT('',#5340);
#1229=VERTEX_POINT('',#5344);
#1230=VERTEX_POINT('',#5348);
#1231=VERTEX_POINT('',#5352);
#1232=VERTEX_POINT('',#5356);
#1233=VERTEX_POINT('',#5360);
#1234=VERTEX_POINT('',#5364);
#1235=VERTEX_POINT('',#5368);
#1236=VERTEX_POINT('',#5372);
#1237=VERTEX_POINT('',#5376);
#1238=VERTEX_POINT('',#5380);
#1239=VERTEX_POINT('',#5384);
#1240=VERTEX_POINT('',#5388);
#1241=VERTEX_POINT('',#5392);
#1242=VERTEX_POINT('',#5396);
#1243=VERTEX_POINT('',#5400);
#1244=VERTEX_POINT('',#5404);
#1245=VERTEX_POINT('',#5408);
#1246=VERTEX_POINT('',#5412);
#1247=VERTEX_POINT('',#5416);
#1248=VERTEX_POINT('',#5420);
#1249=VERTEX_POINT('',#5424);
#1250=VERTEX_POINT('',#5428);
#1251=VERTEX_POINT('',#5432);
#1252=VERTEX_POINT('',#5436);
#1253=VERTEX_POINT('',#5440);
#1254=VERTEX_POINT('',#5444);
#1255=VERTEX_POINT('',#5448);
#1256=VERTEX_POINT('',#5452);
#1257=VERTEX_POINT('',#5456);
#1258=VERTEX_POINT('',#5460);
#1259=VERTEX_POINT('',#5464);
#1260=VERTEX_POINT('',#5468);
#1261=VERTEX_POINT('',#5472);
#1262=VERTEX_POINT('',#5476);
#1263=VERTEX_POINT('',#5480);
#1264=VERTEX_POINT('',#5484);
#1265=VERTEX_POINT('',#5488);
#1266=VERTEX_POINT('',#5492);
#1267=VERTEX_POINT('',#5496);
#1268=VERTEX_POINT('',#5500);
#1269=VERTEX_POINT('',#5504);
#1270=VERTEX_POINT('',#5508);
#1271=VERTEX_POINT('',#5512);
#1272=VERTEX_POINT('',#5516);
#1273=VERTEX_POINT('',#5520);
#1274=VERTEX_POINT('',#5524);
#1275=VERTEX_POINT('',#5528);
#1276=VERTEX_POINT('',#5532);
#1277=VERTEX_POINT('',#5536);
#1278=VERTEX_POINT('',#5540);
#1279=VERTEX_POINT('',#5544);
#1280=VERTEX_POINT('',#5548);
#1281=VERTEX_POINT('',#5552);
#1282=VERTEX_POINT('',#5556);
#1283=VERTEX_POINT('',#5560);
#1284=VERTEX_POINT('',#5564);
#1285=VERTEX_POINT('',#5568);
#1286=VERTEX_POINT('',#5572);
#1287=VERTEX_POINT('',#5576);
#1288=VERTEX_POINT('',#5580);
#1289=VERTEX_POINT('',#5584);
#1290=VERTEX_POINT('',#5588);
#1291=VERTEX_POINT('',#5592);
#1292=VERTEX_POINT('',#5596);
#1293=VERTEX_POINT('',#5600);
#1294=VERTEX_POINT('',#5604);
#1295=VERTEX_POINT('',#5608);
#1296=VERTEX_POINT('',#5612);
#1297=VERTEX_POINT('',#5616);
#1298=VERTEX_POINT('',#5620);
#1299=VERTEX_POINT('',#5624);
#1300=VERTEX_POINT('',#5628);
#1301=VERTEX_POINT('',#5632);
#1302=VERTEX_POINT('',#5636);
#1303=VERTEX_POINT('',#5640);
#1304=VERTEX_POINT('',#5644);
#1305=VERTEX_POINT('',#5648);
#1306=VERTEX_POINT('',#5652);
#1307=VERTEX_POINT('',#5656);
#1308=VERTEX_POINT('',#5660);
#1309=VERTEX_POINT('',#5664);
#1310=VERTEX_POINT('',#5668);
#1311=VERTEX_POINT('',#5672);
#1312=VERTEX_POINT('',#5676);
#1313=VERTEX_POINT('',#5680);
#1314=VERTEX_POINT('',#5684);
#1315=VERTEX_POINT('',#5688);
#1316=VERTEX_POINT('',#5692);
#1317=VERTEX_POINT('',#5696);
#1318=VERTEX_POINT('',#5700);
#1319=VERTEX_POINT('',#5704);
#1320=VERTEX_POINT('',#5708);
#1321=VERTEX_POINT('',#5712);
#1322=VERTEX_POINT('',#5716);
#1323=VERTEX_POINT('',#5720);
#1324=VERTEX_POINT('',#5724);
#1325=VERTEX_POINT('',#5728);
#1326=VERTEX_POINT('',#5734);
#1327=EDGE_CURVE('',#1003,#1003,#679,.T.);
#1328=EDGE_CURVE('',#1003,#1004,#355,.T.);
#1329=EDGE_CURVE('',#1004,#1004,#680,.T.);
#1330=EDGE_CURVE('',#1005,#1006,#681,.T.);
#1331=EDGE_CURVE('',#1006,#1007,#682,.T.);
#1332=EDGE_CURVE('',#1007,#1008,#683,.T.);
#1333=EDGE_CURVE('',#1008,#1009,#684,.T.);
#1334=EDGE_CURVE('',#1009,#1010,#685,.T.);
#1335=EDGE_CURVE('',#1010,#1011,#686,.T.);
#1336=EDGE_CURVE('',#1011,#1012,#687,.T.);
#1337=EDGE_CURVE('',#1012,#1013,#688,.T.);
#1338=EDGE_CURVE('',#1013,#1014,#689,.T.);
#1339=EDGE_CURVE('',#1014,#1015,#690,.T.);
#1340=EDGE_CURVE('',#1015,#1016,#691,.T.);
#1341=EDGE_CURVE('',#1016,#1017,#692,.T.);
#1342=EDGE_CURVE('',#1017,#1018,#693,.T.);
#1343=EDGE_CURVE('',#1018,#1019,#694,.T.);
#1344=EDGE_CURVE('',#1019,#1020,#695,.T.);
#1345=EDGE_CURVE('',#1020,#1021,#696,.T.);
#1346=EDGE_CURVE('',#1021,#1022,#697,.T.);
#1347=EDGE_CURVE('',#1022,#1023,#698,.T.);
#1348=EDGE_CURVE('',#1023,#1024,#699,.T.);
#1349=EDGE_CURVE('',#1024,#1025,#700,.T.);
#1350=EDGE_CURVE('',#1025,#1026,#701,.T.);
#1351=EDGE_CURVE('',#1026,#1027,#702,.T.);
#1352=EDGE_CURVE('',#1027,#1028,#703,.T.);
#1353=EDGE_CURVE('',#1028,#1029,#704,.T.);
#1354=EDGE_CURVE('',#1029,#1030,#705,.T.);
#1355=EDGE_CURVE('',#1030,#1031,#706,.T.);
#1356=EDGE_CURVE('',#1031,#1032,#707,.T.);
#1357=EDGE_CURVE('',#1032,#1033,#708,.T.);
#1358=EDGE_CURVE('',#1033,#1034,#709,.T.);
#1359=EDGE_CURVE('',#1034,#1035,#710,.T.);
#1360=EDGE_CURVE('',#1035,#1036,#711,.T.);
#1361=EDGE_CURVE('',#1036,#1037,#712,.T.);
#1362=EDGE_CURVE('',#1037,#1038,#713,.T.);
#1363=EDGE_CURVE('',#1038,#1039,#714,.T.);
#1364=EDGE_CURVE('',#1039,#1040,#715,.T.);
#1365=EDGE_CURVE('',#1040,#1041,#716,.T.);
#1366=EDGE_CURVE('',#1041,#1042,#717,.T.);
#1367=EDGE_CURVE('',#1042,#1043,#718,.T.);
#1368=EDGE_CURVE('',#1043,#1044,#719,.T.);
#1369=EDGE_CURVE('',#1044,#1045,#720,.T.);
#1370=EDGE_CURVE('',#1045,#1046,#721,.T.);
#1371=EDGE_CURVE('',#1046,#1047,#722,.T.);
#1372=EDGE_CURVE('',#1047,#1048,#723,.T.);
#1373=EDGE_CURVE('',#1048,#1049,#724,.T.);
#1374=EDGE_CURVE('',#1049,#1050,#725,.T.);
#1375=EDGE_CURVE('',#1050,#1051,#726,.T.);
#1376=EDGE_CURVE('',#1051,#1052,#727,.T.);
#1377=EDGE_CURVE('',#1052,#1053,#728,.T.);
#1378=EDGE_CURVE('',#1053,#1054,#729,.T.);
#1379=EDGE_CURVE('',#1054,#1055,#730,.T.);
#1380=EDGE_CURVE('',#1055,#1056,#731,.T.);
#1381=EDGE_CURVE('',#1056,#1057,#732,.T.);
#1382=EDGE_CURVE('',#1057,#1058,#733,.T.);
#1383=EDGE_CURVE('',#1058,#1059,#734,.T.);
#1384=EDGE_CURVE('',#1059,#1060,#735,.T.);
#1385=EDGE_CURVE('',#1060,#1061,#736,.T.);
#1386=EDGE_CURVE('',#1061,#1062,#737,.T.);
#1387=EDGE_CURVE('',#1062,#1063,#738,.T.);
#1388=EDGE_CURVE('',#1063,#1064,#739,.T.);
#1389=EDGE_CURVE('',#1064,#1065,#740,.T.);
#1390=EDGE_CURVE('',#1065,#1066,#741,.T.);
#1391=EDGE_CURVE('',#1066,#1067,#742,.T.);
#1392=EDGE_CURVE('',#1067,#1068,#743,.T.);
#1393=EDGE_CURVE('',#1068,#1069,#744,.T.);
#1394=EDGE_CURVE('',#1069,#1070,#745,.T.);
#1395=EDGE_CURVE('',#1070,#1071,#746,.T.);
#1396=EDGE_CURVE('',#1071,#1072,#747,.T.);
#1397=EDGE_CURVE('',#1072,#1073,#748,.T.);
#1398=EDGE_CURVE('',#1073,#1074,#749,.T.);
#1399=EDGE_CURVE('',#1074,#1075,#750,.T.);
#1400=EDGE_CURVE('',#1075,#1076,#751,.T.);
#1401=EDGE_CURVE('',#1076,#1077,#752,.T.);
#1402=EDGE_CURVE('',#1077,#1078,#753,.T.);
#1403=EDGE_CURVE('',#1078,#1079,#754,.T.);
#1404=EDGE_CURVE('',#1079,#1080,#755,.T.);
#1405=EDGE_CURVE('',#1080,#1081,#756,.T.);
#1406=EDGE_CURVE('',#1081,#1082,#757,.T.);
#1407=EDGE_CURVE('',#1082,#1083,#758,.T.);
#1408=EDGE_CURVE('',#1083,#1084,#759,.T.);
#1409=EDGE_CURVE('',#1084,#1085,#760,.T.);
#1410=EDGE_CURVE('',#1085,#1086,#761,.T.);
#1411=EDGE_CURVE('',#1086,#1087,#762,.T.);
#1412=EDGE_CURVE('',#1087,#1088,#763,.T.);
#1413=EDGE_CURVE('',#1088,#1089,#764,.T.);
#1414=EDGE_CURVE('',#1089,#1090,#765,.T.);
#1415=EDGE_CURVE('',#1090,#1091,#766,.T.);
#1416=EDGE_CURVE('',#1091,#1092,#767,.T.);
#1417=EDGE_CURVE('',#1092,#1093,#768,.T.);
#1418=EDGE_CURVE('',#1093,#1094,#769,.T.);
#1419=EDGE_CURVE('',#1094,#1095,#770,.T.);
#1420=EDGE_CURVE('',#1095,#1096,#771,.T.);
#1421=EDGE_CURVE('',#1096,#1097,#772,.T.);
#1422=EDGE_CURVE('',#1097,#1098,#773,.T.);
#1423=EDGE_CURVE('',#1098,#1099,#774,.T.);
#1424=EDGE_CURVE('',#1099,#1100,#775,.T.);
#1425=EDGE_CURVE('',#1100,#1101,#776,.T.);
#1426=EDGE_CURVE('',#1101,#1102,#777,.T.);
#1427=EDGE_CURVE('',#1102,#1103,#778,.T.);
#1428=EDGE_CURVE('',#1103,#1104,#779,.T.);
#1429=EDGE_CURVE('',#1104,#1105,#780,.T.);
#1430=EDGE_CURVE('',#1105,#1106,#781,.T.);
#1431=EDGE_CURVE('',#1106,#1107,#782,.T.);
#1432=EDGE_CURVE('',#1107,#1108,#783,.T.);
#1433=EDGE_CURVE('',#1108,#1109,#784,.T.);
#1434=EDGE_CURVE('',#1109,#1110,#785,.T.);
#1435=EDGE_CURVE('',#1110,#1111,#786,.T.);
#1436=EDGE_CURVE('',#1111,#1112,#787,.T.);
#1437=EDGE_CURVE('',#1112,#1113,#788,.T.);
#1438=EDGE_CURVE('',#1113,#1114,#789,.T.);
#1439=EDGE_CURVE('',#1114,#1115,#790,.T.);
#1440=EDGE_CURVE('',#1115,#1116,#791,.T.);
#1441=EDGE_CURVE('',#1116,#1117,#792,.T.);
#1442=EDGE_CURVE('',#1117,#1118,#793,.T.);
#1443=EDGE_CURVE('',#1118,#1119,#794,.T.);
#1444=EDGE_CURVE('',#1119,#1120,#795,.T.);
#1445=EDGE_CURVE('',#1120,#1121,#796,.T.);
#1446=EDGE_CURVE('',#1121,#1122,#797,.T.);
#1447=EDGE_CURVE('',#1122,#1123,#798,.T.);
#1448=EDGE_CURVE('',#1123,#1124,#799,.T.);
#1449=EDGE_CURVE('',#1124,#1125,#800,.T.);
#1450=EDGE_CURVE('',#1125,#1126,#801,.T.);
#1451=EDGE_CURVE('',#1126,#1127,#802,.T.);
#1452=EDGE_CURVE('',#1127,#1128,#803,.T.);
#1453=EDGE_CURVE('',#1128,#1129,#804,.T.);
#1454=EDGE_CURVE('',#1129,#1130,#805,.T.);
#1455=EDGE_CURVE('',#1130,#1131,#806,.T.);
#1456=EDGE_CURVE('',#1131,#1132,#807,.T.);
#1457=EDGE_CURVE('',#1132,#1133,#808,.T.);
#1458=EDGE_CURVE('',#1133,#1134,#809,.T.);
#1459=EDGE_CURVE('',#1134,#1135,#810,.T.);
#1460=EDGE_CURVE('',#1135,#1136,#811,.T.);
#1461=EDGE_CURVE('',#1136,#1137,#812,.T.);
#1462=EDGE_CURVE('',#1137,#1138,#813,.T.);
#1463=EDGE_CURVE('',#1138,#1139,#814,.T.);
#1464=EDGE_CURVE('',#1139,#1140,#815,.T.);
#1465=EDGE_CURVE('',#1140,#1141,#816,.T.);
#1466=EDGE_CURVE('',#1141,#1142,#817,.T.);
#1467=EDGE_CURVE('',#1142,#1143,#818,.T.);
#1468=EDGE_CURVE('',#1143,#1144,#819,.T.);
#1469=EDGE_CURVE('',#1144,#1145,#820,.T.);
#1470=EDGE_CURVE('',#1145,#1146,#821,.T.);
#1471=EDGE_CURVE('',#1146,#1147,#822,.T.);
#1472=EDGE_CURVE('',#1147,#1148,#823,.T.);
#1473=EDGE_CURVE('',#1148,#1149,#824,.T.);
#1474=EDGE_CURVE('',#1149,#1150,#825,.T.);
#1475=EDGE_CURVE('',#1150,#1151,#826,.T.);
#1476=EDGE_CURVE('',#1151,#1152,#827,.T.);
#1477=EDGE_CURVE('',#1152,#1153,#828,.T.);
#1478=EDGE_CURVE('',#1153,#1154,#829,.T.);
#1479=EDGE_CURVE('',#1154,#1155,#830,.T.);
#1480=EDGE_CURVE('',#1155,#1156,#831,.T.);
#1481=EDGE_CURVE('',#1156,#1157,#832,.T.);
#1482=EDGE_CURVE('',#1157,#1158,#833,.T.);
#1483=EDGE_CURVE('',#1158,#1159,#834,.T.);
#1484=EDGE_CURVE('',#1159,#1160,#835,.T.);
#1485=EDGE_CURVE('',#1160,#1161,#836,.T.);
#1486=EDGE_CURVE('',#1161,#1162,#837,.T.);
#1487=EDGE_CURVE('',#1162,#1163,#838,.T.);
#1488=EDGE_CURVE('',#1163,#1164,#839,.T.);
#1489=EDGE_CURVE('',#1164,#1005,#840,.T.);
#1490=EDGE_CURVE('',#1165,#1165,#841,.T.);
#1491=EDGE_CURVE('',#1005,#1166,#356,.T.);
#1492=EDGE_CURVE('',#1167,#1166,#842,.T.);
#1493=EDGE_CURVE('',#1006,#1167,#357,.T.);
#1494=EDGE_CURVE('',#1168,#1167,#843,.T.);
#1495=EDGE_CURVE('',#1007,#1168,#358,.T.);
#1496=EDGE_CURVE('',#1169,#1168,#844,.T.);
#1497=EDGE_CURVE('',#1008,#1169,#359,.T.);
#1498=EDGE_CURVE('',#1170,#1169,#845,.T.);
#1499=EDGE_CURVE('',#1009,#1170,#360,.T.);
#1500=EDGE_CURVE('',#1171,#1170,#846,.T.);
#1501=EDGE_CURVE('',#1010,#1171,#361,.T.);
#1502=EDGE_CURVE('',#1172,#1171,#847,.T.);
#1503=EDGE_CURVE('',#1011,#1172,#362,.T.);
#1504=EDGE_CURVE('',#1173,#1172,#848,.T.);
#1505=EDGE_CURVE('',#1012,#1173,#363,.T.);
#1506=EDGE_CURVE('',#1174,#1173,#849,.T.);
#1507=EDGE_CURVE('',#1013,#1174,#364,.T.);
#1508=EDGE_CURVE('',#1175,#1174,#850,.T.);
#1509=EDGE_CURVE('',#1014,#1175,#365,.T.);
#1510=EDGE_CURVE('',#1176,#1175,#851,.T.);
#1511=EDGE_CURVE('',#1015,#1176,#366,.T.);
#1512=EDGE_CURVE('',#1177,#1176,#852,.T.);
#1513=EDGE_CURVE('',#1016,#1177,#367,.T.);
#1514=EDGE_CURVE('',#1178,#1177,#853,.T.);
#1515=EDGE_CURVE('',#1017,#1178,#368,.T.);
#1516=EDGE_CURVE('',#1179,#1178,#854,.T.);
#1517=EDGE_CURVE('',#1018,#1179,#369,.T.);
#1518=EDGE_CURVE('',#1180,#1179,#855,.T.);
#1519=EDGE_CURVE('',#1019,#1180,#370,.T.);
#1520=EDGE_CURVE('',#1181,#1180,#856,.T.);
#1521=EDGE_CURVE('',#1020,#1181,#371,.T.);
#1522=EDGE_CURVE('',#1182,#1181,#857,.T.);
#1523=EDGE_CURVE('',#1021,#1182,#372,.T.);
#1524=EDGE_CURVE('',#1183,#1182,#858,.T.);
#1525=EDGE_CURVE('',#1022,#1183,#373,.T.);
#1526=EDGE_CURVE('',#1184,#1183,#859,.T.);
#1527=EDGE_CURVE('',#1023,#1184,#374,.T.);
#1528=EDGE_CURVE('',#1185,#1184,#860,.T.);
#1529=EDGE_CURVE('',#1024,#1185,#375,.T.);
#1530=EDGE_CURVE('',#1186,#1185,#861,.T.);
#1531=EDGE_CURVE('',#1025,#1186,#376,.T.);
#1532=EDGE_CURVE('',#1187,#1186,#862,.T.);
#1533=EDGE_CURVE('',#1026,#1187,#377,.T.);
#1534=EDGE_CURVE('',#1188,#1187,#863,.T.);
#1535=EDGE_CURVE('',#1027,#1188,#378,.T.);
#1536=EDGE_CURVE('',#1189,#1188,#864,.T.);
#1537=EDGE_CURVE('',#1028,#1189,#379,.T.);
#1538=EDGE_CURVE('',#1190,#1189,#865,.T.);
#1539=EDGE_CURVE('',#1029,#1190,#380,.T.);
#1540=EDGE_CURVE('',#1191,#1190,#866,.T.);
#1541=EDGE_CURVE('',#1030,#1191,#381,.T.);
#1542=EDGE_CURVE('',#1192,#1191,#867,.T.);
#1543=EDGE_CURVE('',#1031,#1192,#382,.T.);
#1544=EDGE_CURVE('',#1193,#1192,#868,.T.);
#1545=EDGE_CURVE('',#1032,#1193,#383,.T.);
#1546=EDGE_CURVE('',#1194,#1193,#869,.T.);
#1547=EDGE_CURVE('',#1033,#1194,#384,.T.);
#1548=EDGE_CURVE('',#1195,#1194,#870,.T.);
#1549=EDGE_CURVE('',#1034,#1195,#385,.T.);
#1550=EDGE_CURVE('',#1196,#1195,#871,.T.);
#1551=EDGE_CURVE('',#1035,#1196,#386,.T.);
#1552=EDGE_CURVE('',#1197,#1196,#872,.T.);
#1553=EDGE_CURVE('',#1036,#1197,#387,.T.);
#1554=EDGE_CURVE('',#1198,#1197,#873,.T.);
#1555=EDGE_CURVE('',#1037,#1198,#388,.T.);
#1556=EDGE_CURVE('',#1199,#1198,#874,.T.);
#1557=EDGE_CURVE('',#1038,#1199,#389,.T.);
#1558=EDGE_CURVE('',#1200,#1199,#875,.T.);
#1559=EDGE_CURVE('',#1039,#1200,#390,.T.);
#1560=EDGE_CURVE('',#1201,#1200,#876,.T.);
#1561=EDGE_CURVE('',#1040,#1201,#391,.T.);
#1562=EDGE_CURVE('',#1202,#1201,#877,.T.);
#1563=EDGE_CURVE('',#1041,#1202,#392,.T.);
#1564=EDGE_CURVE('',#1203,#1202,#878,.T.);
#1565=EDGE_CURVE('',#1042,#1203,#393,.T.);
#1566=EDGE_CURVE('',#1204,#1203,#879,.T.);
#1567=EDGE_CURVE('',#1043,#1204,#394,.T.);
#1568=EDGE_CURVE('',#1205,#1204,#880,.T.);
#1569=EDGE_CURVE('',#1044,#1205,#395,.T.);
#1570=EDGE_CURVE('',#1206,#1205,#881,.T.);
#1571=EDGE_CURVE('',#1045,#1206,#396,.T.);
#1572=EDGE_CURVE('',#1207,#1206,#882,.T.);
#1573=EDGE_CURVE('',#1046,#1207,#397,.T.);
#1574=EDGE_CURVE('',#1208,#1207,#883,.T.);
#1575=EDGE_CURVE('',#1047,#1208,#398,.T.);
#1576=EDGE_CURVE('',#1209,#1208,#884,.T.);
#1577=EDGE_CURVE('',#1048,#1209,#399,.T.);
#1578=EDGE_CURVE('',#1210,#1209,#885,.T.);
#1579=EDGE_CURVE('',#1049,#1210,#400,.T.);
#1580=EDGE_CURVE('',#1211,#1210,#886,.T.);
#1581=EDGE_CURVE('',#1050,#1211,#401,.T.);
#1582=EDGE_CURVE('',#1212,#1211,#887,.T.);
#1583=EDGE_CURVE('',#1051,#1212,#402,.T.);
#1584=EDGE_CURVE('',#1213,#1212,#888,.T.);
#1585=EDGE_CURVE('',#1052,#1213,#403,.T.);
#1586=EDGE_CURVE('',#1214,#1213,#889,.T.);
#1587=EDGE_CURVE('',#1053,#1214,#404,.T.);
#1588=EDGE_CURVE('',#1215,#1214,#890,.T.);
#1589=EDGE_CURVE('',#1054,#1215,#405,.T.);
#1590=EDGE_CURVE('',#1216,#1215,#891,.T.);
#1591=EDGE_CURVE('',#1055,#1216,#406,.T.);
#1592=EDGE_CURVE('',#1217,#1216,#892,.T.);
#1593=EDGE_CURVE('',#1056,#1217,#407,.T.);
#1594=EDGE_CURVE('',#1218,#1217,#893,.T.);
#1595=EDGE_CURVE('',#1057,#1218,#408,.T.);
#1596=EDGE_CURVE('',#1219,#1218,#894,.T.);
#1597=EDGE_CURVE('',#1058,#1219,#409,.T.);
#1598=EDGE_CURVE('',#1220,#1219,#895,.T.);
#1599=EDGE_CURVE('',#1059,#1220,#410,.T.);
#1600=EDGE_CURVE('',#1221,#1220,#896,.T.);
#1601=EDGE_CURVE('',#1060,#1221,#411,.T.);
#1602=EDGE_CURVE('',#1222,#1221,#897,.T.);
#1603=EDGE_CURVE('',#1061,#1222,#412,.T.);
#1604=EDGE_CURVE('',#1223,#1222,#898,.T.);
#1605=EDGE_CURVE('',#1062,#1223,#413,.T.);
#1606=EDGE_CURVE('',#1224,#1223,#899,.T.);
#1607=EDGE_CURVE('',#1063,#1224,#414,.T.);
#1608=EDGE_CURVE('',#1225,#1224,#900,.T.);
#1609=EDGE_CURVE('',#1064,#1225,#415,.T.);
#1610=EDGE_CURVE('',#1226,#1225,#901,.T.);
#1611=EDGE_CURVE('',#1065,#1226,#416,.T.);
#1612=EDGE_CURVE('',#1227,#1226,#902,.T.);
#1613=EDGE_CURVE('',#1066,#1227,#417,.T.);
#1614=EDGE_CURVE('',#1228,#1227,#903,.T.);
#1615=EDGE_CURVE('',#1067,#1228,#418,.T.);
#1616=EDGE_CURVE('',#1229,#1228,#904,.T.);
#1617=EDGE_CURVE('',#1068,#1229,#419,.T.);
#1618=EDGE_CURVE('',#1230,#1229,#905,.T.);
#1619=EDGE_CURVE('',#1069,#1230,#420,.T.);
#1620=EDGE_CURVE('',#1231,#1230,#906,.T.);
#1621=EDGE_CURVE('',#1070,#1231,#421,.T.);
#1622=EDGE_CURVE('',#1232,#1231,#907,.T.);
#1623=EDGE_CURVE('',#1071,#1232,#422,.T.);
#1624=EDGE_CURVE('',#1233,#1232,#908,.T.);
#1625=EDGE_CURVE('',#1072,#1233,#423,.T.);
#1626=EDGE_CURVE('',#1234,#1233,#909,.T.);
#1627=EDGE_CURVE('',#1073,#1234,#424,.T.);
#1628=EDGE_CURVE('',#1235,#1234,#910,.T.);
#1629=EDGE_CURVE('',#1074,#1235,#425,.T.);
#1630=EDGE_CURVE('',#1236,#1235,#911,.T.);
#1631=EDGE_CURVE('',#1075,#1236,#426,.T.);
#1632=EDGE_CURVE('',#1237,#1236,#912,.T.);
#1633=EDGE_CURVE('',#1076,#1237,#427,.T.);
#1634=EDGE_CURVE('',#1238,#1237,#913,.T.);
#1635=EDGE_CURVE('',#1077,#1238,#428,.T.);
#1636=EDGE_CURVE('',#1239,#1238,#914,.T.);
#1637=EDGE_CURVE('',#1078,#1239,#429,.T.);
#1638=EDGE_CURVE('',#1240,#1239,#915,.T.);
#1639=EDGE_CURVE('',#1079,#1240,#430,.T.);
#1640=EDGE_CURVE('',#1241,#1240,#916,.T.);
#1641=EDGE_CURVE('',#1080,#1241,#431,.T.);
#1642=EDGE_CURVE('',#1242,#1241,#917,.T.);
#1643=EDGE_CURVE('',#1081,#1242,#432,.T.);
#1644=EDGE_CURVE('',#1243,#1242,#918,.T.);
#1645=EDGE_CURVE('',#1082,#1243,#433,.T.);
#1646=EDGE_CURVE('',#1244,#1243,#919,.T.);
#1647=EDGE_CURVE('',#1083,#1244,#434,.T.);
#1648=EDGE_CURVE('',#1245,#1244,#920,.T.);
#1649=EDGE_CURVE('',#1084,#1245,#435,.T.);
#1650=EDGE_CURVE('',#1246,#1245,#921,.T.);
#1651=EDGE_CURVE('',#1085,#1246,#436,.T.);
#1652=EDGE_CURVE('',#1247,#1246,#922,.T.);
#1653=EDGE_CURVE('',#1086,#1247,#437,.T.);
#1654=EDGE_CURVE('',#1248,#1247,#923,.T.);
#1655=EDGE_CURVE('',#1087,#1248,#438,.T.);
#1656=EDGE_CURVE('',#1249,#1248,#924,.T.);
#1657=EDGE_CURVE('',#1088,#1249,#439,.T.);
#1658=EDGE_CURVE('',#1250,#1249,#925,.T.);
#1659=EDGE_CURVE('',#1089,#1250,#440,.T.);
#1660=EDGE_CURVE('',#1251,#1250,#926,.T.);
#1661=EDGE_CURVE('',#1090,#1251,#441,.T.);
#1662=EDGE_CURVE('',#1252,#1251,#927,.T.);
#1663=EDGE_CURVE('',#1091,#1252,#442,.T.);
#1664=EDGE_CURVE('',#1253,#1252,#928,.T.);
#1665=EDGE_CURVE('',#1092,#1253,#443,.T.);
#1666=EDGE_CURVE('',#1254,#1253,#929,.T.);
#1667=EDGE_CURVE('',#1093,#1254,#444,.T.);
#1668=EDGE_CURVE('',#1255,#1254,#930,.T.);
#1669=EDGE_CURVE('',#1094,#1255,#445,.T.);
#1670=EDGE_CURVE('',#1256,#1255,#931,.T.);
#1671=EDGE_CURVE('',#1095,#1256,#446,.T.);
#1672=EDGE_CURVE('',#1257,#1256,#932,.T.);
#1673=EDGE_CURVE('',#1096,#1257,#447,.T.);
#1674=EDGE_CURVE('',#1258,#1257,#933,.T.);
#1675=EDGE_CURVE('',#1097,#1258,#448,.T.);
#1676=EDGE_CURVE('',#1259,#1258,#934,.T.);
#1677=EDGE_CURVE('',#1098,#1259,#449,.T.);
#1678=EDGE_CURVE('',#1260,#1259,#935,.T.);
#1679=EDGE_CURVE('',#1099,#1260,#450,.T.);
#1680=EDGE_CURVE('',#1261,#1260,#936,.T.);
#1681=EDGE_CURVE('',#1100,#1261,#451,.T.);
#1682=EDGE_CURVE('',#1262,#1261,#937,.T.);
#1683=EDGE_CURVE('',#1101,#1262,#452,.T.);
#1684=EDGE_CURVE('',#1263,#1262,#938,.T.);
#1685=EDGE_CURVE('',#1102,#1263,#453,.T.);
#1686=EDGE_CURVE('',#1264,#1263,#939,.T.);
#1687=EDGE_CURVE('',#1103,#1264,#454,.T.);
#1688=EDGE_CURVE('',#1265,#1264,#940,.T.);
#1689=EDGE_CURVE('',#1104,#1265,#455,.T.);
#1690=EDGE_CURVE('',#1266,#1265,#941,.T.);
#1691=EDGE_CURVE('',#1105,#1266,#456,.T.);
#1692=EDGE_CURVE('',#1267,#1266,#942,.T.);
#1693=EDGE_CURVE('',#1106,#1267,#457,.T.);
#1694=EDGE_CURVE('',#1268,#1267,#943,.T.);
#1695=EDGE_CURVE('',#1107,#1268,#458,.T.);
#1696=EDGE_CURVE('',#1269,#1268,#944,.T.);
#1697=EDGE_CURVE('',#1108,#1269,#459,.T.);
#1698=EDGE_CURVE('',#1270,#1269,#945,.T.);
#1699=EDGE_CURVE('',#1109,#1270,#460,.T.);
#1700=EDGE_CURVE('',#1271,#1270,#946,.T.);
#1701=EDGE_CURVE('',#1110,#1271,#461,.T.);
#1702=EDGE_CURVE('',#1272,#1271,#947,.T.);
#1703=EDGE_CURVE('',#1111,#1272,#462,.T.);
#1704=EDGE_CURVE('',#1273,#1272,#948,.T.);
#1705=EDGE_CURVE('',#1112,#1273,#463,.T.);
#1706=EDGE_CURVE('',#1274,#1273,#949,.T.);
#1707=EDGE_CURVE('',#1113,#1274,#464,.T.);
#1708=EDGE_CURVE('',#1275,#1274,#950,.T.);
#1709=EDGE_CURVE('',#1114,#1275,#465,.T.);
#1710=EDGE_CURVE('',#1276,#1275,#951,.T.);
#1711=EDGE_CURVE('',#1115,#1276,#466,.T.);
#1712=EDGE_CURVE('',#1277,#1276,#952,.T.);
#1713=EDGE_CURVE('',#1116,#1277,#467,.T.);
#1714=EDGE_CURVE('',#1278,#1277,#953,.T.);
#1715=EDGE_CURVE('',#1117,#1278,#468,.T.);
#1716=EDGE_CURVE('',#1279,#1278,#954,.T.);
#1717=EDGE_CURVE('',#1118,#1279,#469,.T.);
#1718=EDGE_CURVE('',#1280,#1279,#955,.T.);
#1719=EDGE_CURVE('',#1119,#1280,#470,.T.);
#1720=EDGE_CURVE('',#1281,#1280,#956,.T.);
#1721=EDGE_CURVE('',#1120,#1281,#471,.T.);
#1722=EDGE_CURVE('',#1282,#1281,#957,.T.);
#1723=EDGE_CURVE('',#1121,#1282,#472,.T.);
#1724=EDGE_CURVE('',#1283,#1282,#958,.T.);
#1725=EDGE_CURVE('',#1122,#1283,#473,.T.);
#1726=EDGE_CURVE('',#1284,#1283,#959,.T.);
#1727=EDGE_CURVE('',#1123,#1284,#474,.T.);
#1728=EDGE_CURVE('',#1285,#1284,#960,.T.);
#1729=EDGE_CURVE('',#1124,#1285,#475,.T.);
#1730=EDGE_CURVE('',#1286,#1285,#961,.T.);
#1731=EDGE_CURVE('',#1125,#1286,#476,.T.);
#1732=EDGE_CURVE('',#1287,#1286,#962,.T.);
#1733=EDGE_CURVE('',#1126,#1287,#477,.T.);
#1734=EDGE_CURVE('',#1288,#1287,#963,.T.);
#1735=EDGE_CURVE('',#1127,#1288,#478,.T.);
#1736=EDGE_CURVE('',#1289,#1288,#964,.T.);
#1737=EDGE_CURVE('',#1128,#1289,#479,.T.);
#1738=EDGE_CURVE('',#1290,#1289,#965,.T.);
#1739=EDGE_CURVE('',#1129,#1290,#480,.T.);
#1740=EDGE_CURVE('',#1291,#1290,#966,.T.);
#1741=EDGE_CURVE('',#1130,#1291,#481,.T.);
#1742=EDGE_CURVE('',#1292,#1291,#967,.T.);
#1743=EDGE_CURVE('',#1131,#1292,#482,.T.);
#1744=EDGE_CURVE('',#1293,#1292,#968,.T.);
#1745=EDGE_CURVE('',#1132,#1293,#483,.T.);
#1746=EDGE_CURVE('',#1294,#1293,#969,.T.);
#1747=EDGE_CURVE('',#1133,#1294,#484,.T.);
#1748=EDGE_CURVE('',#1295,#1294,#970,.T.);
#1749=EDGE_CURVE('',#1134,#1295,#485,.T.);
#1750=EDGE_CURVE('',#1296,#1295,#971,.T.);
#1751=EDGE_CURVE('',#1135,#1296,#486,.T.);
#1752=EDGE_CURVE('',#1297,#1296,#972,.T.);
#1753=EDGE_CURVE('',#1136,#1297,#487,.T.);
#1754=EDGE_CURVE('',#1298,#1297,#973,.T.);
#1755=EDGE_CURVE('',#1137,#1298,#488,.T.);
#1756=EDGE_CURVE('',#1299,#1298,#974,.T.);
#1757=EDGE_CURVE('',#1138,#1299,#489,.T.);
#1758=EDGE_CURVE('',#1300,#1299,#975,.T.);
#1759=EDGE_CURVE('',#1139,#1300,#490,.T.);
#1760=EDGE_CURVE('',#1301,#1300,#976,.T.);
#1761=EDGE_CURVE('',#1140,#1301,#491,.T.);
#1762=EDGE_CURVE('',#1302,#1301,#977,.T.);
#1763=EDGE_CURVE('',#1141,#1302,#492,.T.);
#1764=EDGE_CURVE('',#1303,#1302,#978,.T.);
#1765=EDGE_CURVE('',#1142,#1303,#493,.T.);
#1766=EDGE_CURVE('',#1304,#1303,#979,.T.);
#1767=EDGE_CURVE('',#1143,#1304,#494,.T.);
#1768=EDGE_CURVE('',#1305,#1304,#980,.T.);
#1769=EDGE_CURVE('',#1144,#1305,#495,.T.);
#1770=EDGE_CURVE('',#1306,#1305,#981,.T.);
#1771=EDGE_CURVE('',#1145,#1306,#496,.T.);
#1772=EDGE_CURVE('',#1307,#1306,#982,.T.);
#1773=EDGE_CURVE('',#1146,#1307,#497,.T.);
#1774=EDGE_CURVE('',#1308,#1307,#983,.T.);
#1775=EDGE_CURVE('',#1147,#1308,#498,.T.);
#1776=EDGE_CURVE('',#1309,#1308,#984,.T.);
#1777=EDGE_CURVE('',#1148,#1309,#499,.T.);
#1778=EDGE_CURVE('',#1310,#1309,#985,.T.);
#1779=EDGE_CURVE('',#1149,#1310,#500,.T.);
#1780=EDGE_CURVE('',#1311,#1310,#986,.T.);
#1781=EDGE_CURVE('',#1150,#1311,#501,.T.);
#1782=EDGE_CURVE('',#1312,#1311,#987,.T.);
#1783=EDGE_CURVE('',#1151,#1312,#502,.T.);
#1784=EDGE_CURVE('',#1313,#1312,#988,.T.);
#1785=EDGE_CURVE('',#1152,#1313,#503,.T.);
#1786=EDGE_CURVE('',#1314,#1313,#989,.T.);
#1787=EDGE_CURVE('',#1153,#1314,#504,.T.);
#1788=EDGE_CURVE('',#1315,#1314,#990,.T.);
#1789=EDGE_CURVE('',#1154,#1315,#505,.T.);
#1790=EDGE_CURVE('',#1316,#1315,#991,.T.);
#1791=EDGE_CURVE('',#1155,#1316,#506,.T.);
#1792=EDGE_CURVE('',#1317,#1316,#992,.T.);
#1793=EDGE_CURVE('',#1156,#1317,#507,.T.);
#1794=EDGE_CURVE('',#1318,#1317,#993,.T.);
#1795=EDGE_CURVE('',#1157,#1318,#508,.T.);
#1796=EDGE_CURVE('',#1319,#1318,#994,.T.);
#1797=EDGE_CURVE('',#1158,#1319,#509,.T.);
#1798=EDGE_CURVE('',#1320,#1319,#995,.T.);
#1799=EDGE_CURVE('',#1159,#1320,#510,.T.);
#1800=EDGE_CURVE('',#1321,#1320,#996,.T.);
#1801=EDGE_CURVE('',#1160,#1321,#511,.T.);
#1802=EDGE_CURVE('',#1322,#1321,#997,.T.);
#1803=EDGE_CURVE('',#1161,#1322,#512,.T.);
#1804=EDGE_CURVE('',#1323,#1322,#998,.T.);
#1805=EDGE_CURVE('',#1162,#1323,#513,.T.);
#1806=EDGE_CURVE('',#1324,#1323,#999,.T.);
#1807=EDGE_CURVE('',#1163,#1324,#514,.T.);
#1808=EDGE_CURVE('',#1325,#1324,#1000,.T.);
#1809=EDGE_CURVE('',#1164,#1325,#515,.T.);
#1810=EDGE_CURVE('',#1166,#1325,#1001,.T.);
#1811=EDGE_CURVE('',#1326,#1326,#1002,.T.);
#1812=EDGE_CURVE('',#1326,#1165,#516,.T.);
#1813=ORIENTED_EDGE('',*,*,#1327,.F.);
#1814=ORIENTED_EDGE('',*,*,#1328,.T.);
#1815=ORIENTED_EDGE('',*,*,#1329,.F.);
#1816=ORIENTED_EDGE('',*,*,#1328,.F.);
#1817=ORIENTED_EDGE('',*,*,#1327,.T.);
#1818=ORIENTED_EDGE('',*,*,#1330,.T.);
#1819=ORIENTED_EDGE('',*,*,#1331,.T.);
#1820=ORIENTED_EDGE('',*,*,#1332,.T.);
#1821=ORIENTED_EDGE('',*,*,#1333,.T.);
#1822=ORIENTED_EDGE('',*,*,#1334,.T.);
#1823=ORIENTED_EDGE('',*,*,#1335,.T.);
#1824=ORIENTED_EDGE('',*,*,#1336,.T.);
#1825=ORIENTED_EDGE('',*,*,#1337,.T.);
#1826=ORIENTED_EDGE('',*,*,#1338,.T.);
#1827=ORIENTED_EDGE('',*,*,#1339,.T.);
#1828=ORIENTED_EDGE('',*,*,#1340,.T.);
#1829=ORIENTED_EDGE('',*,*,#1341,.T.);
#1830=ORIENTED_EDGE('',*,*,#1342,.T.);
#1831=ORIENTED_EDGE('',*,*,#1343,.T.);
#1832=ORIENTED_EDGE('',*,*,#1344,.T.);
#1833=ORIENTED_EDGE('',*,*,#1345,.T.);
#1834=ORIENTED_EDGE('',*,*,#1346,.T.);
#1835=ORIENTED_EDGE('',*,*,#1347,.T.);
#1836=ORIENTED_EDGE('',*,*,#1348,.T.);
#1837=ORIENTED_EDGE('',*,*,#1349,.T.);
#1838=ORIENTED_EDGE('',*,*,#1350,.T.);
#1839=ORIENTED_EDGE('',*,*,#1351,.T.);
#1840=ORIENTED_EDGE('',*,*,#1352,.T.);
#1841=ORIENTED_EDGE('',*,*,#1353,.T.);
#1842=ORIENTED_EDGE('',*,*,#1354,.T.);
#1843=ORIENTED_EDGE('',*,*,#1355,.T.);
#1844=ORIENTED_EDGE('',*,*,#1356,.T.);
#1845=ORIENTED_EDGE('',*,*,#1357,.T.);
#1846=ORIENTED_EDGE('',*,*,#1358,.T.);
#1847=ORIENTED_EDGE('',*,*,#1359,.T.);
#1848=ORIENTED_EDGE('',*,*,#1360,.T.);
#1849=ORIENTED_EDGE('',*,*,#1361,.T.);
#1850=ORIENTED_EDGE('',*,*,#1362,.T.);
#1851=ORIENTED_EDGE('',*,*,#1363,.T.);
#1852=ORIENTED_EDGE('',*,*,#1364,.T.);
#1853=ORIENTED_EDGE('',*,*,#1365,.T.);
#1854=ORIENTED_EDGE('',*,*,#1366,.T.);
#1855=ORIENTED_EDGE('',*,*,#1367,.T.);
#1856=ORIENTED_EDGE('',*,*,#1368,.T.);
#1857=ORIENTED_EDGE('',*,*,#1369,.T.);
#1858=ORIENTED_EDGE('',*,*,#1370,.T.);
#1859=ORIENTED_EDGE('',*,*,#1371,.T.);
#1860=ORIENTED_EDGE('',*,*,#1372,.T.);
#1861=ORIENTED_EDGE('',*,*,#1373,.T.);
#1862=ORIENTED_EDGE('',*,*,#1374,.T.);
#1863=ORIENTED_EDGE('',*,*,#1375,.T.);
#1864=ORIENTED_EDGE('',*,*,#1376,.T.);
#1865=ORIENTED_EDGE('',*,*,#1377,.T.);
#1866=ORIENTED_EDGE('',*,*,#1378,.T.);
#1867=ORIENTED_EDGE('',*,*,#1379,.T.);
#1868=ORIENTED_EDGE('',*,*,#1380,.T.);
#1869=ORIENTED_EDGE('',*,*,#1381,.T.);
#1870=ORIENTED_EDGE('',*,*,#1382,.T.);
#1871=ORIENTED_EDGE('',*,*,#1383,.T.);
#1872=ORIENTED_EDGE('',*,*,#1384,.T.);
#1873=ORIENTED_EDGE('',*,*,#1385,.T.);
#1874=ORIENTED_EDGE('',*,*,#1386,.T.);
#1875=ORIENTED_EDGE('',*,*,#1387,.T.);
#1876=ORIENTED_EDGE('',*,*,#1388,.T.);
#1877=ORIENTED_EDGE('',*,*,#1389,.T.);
#1878=ORIENTED_EDGE('',*,*,#1390,.T.);
#1879=ORIENTED_EDGE('',*,*,#1391,.T.);
#1880=ORIENTED_EDGE('',*,*,#1392,.T.);
#1881=ORIENTED_EDGE('',*,*,#1393,.T.);
#1882=ORIENTED_EDGE('',*,*,#1394,.T.);
#1883=ORIENTED_EDGE('',*,*,#1395,.T.);
#1884=ORIENTED_EDGE('',*,*,#1396,.T.);
#1885=ORIENTED_EDGE('',*,*,#1397,.T.);
#1886=ORIENTED_EDGE('',*,*,#1398,.T.);
#1887=ORIENTED_EDGE('',*,*,#1399,.T.);
#1888=ORIENTED_EDGE('',*,*,#1400,.T.);
#1889=ORIENTED_EDGE('',*,*,#1401,.T.);
#1890=ORIENTED_EDGE('',*,*,#1402,.T.);
#1891=ORIENTED_EDGE('',*,*,#1403,.T.);
#1892=ORIENTED_EDGE('',*,*,#1404,.T.);
#1893=ORIENTED_EDGE('',*,*,#1405,.T.);
#1894=ORIENTED_EDGE('',*,*,#1406,.T.);
#1895=ORIENTED_EDGE('',*,*,#1407,.T.);
#1896=ORIENTED_EDGE('',*,*,#1408,.T.);
#1897=ORIENTED_EDGE('',*,*,#1409,.T.);
#1898=ORIENTED_EDGE('',*,*,#1410,.T.);
#1899=ORIENTED_EDGE('',*,*,#1411,.T.);
#1900=ORIENTED_EDGE('',*,*,#1412,.T.);
#1901=ORIENTED_EDGE('',*,*,#1413,.T.);
#1902=ORIENTED_EDGE('',*,*,#1414,.T.);
#1903=ORIENTED_EDGE('',*,*,#1415,.T.);
#1904=ORIENTED_EDGE('',*,*,#1416,.T.);
#1905=ORIENTED_EDGE('',*,*,#1417,.T.);
#1906=ORIENTED_EDGE('',*,*,#1418,.T.);
#1907=ORIENTED_EDGE('',*,*,#1419,.T.);
#1908=ORIENTED_EDGE('',*,*,#1420,.T.);
#1909=ORIENTED_EDGE('',*,*,#1421,.T.);
#1910=ORIENTED_EDGE('',*,*,#1422,.T.);
#1911=ORIENTED_EDGE('',*,*,#1423,.T.);
#1912=ORIENTED_EDGE('',*,*,#1424,.T.);
#1913=ORIENTED_EDGE('',*,*,#1425,.T.);
#1914=ORIENTED_EDGE('',*,*,#1426,.T.);
#1915=ORIENTED_EDGE('',*,*,#1427,.T.);
#1916=ORIENTED_EDGE('',*,*,#1428,.T.);
#1917=ORIENTED_EDGE('',*,*,#1429,.T.);
#1918=ORIENTED_EDGE('',*,*,#1430,.T.);
#1919=ORIENTED_EDGE('',*,*,#1431,.T.);
#1920=ORIENTED_EDGE('',*,*,#1432,.T.);
#1921=ORIENTED_EDGE('',*,*,#1433,.T.);
#1922=ORIENTED_EDGE('',*,*,#1434,.T.);
#1923=ORIENTED_EDGE('',*,*,#1435,.T.);
#1924=ORIENTED_EDGE('',*,*,#1436,.T.);
#1925=ORIENTED_EDGE('',*,*,#1437,.T.);
#1926=ORIENTED_EDGE('',*,*,#1438,.T.);
#1927=ORIENTED_EDGE('',*,*,#1439,.T.);
#1928=ORIENTED_EDGE('',*,*,#1440,.T.);
#1929=ORIENTED_EDGE('',*,*,#1441,.T.);
#1930=ORIENTED_EDGE('',*,*,#1442,.T.);
#1931=ORIENTED_EDGE('',*,*,#1443,.T.);
#1932=ORIENTED_EDGE('',*,*,#1444,.T.);
#1933=ORIENTED_EDGE('',*,*,#1445,.T.);
#1934=ORIENTED_EDGE('',*,*,#1446,.T.);
#1935=ORIENTED_EDGE('',*,*,#1447,.T.);
#1936=ORIENTED_EDGE('',*,*,#1448,.T.);
#1937=ORIENTED_EDGE('',*,*,#1449,.T.);
#1938=ORIENTED_EDGE('',*,*,#1450,.T.);
#1939=ORIENTED_EDGE('',*,*,#1451,.T.);
#1940=ORIENTED_EDGE('',*,*,#1452,.T.);
#1941=ORIENTED_EDGE('',*,*,#1453,.T.);
#1942=ORIENTED_EDGE('',*,*,#1454,.T.);
#1943=ORIENTED_EDGE('',*,*,#1455,.T.);
#1944=ORIENTED_EDGE('',*,*,#1456,.T.);
#1945=ORIENTED_EDGE('',*,*,#1457,.T.);
#1946=ORIENTED_EDGE('',*,*,#1458,.T.);
#1947=ORIENTED_EDGE('',*,*,#1459,.T.);
#1948=ORIENTED_EDGE('',*,*,#1460,.T.);
#1949=ORIENTED_EDGE('',*,*,#1461,.T.);
#1950=ORIENTED_EDGE('',*,*,#1462,.T.);
#1951=ORIENTED_EDGE('',*,*,#1463,.T.);
#1952=ORIENTED_EDGE('',*,*,#1464,.T.);
#1953=ORIENTED_EDGE('',*,*,#1465,.T.);
#1954=ORIENTED_EDGE('',*,*,#1466,.T.);
#1955=ORIENTED_EDGE('',*,*,#1467,.T.);
#1956=ORIENTED_EDGE('',*,*,#1468,.T.);
#1957=ORIENTED_EDGE('',*,*,#1469,.T.);
#1958=ORIENTED_EDGE('',*,*,#1470,.T.);
#1959=ORIENTED_EDGE('',*,*,#1471,.T.);
#1960=ORIENTED_EDGE('',*,*,#1472,.T.);
#1961=ORIENTED_EDGE('',*,*,#1473,.T.);
#1962=ORIENTED_EDGE('',*,*,#1474,.T.);
#1963=ORIENTED_EDGE('',*,*,#1475,.T.);
#1964=ORIENTED_EDGE('',*,*,#1476,.T.);
#1965=ORIENTED_EDGE('',*,*,#1477,.T.);
#1966=ORIENTED_EDGE('',*,*,#1478,.T.);
#1967=ORIENTED_EDGE('',*,*,#1479,.T.);
#1968=ORIENTED_EDGE('',*,*,#1480,.T.);
#1969=ORIENTED_EDGE('',*,*,#1481,.T.);
#1970=ORIENTED_EDGE('',*,*,#1482,.T.);
#1971=ORIENTED_EDGE('',*,*,#1483,.T.);
#1972=ORIENTED_EDGE('',*,*,#1484,.T.);
#1973=ORIENTED_EDGE('',*,*,#1485,.T.);
#1974=ORIENTED_EDGE('',*,*,#1486,.T.);
#1975=ORIENTED_EDGE('',*,*,#1487,.T.);
#1976=ORIENTED_EDGE('',*,*,#1488,.T.);
#1977=ORIENTED_EDGE('',*,*,#1489,.T.);
#1978=ORIENTED_EDGE('',*,*,#1329,.T.);
#1979=ORIENTED_EDGE('',*,*,#1490,.T.);
#1980=ORIENTED_EDGE('',*,*,#1330,.F.);
#1981=ORIENTED_EDGE('',*,*,#1491,.T.);
#1982=ORIENTED_EDGE('',*,*,#1492,.F.);
#1983=ORIENTED_EDGE('',*,*,#1493,.F.);
#1984=ORIENTED_EDGE('',*,*,#1331,.F.);
#1985=ORIENTED_EDGE('',*,*,#1493,.T.);
#1986=ORIENTED_EDGE('',*,*,#1494,.F.);
#1987=ORIENTED_EDGE('',*,*,#1495,.F.);
#1988=ORIENTED_EDGE('',*,*,#1332,.F.);
#1989=ORIENTED_EDGE('',*,*,#1495,.T.);
#1990=ORIENTED_EDGE('',*,*,#1496,.F.);
#1991=ORIENTED_EDGE('',*,*,#1497,.F.);
#1992=ORIENTED_EDGE('',*,*,#1333,.F.);
#1993=ORIENTED_EDGE('',*,*,#1497,.T.);
#1994=ORIENTED_EDGE('',*,*,#1498,.F.);
#1995=ORIENTED_EDGE('',*,*,#1499,.F.);
#1996=ORIENTED_EDGE('',*,*,#1334,.F.);
#1997=ORIENTED_EDGE('',*,*,#1499,.T.);
#1998=ORIENTED_EDGE('',*,*,#1500,.F.);
#1999=ORIENTED_EDGE('',*,*,#1501,.F.);
#2000=ORIENTED_EDGE('',*,*,#1335,.F.);
#2001=ORIENTED_EDGE('',*,*,#1501,.T.);
#2002=ORIENTED_EDGE('',*,*,#1502,.F.);
#2003=ORIENTED_EDGE('',*,*,#1503,.F.);
#2004=ORIENTED_EDGE('',*,*,#1336,.F.);
#2005=ORIENTED_EDGE('',*,*,#1503,.T.);
#2006=ORIENTED_EDGE('',*,*,#1504,.F.);
#2007=ORIENTED_EDGE('',*,*,#1505,.F.);
#2008=ORIENTED_EDGE('',*,*,#1337,.F.);
#2009=ORIENTED_EDGE('',*,*,#1505,.T.);
#2010=ORIENTED_EDGE('',*,*,#1506,.F.);
#2011=ORIENTED_EDGE('',*,*,#1507,.F.);
#2012=ORIENTED_EDGE('',*,*,#1338,.F.);
#2013=ORIENTED_EDGE('',*,*,#1507,.T.);
#2014=ORIENTED_EDGE('',*,*,#1508,.F.);
#2015=ORIENTED_EDGE('',*,*,#1509,.F.);
#2016=ORIENTED_EDGE('',*,*,#1339,.F.);
#2017=ORIENTED_EDGE('',*,*,#1509,.T.);
#2018=ORIENTED_EDGE('',*,*,#1510,.F.);
#2019=ORIENTED_EDGE('',*,*,#1511,.F.);
#2020=ORIENTED_EDGE('',*,*,#1340,.F.);
#2021=ORIENTED_EDGE('',*,*,#1511,.T.);
#2022=ORIENTED_EDGE('',*,*,#1512,.F.);
#2023=ORIENTED_EDGE('',*,*,#1513,.F.);
#2024=ORIENTED_EDGE('',*,*,#1341,.F.);
#2025=ORIENTED_EDGE('',*,*,#1513,.T.);
#2026=ORIENTED_EDGE('',*,*,#1514,.F.);
#2027=ORIENTED_EDGE('',*,*,#1515,.F.);
#2028=ORIENTED_EDGE('',*,*,#1342,.F.);
#2029=ORIENTED_EDGE('',*,*,#1515,.T.);
#2030=ORIENTED_EDGE('',*,*,#1516,.F.);
#2031=ORIENTED_EDGE('',*,*,#1517,.F.);
#2032=ORIENTED_EDGE('',*,*,#1343,.F.);
#2033=ORIENTED_EDGE('',*,*,#1517,.T.);
#2034=ORIENTED_EDGE('',*,*,#1518,.F.);
#2035=ORIENTED_EDGE('',*,*,#1519,.F.);
#2036=ORIENTED_EDGE('',*,*,#1344,.F.);
#2037=ORIENTED_EDGE('',*,*,#1519,.T.);
#2038=ORIENTED_EDGE('',*,*,#1520,.F.);
#2039=ORIENTED_EDGE('',*,*,#1521,.F.);
#2040=ORIENTED_EDGE('',*,*,#1345,.F.);
#2041=ORIENTED_EDGE('',*,*,#1521,.T.);
#2042=ORIENTED_EDGE('',*,*,#1522,.F.);
#2043=ORIENTED_EDGE('',*,*,#1523,.F.);
#2044=ORIENTED_EDGE('',*,*,#1346,.F.);
#2045=ORIENTED_EDGE('',*,*,#1523,.T.);
#2046=ORIENTED_EDGE('',*,*,#1524,.F.);
#2047=ORIENTED_EDGE('',*,*,#1525,.F.);
#2048=ORIENTED_EDGE('',*,*,#1347,.F.);
#2049=ORIENTED_EDGE('',*,*,#1525,.T.);
#2050=ORIENTED_EDGE('',*,*,#1526,.F.);
#2051=ORIENTED_EDGE('',*,*,#1527,.F.);
#2052=ORIENTED_EDGE('',*,*,#1348,.F.);
#2053=ORIENTED_EDGE('',*,*,#1527,.T.);
#2054=ORIENTED_EDGE('',*,*,#1528,.F.);
#2055=ORIENTED_EDGE('',*,*,#1529,.F.);
#2056=ORIENTED_EDGE('',*,*,#1349,.F.);
#2057=ORIENTED_EDGE('',*,*,#1529,.T.);
#2058=ORIENTED_EDGE('',*,*,#1530,.F.);
#2059=ORIENTED_EDGE('',*,*,#1531,.F.);
#2060=ORIENTED_EDGE('',*,*,#1350,.F.);
#2061=ORIENTED_EDGE('',*,*,#1531,.T.);
#2062=ORIENTED_EDGE('',*,*,#1532,.F.);
#2063=ORIENTED_EDGE('',*,*,#1533,.F.);
#2064=ORIENTED_EDGE('',*,*,#1351,.F.);
#2065=ORIENTED_EDGE('',*,*,#1533,.T.);
#2066=ORIENTED_EDGE('',*,*,#1534,.F.);
#2067=ORIENTED_EDGE('',*,*,#1535,.F.);
#2068=ORIENTED_EDGE('',*,*,#1352,.F.);
#2069=ORIENTED_EDGE('',*,*,#1535,.T.);
#2070=ORIENTED_EDGE('',*,*,#1536,.F.);
#2071=ORIENTED_EDGE('',*,*,#1537,.F.);
#2072=ORIENTED_EDGE('',*,*,#1353,.F.);
#2073=ORIENTED_EDGE('',*,*,#1537,.T.);
#2074=ORIENTED_EDGE('',*,*,#1538,.F.);
#2075=ORIENTED_EDGE('',*,*,#1539,.F.);
#2076=ORIENTED_EDGE('',*,*,#1354,.F.);
#2077=ORIENTED_EDGE('',*,*,#1539,.T.);
#2078=ORIENTED_EDGE('',*,*,#1540,.F.);
#2079=ORIENTED_EDGE('',*,*,#1541,.F.);
#2080=ORIENTED_EDGE('',*,*,#1355,.F.);
#2081=ORIENTED_EDGE('',*,*,#1541,.T.);
#2082=ORIENTED_EDGE('',*,*,#1542,.F.);
#2083=ORIENTED_EDGE('',*,*,#1543,.F.);
#2084=ORIENTED_EDGE('',*,*,#1356,.F.);
#2085=ORIENTED_EDGE('',*,*,#1543,.T.);
#2086=ORIENTED_EDGE('',*,*,#1544,.F.);
#2087=ORIENTED_EDGE('',*,*,#1545,.F.);
#2088=ORIENTED_EDGE('',*,*,#1357,.F.);
#2089=ORIENTED_EDGE('',*,*,#1545,.T.);
#2090=ORIENTED_EDGE('',*,*,#1546,.F.);
#2091=ORIENTED_EDGE('',*,*,#1547,.F.);
#2092=ORIENTED_EDGE('',*,*,#1358,.F.);
#2093=ORIENTED_EDGE('',*,*,#1547,.T.);
#2094=ORIENTED_EDGE('',*,*,#1548,.F.);
#2095=ORIENTED_EDGE('',*,*,#1549,.F.);
#2096=ORIENTED_EDGE('',*,*,#1359,.F.);
#2097=ORIENTED_EDGE('',*,*,#1549,.T.);
#2098=ORIENTED_EDGE('',*,*,#1550,.F.);
#2099=ORIENTED_EDGE('',*,*,#1551,.F.);
#2100=ORIENTED_EDGE('',*,*,#1360,.F.);
#2101=ORIENTED_EDGE('',*,*,#1551,.T.);
#2102=ORIENTED_EDGE('',*,*,#1552,.F.);
#2103=ORIENTED_EDGE('',*,*,#1553,.F.);
#2104=ORIENTED_EDGE('',*,*,#1361,.F.);
#2105=ORIENTED_EDGE('',*,*,#1553,.T.);
#2106=ORIENTED_EDGE('',*,*,#1554,.F.);
#2107=ORIENTED_EDGE('',*,*,#1555,.F.);
#2108=ORIENTED_EDGE('',*,*,#1362,.F.);
#2109=ORIENTED_EDGE('',*,*,#1555,.T.);
#2110=ORIENTED_EDGE('',*,*,#1556,.F.);
#2111=ORIENTED_EDGE('',*,*,#1557,.F.);
#2112=ORIENTED_EDGE('',*,*,#1363,.F.);
#2113=ORIENTED_EDGE('',*,*,#1557,.T.);
#2114=ORIENTED_EDGE('',*,*,#1558,.F.);
#2115=ORIENTED_EDGE('',*,*,#1559,.F.);
#2116=ORIENTED_EDGE('',*,*,#1364,.F.);
#2117=ORIENTED_EDGE('',*,*,#1559,.T.);
#2118=ORIENTED_EDGE('',*,*,#1560,.F.);
#2119=ORIENTED_EDGE('',*,*,#1561,.F.);
#2120=ORIENTED_EDGE('',*,*,#1365,.F.);
#2121=ORIENTED_EDGE('',*,*,#1561,.T.);
#2122=ORIENTED_EDGE('',*,*,#1562,.F.);
#2123=ORIENTED_EDGE('',*,*,#1563,.F.);
#2124=ORIENTED_EDGE('',*,*,#1366,.F.);
#2125=ORIENTED_EDGE('',*,*,#1563,.T.);
#2126=ORIENTED_EDGE('',*,*,#1564,.F.);
#2127=ORIENTED_EDGE('',*,*,#1565,.F.);
#2128=ORIENTED_EDGE('',*,*,#1367,.F.);
#2129=ORIENTED_EDGE('',*,*,#1565,.T.);
#2130=ORIENTED_EDGE('',*,*,#1566,.F.);
#2131=ORIENTED_EDGE('',*,*,#1567,.F.);
#2132=ORIENTED_EDGE('',*,*,#1368,.F.);
#2133=ORIENTED_EDGE('',*,*,#1567,.T.);
#2134=ORIENTED_EDGE('',*,*,#1568,.F.);
#2135=ORIENTED_EDGE('',*,*,#1569,.F.);
#2136=ORIENTED_EDGE('',*,*,#1369,.F.);
#2137=ORIENTED_EDGE('',*,*,#1569,.T.);
#2138=ORIENTED_EDGE('',*,*,#1570,.F.);
#2139=ORIENTED_EDGE('',*,*,#1571,.F.);
#2140=ORIENTED_EDGE('',*,*,#1370,.F.);
#2141=ORIENTED_EDGE('',*,*,#1571,.T.);
#2142=ORIENTED_EDGE('',*,*,#1572,.F.);
#2143=ORIENTED_EDGE('',*,*,#1573,.F.);
#2144=ORIENTED_EDGE('',*,*,#1371,.F.);
#2145=ORIENTED_EDGE('',*,*,#1573,.T.);
#2146=ORIENTED_EDGE('',*,*,#1574,.F.);
#2147=ORIENTED_EDGE('',*,*,#1575,.F.);
#2148=ORIENTED_EDGE('',*,*,#1372,.F.);
#2149=ORIENTED_EDGE('',*,*,#1575,.T.);
#2150=ORIENTED_EDGE('',*,*,#1576,.F.);
#2151=ORIENTED_EDGE('',*,*,#1577,.F.);
#2152=ORIENTED_EDGE('',*,*,#1373,.F.);
#2153=ORIENTED_EDGE('',*,*,#1577,.T.);
#2154=ORIENTED_EDGE('',*,*,#1578,.F.);
#2155=ORIENTED_EDGE('',*,*,#1579,.F.);
#2156=ORIENTED_EDGE('',*,*,#1374,.F.);
#2157=ORIENTED_EDGE('',*,*,#1579,.T.);
#2158=ORIENTED_EDGE('',*,*,#1580,.F.);
#2159=ORIENTED_EDGE('',*,*,#1581,.F.);
#2160=ORIENTED_EDGE('',*,*,#1375,.F.);
#2161=ORIENTED_EDGE('',*,*,#1581,.T.);
#2162=ORIENTED_EDGE('',*,*,#1582,.F.);
#2163=ORIENTED_EDGE('',*,*,#1583,.F.);
#2164=ORIENTED_EDGE('',*,*,#1376,.F.);
#2165=ORIENTED_EDGE('',*,*,#1583,.T.);
#2166=ORIENTED_EDGE('',*,*,#1584,.F.);
#2167=ORIENTED_EDGE('',*,*,#1585,.F.);
#2168=ORIENTED_EDGE('',*,*,#1377,.F.);
#2169=ORIENTED_EDGE('',*,*,#1585,.T.);
#2170=ORIENTED_EDGE('',*,*,#1586,.F.);
#2171=ORIENTED_EDGE('',*,*,#1587,.F.);
#2172=ORIENTED_EDGE('',*,*,#1378,.F.);
#2173=ORIENTED_EDGE('',*,*,#1587,.T.);
#2174=ORIENTED_EDGE('',*,*,#1588,.F.);
#2175=ORIENTED_EDGE('',*,*,#1589,.F.);
#2176=ORIENTED_EDGE('',*,*,#1379,.F.);
#2177=ORIENTED_EDGE('',*,*,#1589,.T.);
#2178=ORIENTED_EDGE('',*,*,#1590,.F.);
#2179=ORIENTED_EDGE('',*,*,#1591,.F.);
#2180=ORIENTED_EDGE('',*,*,#1380,.F.);
#2181=ORIENTED_EDGE('',*,*,#1591,.T.);
#2182=ORIENTED_EDGE('',*,*,#1592,.F.);
#2183=ORIENTED_EDGE('',*,*,#1593,.F.);
#2184=ORIENTED_EDGE('',*,*,#1381,.F.);
#2185=ORIENTED_EDGE('',*,*,#1593,.T.);
#2186=ORIENTED_EDGE('',*,*,#1594,.F.);
#2187=ORIENTED_EDGE('',*,*,#1595,.F.);
#2188=ORIENTED_EDGE('',*,*,#1382,.F.);
#2189=ORIENTED_EDGE('',*,*,#1595,.T.);
#2190=ORIENTED_EDGE('',*,*,#1596,.F.);
#2191=ORIENTED_EDGE('',*,*,#1597,.F.);
#2192=ORIENTED_EDGE('',*,*,#1383,.F.);
#2193=ORIENTED_EDGE('',*,*,#1597,.T.);
#2194=ORIENTED_EDGE('',*,*,#1598,.F.);
#2195=ORIENTED_EDGE('',*,*,#1599,.F.);
#2196=ORIENTED_EDGE('',*,*,#1384,.F.);
#2197=ORIENTED_EDGE('',*,*,#1599,.T.);
#2198=ORIENTED_EDGE('',*,*,#1600,.F.);
#2199=ORIENTED_EDGE('',*,*,#1601,.F.);
#2200=ORIENTED_EDGE('',*,*,#1385,.F.);
#2201=ORIENTED_EDGE('',*,*,#1601,.T.);
#2202=ORIENTED_EDGE('',*,*,#1602,.F.);
#2203=ORIENTED_EDGE('',*,*,#1603,.F.);
#2204=ORIENTED_EDGE('',*,*,#1386,.F.);
#2205=ORIENTED_EDGE('',*,*,#1603,.T.);
#2206=ORIENTED_EDGE('',*,*,#1604,.F.);
#2207=ORIENTED_EDGE('',*,*,#1605,.F.);
#2208=ORIENTED_EDGE('',*,*,#1387,.F.);
#2209=ORIENTED_EDGE('',*,*,#1605,.T.);
#2210=ORIENTED_EDGE('',*,*,#1606,.F.);
#2211=ORIENTED_EDGE('',*,*,#1607,.F.);
#2212=ORIENTED_EDGE('',*,*,#1388,.F.);
#2213=ORIENTED_EDGE('',*,*,#1607,.T.);
#2214=ORIENTED_EDGE('',*,*,#1608,.F.);
#2215=ORIENTED_EDGE('',*,*,#1609,.F.);
#2216=ORIENTED_EDGE('',*,*,#1389,.F.);
#2217=ORIENTED_EDGE('',*,*,#1609,.T.);
#2218=ORIENTED_EDGE('',*,*,#1610,.F.);
#2219=ORIENTED_EDGE('',*,*,#1611,.F.);
#2220=ORIENTED_EDGE('',*,*,#1390,.F.);
#2221=ORIENTED_EDGE('',*,*,#1611,.T.);
#2222=ORIENTED_EDGE('',*,*,#1612,.F.);
#2223=ORIENTED_EDGE('',*,*,#1613,.F.);
#2224=ORIENTED_EDGE('',*,*,#1391,.F.);
#2225=ORIENTED_EDGE('',*,*,#1613,.T.);
#2226=ORIENTED_EDGE('',*,*,#1614,.F.);
#2227=ORIENTED_EDGE('',*,*,#1615,.F.);
#2228=ORIENTED_EDGE('',*,*,#1392,.F.);
#2229=ORIENTED_EDGE('',*,*,#1615,.T.);
#2230=ORIENTED_EDGE('',*,*,#1616,.F.);
#2231=ORIENTED_EDGE('',*,*,#1617,.F.);
#2232=ORIENTED_EDGE('',*,*,#1393,.F.);
#2233=ORIENTED_EDGE('',*,*,#1617,.T.);
#2234=ORIENTED_EDGE('',*,*,#1618,.F.);
#2235=ORIENTED_EDGE('',*,*,#1619,.F.);
#2236=ORIENTED_EDGE('',*,*,#1394,.F.);
#2237=ORIENTED_EDGE('',*,*,#1619,.T.);
#2238=ORIENTED_EDGE('',*,*,#1620,.F.);
#2239=ORIENTED_EDGE('',*,*,#1621,.F.);
#2240=ORIENTED_EDGE('',*,*,#1395,.F.);
#2241=ORIENTED_EDGE('',*,*,#1621,.T.);
#2242=ORIENTED_EDGE('',*,*,#1622,.F.);
#2243=ORIENTED_EDGE('',*,*,#1623,.F.);
#2244=ORIENTED_EDGE('',*,*,#1396,.F.);
#2245=ORIENTED_EDGE('',*,*,#1623,.T.);
#2246=ORIENTED_EDGE('',*,*,#1624,.F.);
#2247=ORIENTED_EDGE('',*,*,#1625,.F.);
#2248=ORIENTED_EDGE('',*,*,#1397,.F.);
#2249=ORIENTED_EDGE('',*,*,#1625,.T.);
#2250=ORIENTED_EDGE('',*,*,#1626,.F.);
#2251=ORIENTED_EDGE('',*,*,#1627,.F.);
#2252=ORIENTED_EDGE('',*,*,#1398,.F.);
#2253=ORIENTED_EDGE('',*,*,#1627,.T.);
#2254=ORIENTED_EDGE('',*,*,#1628,.F.);
#2255=ORIENTED_EDGE('',*,*,#1629,.F.);
#2256=ORIENTED_EDGE('',*,*,#1399,.F.);
#2257=ORIENTED_EDGE('',*,*,#1629,.T.);
#2258=ORIENTED_EDGE('',*,*,#1630,.F.);
#2259=ORIENTED_EDGE('',*,*,#1631,.F.);
#2260=ORIENTED_EDGE('',*,*,#1400,.F.);
#2261=ORIENTED_EDGE('',*,*,#1631,.T.);
#2262=ORIENTED_EDGE('',*,*,#1632,.F.);
#2263=ORIENTED_EDGE('',*,*,#1633,.F.);
#2264=ORIENTED_EDGE('',*,*,#1401,.F.);
#2265=ORIENTED_EDGE('',*,*,#1633,.T.);
#2266=ORIENTED_EDGE('',*,*,#1634,.F.);
#2267=ORIENTED_EDGE('',*,*,#1635,.F.);
#2268=ORIENTED_EDGE('',*,*,#1402,.F.);
#2269=ORIENTED_EDGE('',*,*,#1635,.T.);
#2270=ORIENTED_EDGE('',*,*,#1636,.F.);
#2271=ORIENTED_EDGE('',*,*,#1637,.F.);
#2272=ORIENTED_EDGE('',*,*,#1403,.F.);
#2273=ORIENTED_EDGE('',*,*,#1637,.T.);
#2274=ORIENTED_EDGE('',*,*,#1638,.F.);
#2275=ORIENTED_EDGE('',*,*,#1639,.F.);
#2276=ORIENTED_EDGE('',*,*,#1404,.F.);
#2277=ORIENTED_EDGE('',*,*,#1639,.T.);
#2278=ORIENTED_EDGE('',*,*,#1640,.F.);
#2279=ORIENTED_EDGE('',*,*,#1641,.F.);
#2280=ORIENTED_EDGE('',*,*,#1405,.F.);
#2281=ORIENTED_EDGE('',*,*,#1641,.T.);
#2282=ORIENTED_EDGE('',*,*,#1642,.F.);
#2283=ORIENTED_EDGE('',*,*,#1643,.F.);
#2284=ORIENTED_EDGE('',*,*,#1406,.F.);
#2285=ORIENTED_EDGE('',*,*,#1643,.T.);
#2286=ORIENTED_EDGE('',*,*,#1644,.F.);
#2287=ORIENTED_EDGE('',*,*,#1645,.F.);
#2288=ORIENTED_EDGE('',*,*,#1407,.F.);
#2289=ORIENTED_EDGE('',*,*,#1645,.T.);
#2290=ORIENTED_EDGE('',*,*,#1646,.F.);
#2291=ORIENTED_EDGE('',*,*,#1647,.F.);
#2292=ORIENTED_EDGE('',*,*,#1408,.F.);
#2293=ORIENTED_EDGE('',*,*,#1647,.T.);
#2294=ORIENTED_EDGE('',*,*,#1648,.F.);
#2295=ORIENTED_EDGE('',*,*,#1649,.F.);
#2296=ORIENTED_EDGE('',*,*,#1409,.F.);
#2297=ORIENTED_EDGE('',*,*,#1649,.T.);
#2298=ORIENTED_EDGE('',*,*,#1650,.F.);
#2299=ORIENTED_EDGE('',*,*,#1651,.F.);
#2300=ORIENTED_EDGE('',*,*,#1410,.F.);
#2301=ORIENTED_EDGE('',*,*,#1651,.T.);
#2302=ORIENTED_EDGE('',*,*,#1652,.F.);
#2303=ORIENTED_EDGE('',*,*,#1653,.F.);
#2304=ORIENTED_EDGE('',*,*,#1411,.F.);
#2305=ORIENTED_EDGE('',*,*,#1653,.T.);
#2306=ORIENTED_EDGE('',*,*,#1654,.F.);
#2307=ORIENTED_EDGE('',*,*,#1655,.F.);
#2308=ORIENTED_EDGE('',*,*,#1412,.F.);
#2309=ORIENTED_EDGE('',*,*,#1655,.T.);
#2310=ORIENTED_EDGE('',*,*,#1656,.F.);
#2311=ORIENTED_EDGE('',*,*,#1657,.F.);
#2312=ORIENTED_EDGE('',*,*,#1413,.F.);
#2313=ORIENTED_EDGE('',*,*,#1657,.T.);
#2314=ORIENTED_EDGE('',*,*,#1658,.F.);
#2315=ORIENTED_EDGE('',*,*,#1659,.F.);
#2316=ORIENTED_EDGE('',*,*,#1414,.F.);
#2317=ORIENTED_EDGE('',*,*,#1659,.T.);
#2318=ORIENTED_EDGE('',*,*,#1660,.F.);
#2319=ORIENTED_EDGE('',*,*,#1661,.F.);
#2320=ORIENTED_EDGE('',*,*,#1415,.F.);
#2321=ORIENTED_EDGE('',*,*,#1661,.T.);
#2322=ORIENTED_EDGE('',*,*,#1662,.F.);
#2323=ORIENTED_EDGE('',*,*,#1663,.F.);
#2324=ORIENTED_EDGE('',*,*,#1416,.F.);
#2325=ORIENTED_EDGE('',*,*,#1663,.T.);
#2326=ORIENTED_EDGE('',*,*,#1664,.F.);
#2327=ORIENTED_EDGE('',*,*,#1665,.F.);
#2328=ORIENTED_EDGE('',*,*,#1417,.F.);
#2329=ORIENTED_EDGE('',*,*,#1665,.T.);
#2330=ORIENTED_EDGE('',*,*,#1666,.F.);
#2331=ORIENTED_EDGE('',*,*,#1667,.F.);
#2332=ORIENTED_EDGE('',*,*,#1418,.F.);
#2333=ORIENTED_EDGE('',*,*,#1667,.T.);
#2334=ORIENTED_EDGE('',*,*,#1668,.F.);
#2335=ORIENTED_EDGE('',*,*,#1669,.F.);
#2336=ORIENTED_EDGE('',*,*,#1419,.F.);
#2337=ORIENTED_EDGE('',*,*,#1669,.T.);
#2338=ORIENTED_EDGE('',*,*,#1670,.F.);
#2339=ORIENTED_EDGE('',*,*,#1671,.F.);
#2340=ORIENTED_EDGE('',*,*,#1420,.F.);
#2341=ORIENTED_EDGE('',*,*,#1671,.T.);
#2342=ORIENTED_EDGE('',*,*,#1672,.F.);
#2343=ORIENTED_EDGE('',*,*,#1673,.F.);
#2344=ORIENTED_EDGE('',*,*,#1421,.F.);
#2345=ORIENTED_EDGE('',*,*,#1673,.T.);
#2346=ORIENTED_EDGE('',*,*,#1674,.F.);
#2347=ORIENTED_EDGE('',*,*,#1675,.F.);
#2348=ORIENTED_EDGE('',*,*,#1422,.F.);
#2349=ORIENTED_EDGE('',*,*,#1675,.T.);
#2350=ORIENTED_EDGE('',*,*,#1676,.F.);
#2351=ORIENTED_EDGE('',*,*,#1677,.F.);
#2352=ORIENTED_EDGE('',*,*,#1423,.F.);
#2353=ORIENTED_EDGE('',*,*,#1677,.T.);
#2354=ORIENTED_EDGE('',*,*,#1678,.F.);
#2355=ORIENTED_EDGE('',*,*,#1679,.F.);
#2356=ORIENTED_EDGE('',*,*,#1424,.F.);
#2357=ORIENTED_EDGE('',*,*,#1679,.T.);
#2358=ORIENTED_EDGE('',*,*,#1680,.F.);
#2359=ORIENTED_EDGE('',*,*,#1681,.F.);
#2360=ORIENTED_EDGE('',*,*,#1425,.F.);
#2361=ORIENTED_EDGE('',*,*,#1681,.T.);
#2362=ORIENTED_EDGE('',*,*,#1682,.F.);
#2363=ORIENTED_EDGE('',*,*,#1683,.F.);
#2364=ORIENTED_EDGE('',*,*,#1426,.F.);
#2365=ORIENTED_EDGE('',*,*,#1683,.T.);
#2366=ORIENTED_EDGE('',*,*,#1684,.F.);
#2367=ORIENTED_EDGE('',*,*,#1685,.F.);
#2368=ORIENTED_EDGE('',*,*,#1427,.F.);
#2369=ORIENTED_EDGE('',*,*,#1685,.T.);
#2370=ORIENTED_EDGE('',*,*,#1686,.F.);
#2371=ORIENTED_EDGE('',*,*,#1687,.F.);
#2372=ORIENTED_EDGE('',*,*,#1428,.F.);
#2373=ORIENTED_EDGE('',*,*,#1687,.T.);
#2374=ORIENTED_EDGE('',*,*,#1688,.F.);
#2375=ORIENTED_EDGE('',*,*,#1689,.F.);
#2376=ORIENTED_EDGE('',*,*,#1429,.F.);
#2377=ORIENTED_EDGE('',*,*,#1689,.T.);
#2378=ORIENTED_EDGE('',*,*,#1690,.F.);
#2379=ORIENTED_EDGE('',*,*,#1691,.F.);
#2380=ORIENTED_EDGE('',*,*,#1430,.F.);
#2381=ORIENTED_EDGE('',*,*,#1691,.T.);
#2382=ORIENTED_EDGE('',*,*,#1692,.F.);
#2383=ORIENTED_EDGE('',*,*,#1693,.F.);
#2384=ORIENTED_EDGE('',*,*,#1431,.F.);
#2385=ORIENTED_EDGE('',*,*,#1693,.T.);
#2386=ORIENTED_EDGE('',*,*,#1694,.F.);
#2387=ORIENTED_EDGE('',*,*,#1695,.F.);
#2388=ORIENTED_EDGE('',*,*,#1432,.F.);
#2389=ORIENTED_EDGE('',*,*,#1695,.T.);
#2390=ORIENTED_EDGE('',*,*,#1696,.F.);
#2391=ORIENTED_EDGE('',*,*,#1697,.F.);
#2392=ORIENTED_EDGE('',*,*,#1433,.F.);
#2393=ORIENTED_EDGE('',*,*,#1697,.T.);
#2394=ORIENTED_EDGE('',*,*,#1698,.F.);
#2395=ORIENTED_EDGE('',*,*,#1699,.F.);
#2396=ORIENTED_EDGE('',*,*,#1434,.F.);
#2397=ORIENTED_EDGE('',*,*,#1699,.T.);
#2398=ORIENTED_EDGE('',*,*,#1700,.F.);
#2399=ORIENTED_EDGE('',*,*,#1701,.F.);
#2400=ORIENTED_EDGE('',*,*,#1435,.F.);
#2401=ORIENTED_EDGE('',*,*,#1701,.T.);
#2402=ORIENTED_EDGE('',*,*,#1702,.F.);
#2403=ORIENTED_EDGE('',*,*,#1703,.F.);
#2404=ORIENTED_EDGE('',*,*,#1436,.F.);
#2405=ORIENTED_EDGE('',*,*,#1703,.T.);
#2406=ORIENTED_EDGE('',*,*,#1704,.F.);
#2407=ORIENTED_EDGE('',*,*,#1705,.F.);
#2408=ORIENTED_EDGE('',*,*,#1437,.F.);
#2409=ORIENTED_EDGE('',*,*,#1705,.T.);
#2410=ORIENTED_EDGE('',*,*,#1706,.F.);
#2411=ORIENTED_EDGE('',*,*,#1707,.F.);
#2412=ORIENTED_EDGE('',*,*,#1438,.F.);
#2413=ORIENTED_EDGE('',*,*,#1707,.T.);
#2414=ORIENTED_EDGE('',*,*,#1708,.F.);
#2415=ORIENTED_EDGE('',*,*,#1709,.F.);
#2416=ORIENTED_EDGE('',*,*,#1439,.F.);
#2417=ORIENTED_EDGE('',*,*,#1709,.T.);
#2418=ORIENTED_EDGE('',*,*,#1710,.F.);
#2419=ORIENTED_EDGE('',*,*,#1711,.F.);
#2420=ORIENTED_EDGE('',*,*,#1440,.F.);
#2421=ORIENTED_EDGE('',*,*,#1711,.T.);
#2422=ORIENTED_EDGE('',*,*,#1712,.F.);
#2423=ORIENTED_EDGE('',*,*,#1713,.F.);
#2424=ORIENTED_EDGE('',*,*,#1441,.F.);
#2425=ORIENTED_EDGE('',*,*,#1713,.T.);
#2426=ORIENTED_EDGE('',*,*,#1714,.F.);
#2427=ORIENTED_EDGE('',*,*,#1715,.F.);
#2428=ORIENTED_EDGE('',*,*,#1442,.F.);
#2429=ORIENTED_EDGE('',*,*,#1715,.T.);
#2430=ORIENTED_EDGE('',*,*,#1716,.F.);
#2431=ORIENTED_EDGE('',*,*,#1717,.F.);
#2432=ORIENTED_EDGE('',*,*,#1443,.F.);
#2433=ORIENTED_EDGE('',*,*,#1717,.T.);
#2434=ORIENTED_EDGE('',*,*,#1718,.F.);
#2435=ORIENTED_EDGE('',*,*,#1719,.F.);
#2436=ORIENTED_EDGE('',*,*,#1444,.F.);
#2437=ORIENTED_EDGE('',*,*,#1719,.T.);
#2438=ORIENTED_EDGE('',*,*,#1720,.F.);
#2439=ORIENTED_EDGE('',*,*,#1721,.F.);
#2440=ORIENTED_EDGE('',*,*,#1445,.F.);
#2441=ORIENTED_EDGE('',*,*,#1721,.T.);
#2442=ORIENTED_EDGE('',*,*,#1722,.F.);
#2443=ORIENTED_EDGE('',*,*,#1723,.F.);
#2444=ORIENTED_EDGE('',*,*,#1446,.F.);
#2445=ORIENTED_EDGE('',*,*,#1723,.T.);
#2446=ORIENTED_EDGE('',*,*,#1724,.F.);
#2447=ORIENTED_EDGE('',*,*,#1725,.F.);
#2448=ORIENTED_EDGE('',*,*,#1447,.F.);
#2449=ORIENTED_EDGE('',*,*,#1725,.T.);
#2450=ORIENTED_EDGE('',*,*,#1726,.F.);
#2451=ORIENTED_EDGE('',*,*,#1727,.F.);
#2452=ORIENTED_EDGE('',*,*,#1448,.F.);
#2453=ORIENTED_EDGE('',*,*,#1727,.T.);
#2454=ORIENTED_EDGE('',*,*,#1728,.F.);
#2455=ORIENTED_EDGE('',*,*,#1729,.F.);
#2456=ORIENTED_EDGE('',*,*,#1449,.F.);
#2457=ORIENTED_EDGE('',*,*,#1729,.T.);
#2458=ORIENTED_EDGE('',*,*,#1730,.F.);
#2459=ORIENTED_EDGE('',*,*,#1731,.F.);
#2460=ORIENTED_EDGE('',*,*,#1450,.F.);
#2461=ORIENTED_EDGE('',*,*,#1731,.T.);
#2462=ORIENTED_EDGE('',*,*,#1732,.F.);
#2463=ORIENTED_EDGE('',*,*,#1733,.F.);
#2464=ORIENTED_EDGE('',*,*,#1451,.F.);
#2465=ORIENTED_EDGE('',*,*,#1733,.T.);
#2466=ORIENTED_EDGE('',*,*,#1734,.F.);
#2467=ORIENTED_EDGE('',*,*,#1735,.F.);
#2468=ORIENTED_EDGE('',*,*,#1452,.F.);
#2469=ORIENTED_EDGE('',*,*,#1735,.T.);
#2470=ORIENTED_EDGE('',*,*,#1736,.F.);
#2471=ORIENTED_EDGE('',*,*,#1737,.F.);
#2472=ORIENTED_EDGE('',*,*,#1453,.F.);
#2473=ORIENTED_EDGE('',*,*,#1737,.T.);
#2474=ORIENTED_EDGE('',*,*,#1738,.F.);
#2475=ORIENTED_EDGE('',*,*,#1739,.F.);
#2476=ORIENTED_EDGE('',*,*,#1454,.F.);
#2477=ORIENTED_EDGE('',*,*,#1739,.T.);
#2478=ORIENTED_EDGE('',*,*,#1740,.F.);
#2479=ORIENTED_EDGE('',*,*,#1741,.F.);
#2480=ORIENTED_EDGE('',*,*,#1455,.F.);
#2481=ORIENTED_EDGE('',*,*,#1741,.T.);
#2482=ORIENTED_EDGE('',*,*,#1742,.F.);
#2483=ORIENTED_EDGE('',*,*,#1743,.F.);
#2484=ORIENTED_EDGE('',*,*,#1456,.F.);
#2485=ORIENTED_EDGE('',*,*,#1743,.T.);
#2486=ORIENTED_EDGE('',*,*,#1744,.F.);
#2487=ORIENTED_EDGE('',*,*,#1745,.F.);
#2488=ORIENTED_EDGE('',*,*,#1457,.F.);
#2489=ORIENTED_EDGE('',*,*,#1745,.T.);
#2490=ORIENTED_EDGE('',*,*,#1746,.F.);
#2491=ORIENTED_EDGE('',*,*,#1747,.F.);
#2492=ORIENTED_EDGE('',*,*,#1458,.F.);
#2493=ORIENTED_EDGE('',*,*,#1747,.T.);
#2494=ORIENTED_EDGE('',*,*,#1748,.F.);
#2495=ORIENTED_EDGE('',*,*,#1749,.F.);
#2496=ORIENTED_EDGE('',*,*,#1459,.F.);
#2497=ORIENTED_EDGE('',*,*,#1749,.T.);
#2498=ORIENTED_EDGE('',*,*,#1750,.F.);
#2499=ORIENTED_EDGE('',*,*,#1751,.F.);
#2500=ORIENTED_EDGE('',*,*,#1460,.F.);
#2501=ORIENTED_EDGE('',*,*,#1751,.T.);
#2502=ORIENTED_EDGE('',*,*,#1752,.F.);
#2503=ORIENTED_EDGE('',*,*,#1753,.F.);
#2504=ORIENTED_EDGE('',*,*,#1461,.F.);
#2505=ORIENTED_EDGE('',*,*,#1753,.T.);
#2506=ORIENTED_EDGE('',*,*,#1754,.F.);
#2507=ORIENTED_EDGE('',*,*,#1755,.F.);
#2508=ORIENTED_EDGE('',*,*,#1462,.F.);
#2509=ORIENTED_EDGE('',*,*,#1755,.T.);
#2510=ORIENTED_EDGE('',*,*,#1756,.F.);
#2511=ORIENTED_EDGE('',*,*,#1757,.F.);
#2512=ORIENTED_EDGE('',*,*,#1463,.F.);
#2513=ORIENTED_EDGE('',*,*,#1757,.T.);
#2514=ORIENTED_EDGE('',*,*,#1758,.F.);
#2515=ORIENTED_EDGE('',*,*,#1759,.F.);
#2516=ORIENTED_EDGE('',*,*,#1464,.F.);
#2517=ORIENTED_EDGE('',*,*,#1759,.T.);
#2518=ORIENTED_EDGE('',*,*,#1760,.F.);
#2519=ORIENTED_EDGE('',*,*,#1761,.F.);
#2520=ORIENTED_EDGE('',*,*,#1465,.F.);
#2521=ORIENTED_EDGE('',*,*,#1761,.T.);
#2522=ORIENTED_EDGE('',*,*,#1762,.F.);
#2523=ORIENTED_EDGE('',*,*,#1763,.F.);
#2524=ORIENTED_EDGE('',*,*,#1466,.F.);
#2525=ORIENTED_EDGE('',*,*,#1763,.T.);
#2526=ORIENTED_EDGE('',*,*,#1764,.F.);
#2527=ORIENTED_EDGE('',*,*,#1765,.F.);
#2528=ORIENTED_EDGE('',*,*,#1467,.F.);
#2529=ORIENTED_EDGE('',*,*,#1765,.T.);
#2530=ORIENTED_EDGE('',*,*,#1766,.F.);
#2531=ORIENTED_EDGE('',*,*,#1767,.F.);
#2532=ORIENTED_EDGE('',*,*,#1468,.F.);
#2533=ORIENTED_EDGE('',*,*,#1767,.T.);
#2534=ORIENTED_EDGE('',*,*,#1768,.F.);
#2535=ORIENTED_EDGE('',*,*,#1769,.F.);
#2536=ORIENTED_EDGE('',*,*,#1469,.F.);
#2537=ORIENTED_EDGE('',*,*,#1769,.T.);
#2538=ORIENTED_EDGE('',*,*,#1770,.F.);
#2539=ORIENTED_EDGE('',*,*,#1771,.F.);
#2540=ORIENTED_EDGE('',*,*,#1470,.F.);
#2541=ORIENTED_EDGE('',*,*,#1771,.T.);
#2542=ORIENTED_EDGE('',*,*,#1772,.F.);
#2543=ORIENTED_EDGE('',*,*,#1773,.F.);
#2544=ORIENTED_EDGE('',*,*,#1471,.F.);
#2545=ORIENTED_EDGE('',*,*,#1773,.T.);
#2546=ORIENTED_EDGE('',*,*,#1774,.F.);
#2547=ORIENTED_EDGE('',*,*,#1775,.F.);
#2548=ORIENTED_EDGE('',*,*,#1472,.F.);
#2549=ORIENTED_EDGE('',*,*,#1775,.T.);
#2550=ORIENTED_EDGE('',*,*,#1776,.F.);
#2551=ORIENTED_EDGE('',*,*,#1777,.F.);
#2552=ORIENTED_EDGE('',*,*,#1473,.F.);
#2553=ORIENTED_EDGE('',*,*,#1777,.T.);
#2554=ORIENTED_EDGE('',*,*,#1778,.F.);
#2555=ORIENTED_EDGE('',*,*,#1779,.F.);
#2556=ORIENTED_EDGE('',*,*,#1474,.F.);
#2557=ORIENTED_EDGE('',*,*,#1779,.T.);
#2558=ORIENTED_EDGE('',*,*,#1780,.F.);
#2559=ORIENTED_EDGE('',*,*,#1781,.F.);
#2560=ORIENTED_EDGE('',*,*,#1475,.F.);
#2561=ORIENTED_EDGE('',*,*,#1781,.T.);
#2562=ORIENTED_EDGE('',*,*,#1782,.F.);
#2563=ORIENTED_EDGE('',*,*,#1783,.F.);
#2564=ORIENTED_EDGE('',*,*,#1476,.F.);
#2565=ORIENTED_EDGE('',*,*,#1783,.T.);
#2566=ORIENTED_EDGE('',*,*,#1784,.F.);
#2567=ORIENTED_EDGE('',*,*,#1785,.F.);
#2568=ORIENTED_EDGE('',*,*,#1477,.F.);
#2569=ORIENTED_EDGE('',*,*,#1785,.T.);
#2570=ORIENTED_EDGE('',*,*,#1786,.F.);
#2571=ORIENTED_EDGE('',*,*,#1787,.F.);
#2572=ORIENTED_EDGE('',*,*,#1478,.F.);
#2573=ORIENTED_EDGE('',*,*,#1787,.T.);
#2574=ORIENTED_EDGE('',*,*,#1788,.F.);
#2575=ORIENTED_EDGE('',*,*,#1789,.F.);
#2576=ORIENTED_EDGE('',*,*,#1479,.F.);
#2577=ORIENTED_EDGE('',*,*,#1789,.T.);
#2578=ORIENTED_EDGE('',*,*,#1790,.F.);
#2579=ORIENTED_EDGE('',*,*,#1791,.F.);
#2580=ORIENTED_EDGE('',*,*,#1480,.F.);
#2581=ORIENTED_EDGE('',*,*,#1791,.T.);
#2582=ORIENTED_EDGE('',*,*,#1792,.F.);
#2583=ORIENTED_EDGE('',*,*,#1793,.F.);
#2584=ORIENTED_EDGE('',*,*,#1481,.F.);
#2585=ORIENTED_EDGE('',*,*,#1793,.T.);
#2586=ORIENTED_EDGE('',*,*,#1794,.F.);
#2587=ORIENTED_EDGE('',*,*,#1795,.F.);
#2588=ORIENTED_EDGE('',*,*,#1482,.F.);
#2589=ORIENTED_EDGE('',*,*,#1795,.T.);
#2590=ORIENTED_EDGE('',*,*,#1796,.F.);
#2591=ORIENTED_EDGE('',*,*,#1797,.F.);
#2592=ORIENTED_EDGE('',*,*,#1483,.F.);
#2593=ORIENTED_EDGE('',*,*,#1797,.T.);
#2594=ORIENTED_EDGE('',*,*,#1798,.F.);
#2595=ORIENTED_EDGE('',*,*,#1799,.F.);
#2596=ORIENTED_EDGE('',*,*,#1484,.F.);
#2597=ORIENTED_EDGE('',*,*,#1799,.T.);
#2598=ORIENTED_EDGE('',*,*,#1800,.F.);
#2599=ORIENTED_EDGE('',*,*,#1801,.F.);
#2600=ORIENTED_EDGE('',*,*,#1485,.F.);
#2601=ORIENTED_EDGE('',*,*,#1801,.T.);
#2602=ORIENTED_EDGE('',*,*,#1802,.F.);
#2603=ORIENTED_EDGE('',*,*,#1803,.F.);
#2604=ORIENTED_EDGE('',*,*,#1486,.F.);
#2605=ORIENTED_EDGE('',*,*,#1803,.T.);
#2606=ORIENTED_EDGE('',*,*,#1804,.F.);
#2607=ORIENTED_EDGE('',*,*,#1805,.F.);
#2608=ORIENTED_EDGE('',*,*,#1487,.F.);
#2609=ORIENTED_EDGE('',*,*,#1805,.T.);
#2610=ORIENTED_EDGE('',*,*,#1806,.F.);
#2611=ORIENTED_EDGE('',*,*,#1807,.F.);
#2612=ORIENTED_EDGE('',*,*,#1488,.F.);
#2613=ORIENTED_EDGE('',*,*,#1807,.T.);
#2614=ORIENTED_EDGE('',*,*,#1808,.F.);
#2615=ORIENTED_EDGE('',*,*,#1809,.F.);
#2616=ORIENTED_EDGE('',*,*,#1489,.F.);
#2617=ORIENTED_EDGE('',*,*,#1809,.T.);
#2618=ORIENTED_EDGE('',*,*,#1810,.F.);
#2619=ORIENTED_EDGE('',*,*,#1491,.F.);
#2620=ORIENTED_EDGE('',*,*,#1811,.F.);
#2621=ORIENTED_EDGE('',*,*,#1812,.T.);
#2622=ORIENTED_EDGE('',*,*,#1490,.F.);
#2623=ORIENTED_EDGE('',*,*,#1812,.F.);
#2624=ORIENTED_EDGE('',*,*,#1811,.T.);
#2625=ORIENTED_EDGE('',*,*,#1810,.T.);
#2626=ORIENTED_EDGE('',*,*,#1808,.T.);
#2627=ORIENTED_EDGE('',*,*,#1806,.T.);
#2628=ORIENTED_EDGE('',*,*,#1804,.T.);
#2629=ORIENTED_EDGE('',*,*,#1802,.T.);
#2630=ORIENTED_EDGE('',*,*,#1800,.T.);
#2631=ORIENTED_EDGE('',*,*,#1798,.T.);
#2632=ORIENTED_EDGE('',*,*,#1796,.T.);
#2633=ORIENTED_EDGE('',*,*,#1794,.T.);
#2634=ORIENTED_EDGE('',*,*,#1792,.T.);
#2635=ORIENTED_EDGE('',*,*,#1790,.T.);
#2636=ORIENTED_EDGE('',*,*,#1788,.T.);
#2637=ORIENTED_EDGE('',*,*,#1786,.T.);
#2638=ORIENTED_EDGE('',*,*,#1784,.T.);
#2639=ORIENTED_EDGE('',*,*,#1782,.T.);
#2640=ORIENTED_EDGE('',*,*,#1780,.T.);
#2641=ORIENTED_EDGE('',*,*,#1778,.T.);
#2642=ORIENTED_EDGE('',*,*,#1776,.T.);
#2643=ORIENTED_EDGE('',*,*,#1774,.T.);
#2644=ORIENTED_EDGE('',*,*,#1772,.T.);
#2645=ORIENTED_EDGE('',*,*,#1770,.T.);
#2646=ORIENTED_EDGE('',*,*,#1768,.T.);
#2647=ORIENTED_EDGE('',*,*,#1766,.T.);
#2648=ORIENTED_EDGE('',*,*,#1764,.T.);
#2649=ORIENTED_EDGE('',*,*,#1762,.T.);
#2650=ORIENTED_EDGE('',*,*,#1760,.T.);
#2651=ORIENTED_EDGE('',*,*,#1758,.T.);
#2652=ORIENTED_EDGE('',*,*,#1756,.T.);
#2653=ORIENTED_EDGE('',*,*,#1754,.T.);
#2654=ORIENTED_EDGE('',*,*,#1752,.T.);
#2655=ORIENTED_EDGE('',*,*,#1750,.T.);
#2656=ORIENTED_EDGE('',*,*,#1748,.T.);
#2657=ORIENTED_EDGE('',*,*,#1746,.T.);
#2658=ORIENTED_EDGE('',*,*,#1744,.T.);
#2659=ORIENTED_EDGE('',*,*,#1742,.T.);
#2660=ORIENTED_EDGE('',*,*,#1740,.T.);
#2661=ORIENTED_EDGE('',*,*,#1738,.T.);
#2662=ORIENTED_EDGE('',*,*,#1736,.T.);
#2663=ORIENTED_EDGE('',*,*,#1734,.T.);
#2664=ORIENTED_EDGE('',*,*,#1732,.T.);
#2665=ORIENTED_EDGE('',*,*,#1730,.T.);
#2666=ORIENTED_EDGE('',*,*,#1728,.T.);
#2667=ORIENTED_EDGE('',*,*,#1726,.T.);
#2668=ORIENTED_EDGE('',*,*,#1724,.T.);
#2669=ORIENTED_EDGE('',*,*,#1722,.T.);
#2670=ORIENTED_EDGE('',*,*,#1720,.T.);
#2671=ORIENTED_EDGE('',*,*,#1718,.T.);
#2672=ORIENTED_EDGE('',*,*,#1716,.T.);
#2673=ORIENTED_EDGE('',*,*,#1714,.T.);
#2674=ORIENTED_EDGE('',*,*,#1712,.T.);
#2675=ORIENTED_EDGE('',*,*,#1710,.T.);
#2676=ORIENTED_EDGE('',*,*,#1708,.T.);
#2677=ORIENTED_EDGE('',*,*,#1706,.T.);
#2678=ORIENTED_EDGE('',*,*,#1704,.T.);
#2679=ORIENTED_EDGE('',*,*,#1702,.T.);
#2680=ORIENTED_EDGE('',*,*,#1700,.T.);
#2681=ORIENTED_EDGE('',*,*,#1698,.T.);
#2682=ORIENTED_EDGE('',*,*,#1696,.T.);
#2683=ORIENTED_EDGE('',*,*,#1694,.T.);
#2684=ORIENTED_EDGE('',*,*,#1692,.T.);
#2685=ORIENTED_EDGE('',*,*,#1690,.T.);
#2686=ORIENTED_EDGE('',*,*,#1688,.T.);
#2687=ORIENTED_EDGE('',*,*,#1686,.T.);
#2688=ORIENTED_EDGE('',*,*,#1684,.T.);
#2689=ORIENTED_EDGE('',*,*,#1682,.T.);
#2690=ORIENTED_EDGE('',*,*,#1680,.T.);
#2691=ORIENTED_EDGE('',*,*,#1678,.T.);
#2692=ORIENTED_EDGE('',*,*,#1676,.T.);
#2693=ORIENTED_EDGE('',*,*,#1674,.T.);
#2694=ORIENTED_EDGE('',*,*,#1672,.T.);
#2695=ORIENTED_EDGE('',*,*,#1670,.T.);
#2696=ORIENTED_EDGE('',*,*,#1668,.T.);
#2697=ORIENTED_EDGE('',*,*,#1666,.T.);
#2698=ORIENTED_EDGE('',*,*,#1664,.T.);
#2699=ORIENTED_EDGE('',*,*,#1662,.T.);
#2700=ORIENTED_EDGE('',*,*,#1660,.T.);
#2701=ORIENTED_EDGE('',*,*,#1658,.T.);
#2702=ORIENTED_EDGE('',*,*,#1656,.T.);
#2703=ORIENTED_EDGE('',*,*,#1654,.T.);
#2704=ORIENTED_EDGE('',*,*,#1652,.T.);
#2705=ORIENTED_EDGE('',*,*,#1650,.T.);
#2706=ORIENTED_EDGE('',*,*,#1648,.T.);
#2707=ORIENTED_EDGE('',*,*,#1646,.T.);
#2708=ORIENTED_EDGE('',*,*,#1644,.T.);
#2709=ORIENTED_EDGE('',*,*,#1642,.T.);
#2710=ORIENTED_EDGE('',*,*,#1640,.T.);
#2711=ORIENTED_EDGE('',*,*,#1638,.T.);
#2712=ORIENTED_EDGE('',*,*,#1636,.T.);
#2713=ORIENTED_EDGE('',*,*,#1634,.T.);
#2714=ORIENTED_EDGE('',*,*,#1632,.T.);
#2715=ORIENTED_EDGE('',*,*,#1630,.T.);
#2716=ORIENTED_EDGE('',*,*,#1628,.T.);
#2717=ORIENTED_EDGE('',*,*,#1626,.T.);
#2718=ORIENTED_EDGE('',*,*,#1624,.T.);
#2719=ORIENTED_EDGE('',*,*,#1622,.T.);
#2720=ORIENTED_EDGE('',*,*,#1620,.T.);
#2721=ORIENTED_EDGE('',*,*,#1618,.T.);
#2722=ORIENTED_EDGE('',*,*,#1616,.T.);
#2723=ORIENTED_EDGE('',*,*,#1614,.T.);
#2724=ORIENTED_EDGE('',*,*,#1612,.T.);
#2725=ORIENTED_EDGE('',*,*,#1610,.T.);
#2726=ORIENTED_EDGE('',*,*,#1608,.T.);
#2727=ORIENTED_EDGE('',*,*,#1606,.T.);
#2728=ORIENTED_EDGE('',*,*,#1604,.T.);
#2729=ORIENTED_EDGE('',*,*,#1602,.T.);
#2730=ORIENTED_EDGE('',*,*,#1600,.T.);
#2731=ORIENTED_EDGE('',*,*,#1598,.T.);
#2732=ORIENTED_EDGE('',*,*,#1596,.T.);
#2733=ORIENTED_EDGE('',*,*,#1594,.T.);
#2734=ORIENTED_EDGE('',*,*,#1592,.T.);
#2735=ORIENTED_EDGE('',*,*,#1590,.T.);
#2736=ORIENTED_EDGE('',*,*,#1588,.T.);
#2737=ORIENTED_EDGE('',*,*,#1586,.T.);
#2738=ORIENTED_EDGE('',*,*,#1584,.T.);
#2739=ORIENTED_EDGE('',*,*,#1582,.T.);
#2740=ORIENTED_EDGE('',*,*,#1580,.T.);
#2741=ORIENTED_EDGE('',*,*,#1578,.T.);
#2742=ORIENTED_EDGE('',*,*,#1576,.T.);
#2743=ORIENTED_EDGE('',*,*,#1574,.T.);
#2744=ORIENTED_EDGE('',*,*,#1572,.T.);
#2745=ORIENTED_EDGE('',*,*,#1570,.T.);
#2746=ORIENTED_EDGE('',*,*,#1568,.T.);
#2747=ORIENTED_EDGE('',*,*,#1566,.T.);
#2748=ORIENTED_EDGE('',*,*,#1564,.T.);
#2749=ORIENTED_EDGE('',*,*,#1562,.T.);
#2750=ORIENTED_EDGE('',*,*,#1560,.T.);
#2751=ORIENTED_EDGE('',*,*,#1558,.T.);
#2752=ORIENTED_EDGE('',*,*,#1556,.T.);
#2753=ORIENTED_EDGE('',*,*,#1554,.T.);
#2754=ORIENTED_EDGE('',*,*,#1552,.T.);
#2755=ORIENTED_EDGE('',*,*,#1550,.T.);
#2756=ORIENTED_EDGE('',*,*,#1548,.T.);
#2757=ORIENTED_EDGE('',*,*,#1546,.T.);
#2758=ORIENTED_EDGE('',*,*,#1544,.T.);
#2759=ORIENTED_EDGE('',*,*,#1542,.T.);
#2760=ORIENTED_EDGE('',*,*,#1540,.T.);
#2761=ORIENTED_EDGE('',*,*,#1538,.T.);
#2762=ORIENTED_EDGE('',*,*,#1536,.T.);
#2763=ORIENTED_EDGE('',*,*,#1534,.T.);
#2764=ORIENTED_EDGE('',*,*,#1532,.T.);
#2765=ORIENTED_EDGE('',*,*,#1530,.T.);
#2766=ORIENTED_EDGE('',*,*,#1528,.T.);
#2767=ORIENTED_EDGE('',*,*,#1526,.T.);
#2768=ORIENTED_EDGE('',*,*,#1524,.T.);
#2769=ORIENTED_EDGE('',*,*,#1522,.T.);
#2770=ORIENTED_EDGE('',*,*,#1520,.T.);
#2771=ORIENTED_EDGE('',*,*,#1518,.T.);
#2772=ORIENTED_EDGE('',*,*,#1516,.T.);
#2773=ORIENTED_EDGE('',*,*,#1514,.T.);
#2774=ORIENTED_EDGE('',*,*,#1512,.T.);
#2775=ORIENTED_EDGE('',*,*,#1510,.T.);
#2776=ORIENTED_EDGE('',*,*,#1508,.T.);
#2777=ORIENTED_EDGE('',*,*,#1506,.T.);
#2778=ORIENTED_EDGE('',*,*,#1504,.T.);
#2779=ORIENTED_EDGE('',*,*,#1502,.T.);
#2780=ORIENTED_EDGE('',*,*,#1500,.T.);
#2781=ORIENTED_EDGE('',*,*,#1498,.T.);
#2782=ORIENTED_EDGE('',*,*,#1496,.T.);
#2783=ORIENTED_EDGE('',*,*,#1494,.T.);
#2784=ORIENTED_EDGE('',*,*,#1492,.T.);
#2785=CYLINDRICAL_SURFACE('',#3127,2.3);
#2786=CYLINDRICAL_SURFACE('',#3294,28.5011420876966);
#2787=CYLINDRICAL_SURFACE('',#3296,10.1226131801638);
#2788=CYLINDRICAL_SURFACE('',#3298,31.8734264534235);
#2789=CYLINDRICAL_SURFACE('',#3300,10.1226132749785);
#2790=CYLINDRICAL_SURFACE('',#3302,28.5011226333459);
#2791=CYLINDRICAL_SURFACE('',#3304,10.1226146057444);
#2792=CYLINDRICAL_SURFACE('',#3306,31.8734024432697);
#2793=CYLINDRICAL_SURFACE('',#3308,10.1226146057443);
#2794=CYLINDRICAL_SURFACE('',#3310,28.5011226333449);
#2795=CYLINDRICAL_SURFACE('',#3312,10.1226132749784);
#2796=CYLINDRICAL_SURFACE('',#3314,31.8734264534293);
#2797=CYLINDRICAL_SURFACE('',#3316,10.1226131801637);
#2798=CYLINDRICAL_SURFACE('',#3318,28.5011420877008);
#2799=CYLINDRICAL_SURFACE('',#3320,10.1226132602246);
#2800=CYLINDRICAL_SURFACE('',#3322,31.8734252578176);
#2801=CYLINDRICAL_SURFACE('',#3324,10.122613767367);
#2802=CYLINDRICAL_SURFACE('',#3326,28.5011341602223);
#2803=CYLINDRICAL_SURFACE('',#3328,10.1226121104244);
#2804=CYLINDRICAL_SURFACE('',#3330,31.8734028939223);
#2805=CYLINDRICAL_SURFACE('',#3332,10.1226126761049);
#2806=CYLINDRICAL_SURFACE('',#3334,28.5011482588176);
#2807=CYLINDRICAL_SURFACE('',#3336,10.1226126015878);
#2808=CYLINDRICAL_SURFACE('',#3338,31.8734259456939);
#2809=CYLINDRICAL_SURFACE('',#3340,10.1226132423009);
#2810=CYLINDRICAL_SURFACE('',#3342,28.5011301784259);
#2811=CYLINDRICAL_SURFACE('',#3344,10.1226129756452);
#2812=CYLINDRICAL_SURFACE('',#3346,31.8733915683146);
#2813=CYLINDRICAL_SURFACE('',#3348,10.122612975645);
#2814=CYLINDRICAL_SURFACE('',#3350,28.5011301784338);
#2815=CYLINDRICAL_SURFACE('',#3352,10.122613242301);
#2816=CYLINDRICAL_SURFACE('',#3354,31.873425945691);
#2817=CYLINDRICAL_SURFACE('',#3356,10.1226126015878);
#2818=CYLINDRICAL_SURFACE('',#3358,28.5011482588032);
#2819=CYLINDRICAL_SURFACE('',#3360,10.1226126761051);
#2820=CYLINDRICAL_SURFACE('',#3362,31.8734028939719);
#2821=CYLINDRICAL_SURFACE('',#3364,10.1226121104243);
#2822=CYLINDRICAL_SURFACE('',#3366,28.5011341602215);
#2823=CYLINDRICAL_SURFACE('',#3368,10.122613767367);
#2824=CYLINDRICAL_SURFACE('',#3370,31.873425257839);
#2825=CYLINDRICAL_SURFACE('',#3372,10.1226132602244);
#2826=CYLINDRICAL_SURFACE('',#3374,28.5011420876956);
#2827=CYLINDRICAL_SURFACE('',#3376,10.1226131801638);
#2828=CYLINDRICAL_SURFACE('',#3378,31.8734264534212);
#2829=CYLINDRICAL_SURFACE('',#3380,10.1226132749784);
#2830=CYLINDRICAL_SURFACE('',#3382,28.5011226333472);
#2831=CYLINDRICAL_SURFACE('',#3384,10.1226146057444);
#2832=CYLINDRICAL_SURFACE('',#3386,31.8734024432697);
#2833=CYLINDRICAL_SURFACE('',#3388,10.1226146057444);
#2834=CYLINDRICAL_SURFACE('',#3390,28.5011226333496);
#2835=CYLINDRICAL_SURFACE('',#3392,10.1226132749784);
#2836=CYLINDRICAL_SURFACE('',#3394,31.8734264534314);
#2837=CYLINDRICAL_SURFACE('',#3396,10.1226131801636);
#2838=CYLINDRICAL_SURFACE('',#3398,28.5011420876842);
#2839=CYLINDRICAL_SURFACE('',#3400,10.1226132602247);
#2840=CYLINDRICAL_SURFACE('',#3402,31.8734252578205);
#2841=CYLINDRICAL_SURFACE('',#3404,10.122613767367);
#2842=CYLINDRICAL_SURFACE('',#3406,28.5011341602164);
#2843=CYLINDRICAL_SURFACE('',#3408,10.1226121104244);
#2844=CYLINDRICAL_SURFACE('',#3410,31.8734028938886);
#2845=CYLINDRICAL_SURFACE('',#3412,10.1226126761049);
#2846=CYLINDRICAL_SURFACE('',#3414,28.5011482588185);
#2847=CYLINDRICAL_SURFACE('',#3416,10.1226126015878);
#2848=CYLINDRICAL_SURFACE('',#3418,31.8734259457296);
#2849=CYLINDRICAL_SURFACE('',#3420,10.1226132423009);
#2850=CYLINDRICAL_SURFACE('',#3422,28.5011301784122);
#2851=CYLINDRICAL_SURFACE('',#3424,10.1226129756451);
#2852=CYLINDRICAL_SURFACE('',#3426,31.8733915682878);
#2853=CYLINDRICAL_SURFACE('',#3428,10.1226129756453);
#2854=CYLINDRICAL_SURFACE('',#3430,28.501130178422);
#2855=CYLINDRICAL_SURFACE('',#3432,10.1226132423009);
#2856=CYLINDRICAL_SURFACE('',#3434,31.8734259457213);
#2857=CYLINDRICAL_SURFACE('',#3436,10.1226126015876);
#2858=CYLINDRICAL_SURFACE('',#3438,28.5011482588178);
#2859=CYLINDRICAL_SURFACE('',#3440,10.1226126761051);
#2860=CYLINDRICAL_SURFACE('',#3442,31.8734028939634);
#2861=CYLINDRICAL_SURFACE('',#3444,10.1226121104243);
#2862=CYLINDRICAL_SURFACE('',#3446,28.5011341602229);
#2863=CYLINDRICAL_SURFACE('',#3448,10.122613767367);
#2864=CYLINDRICAL_SURFACE('',#3450,31.8734252578331);
#2865=CYLINDRICAL_SURFACE('',#3452,10.1226132602244);
#2866=CYLINDRICAL_SURFACE('',#3454,28.5011420876935);
#2867=CYLINDRICAL_SURFACE('',#3456,10.1226131801638);
#2868=CYLINDRICAL_SURFACE('',#3458,31.8734264534373);
#2869=CYLINDRICAL_SURFACE('',#3460,10.1226132749784);
#2870=CYLINDRICAL_SURFACE('',#3462,28.5011226333567);
#2871=CYLINDRICAL_SURFACE('',#3464,10.1226146057444);
#2872=CYLINDRICAL_SURFACE('',#3466,31.8734024432697);
#2873=CYLINDRICAL_SURFACE('',#3468,10.1226146057444);
#2874=CYLINDRICAL_SURFACE('',#3470,28.50112263336);
#2875=CYLINDRICAL_SURFACE('',#3472,10.1226132749784);
#2876=CYLINDRICAL_SURFACE('',#3474,31.8734264534157);
#2877=CYLINDRICAL_SURFACE('',#3476,10.1226131801636);
#2878=CYLINDRICAL_SURFACE('',#3478,28.5011420876853);
#2879=CYLINDRICAL_SURFACE('',#3480,10.1226132602246);
#2880=CYLINDRICAL_SURFACE('',#3482,31.8734252578265);
#2881=CYLINDRICAL_SURFACE('',#3484,10.122613767367);
#2882=CYLINDRICAL_SURFACE('',#3486,28.5011341602031);
#2883=CYLINDRICAL_SURFACE('',#3488,10.1226121104243);
#2884=CYLINDRICAL_SURFACE('',#3490,31.8734028938972);
#2885=CYLINDRICAL_SURFACE('',#3492,10.1226126761049);
#2886=CYLINDRICAL_SURFACE('',#3494,28.5011482588269);
#2887=CYLINDRICAL_SURFACE('',#3496,10.1226126015878);
#2888=CYLINDRICAL_SURFACE('',#3498,31.8734259457159);
#2889=CYLINDRICAL_SURFACE('',#3500,10.1226132423009);
#2890=CYLINDRICAL_SURFACE('',#3502,28.501130178418);
#2891=CYLINDRICAL_SURFACE('',#3504,10.1226129756452);
#2892=CYLINDRICAL_SURFACE('',#3506,31.8733915682878);
#2893=CYLINDRICAL_SURFACE('',#3508,10.1226129756452);
#2894=CYLINDRICAL_SURFACE('',#3510,28.5011301784301);
#2895=CYLINDRICAL_SURFACE('',#3512,10.1226132423009);
#2896=CYLINDRICAL_SURFACE('',#3514,31.8734259457213);
#2897=CYLINDRICAL_SURFACE('',#3516,10.1226126015878);
#2898=CYLINDRICAL_SURFACE('',#3518,28.5011482588142);
#2899=CYLINDRICAL_SURFACE('',#3520,10.1226126761051);
#2900=CYLINDRICAL_SURFACE('',#3522,31.8734028939551);
#2901=CYLINDRICAL_SURFACE('',#3524,10.1226121104244);
#2902=CYLINDRICAL_SURFACE('',#3526,28.5011341602147);
#2903=CYLINDRICAL_SURFACE('',#3528,10.122613767367);
#2904=CYLINDRICAL_SURFACE('',#3530,31.8734252578302);
#2905=CYLINDRICAL_SURFACE('',#3532,10.1226132602244);
#2906=CYLINDRICAL_SURFACE('',#3534,28.5011420876924);
#2907=CYLINDRICAL_SURFACE('',#3536,10.1226131801638);
#2908=CYLINDRICAL_SURFACE('',#3538,31.8734264534337);
#2909=CYLINDRICAL_SURFACE('',#3540,10.1226132749784);
#2910=CYLINDRICAL_SURFACE('',#3542,28.5011226333562);
#2911=CYLINDRICAL_SURFACE('',#3544,10.1226146057444);
#2912=CYLINDRICAL_SURFACE('',#3546,31.8734024432697);
#2913=CYLINDRICAL_SURFACE('',#3548,10.1226146057443);
#2914=CYLINDRICAL_SURFACE('',#3550,28.5011226333454);
#2915=CYLINDRICAL_SURFACE('',#3552,10.1226132749784);
#2916=CYLINDRICAL_SURFACE('',#3554,31.8734264534212);
#2917=CYLINDRICAL_SURFACE('',#3556,10.1226131801637);
#2918=CYLINDRICAL_SURFACE('',#3558,28.5011420876956);
#2919=CYLINDRICAL_SURFACE('',#3560,10.1226132602246);
#2920=CYLINDRICAL_SURFACE('',#3562,31.8734252578205);
#2921=CYLINDRICAL_SURFACE('',#3564,10.122613767367);
#2922=CYLINDRICAL_SURFACE('',#3566,28.5011341602084);
#2923=CYLINDRICAL_SURFACE('',#3568,10.1226121104244);
#2924=CYLINDRICAL_SURFACE('',#3570,31.8734028939138);
#2925=CYLINDRICAL_SURFACE('',#3572,10.1226126761051);
#2926=CYLINDRICAL_SURFACE('',#3574,28.5011482588128);
#2927=CYLINDRICAL_SURFACE('',#3576,10.1226126015878);
#2928=CYLINDRICAL_SURFACE('',#3578,31.873425945702);
#2929=CYLINDRICAL_SURFACE('',#3580,10.1226132423009);
#2930=CYLINDRICAL_SURFACE('',#3582,28.501130178422);
#2931=CYLINDRICAL_SURFACE('',#3584,10.1226129756452);
#2932=CYLINDRICAL_SURFACE('',#3586,31.8733915682882);
#2933=CYLINDRICAL_SURFACE('',#3588,10.1226129756452);
#2934=CYLINDRICAL_SURFACE('',#3590,28.501130178422);
#2935=CYLINDRICAL_SURFACE('',#3592,10.1226132423009);
#2936=CYLINDRICAL_SURFACE('',#3594,31.873425945702);
#2937=CYLINDRICAL_SURFACE('',#3596,10.1226126015878);
#2938=CYLINDRICAL_SURFACE('',#3598,28.5011482588128);
#2939=CYLINDRICAL_SURFACE('',#3600,10.1226126761051);
#2940=CYLINDRICAL_SURFACE('',#3602,31.8734028939473);
#2941=CYLINDRICAL_SURFACE('',#3604,10.1226121104245);
#2942=CYLINDRICAL_SURFACE('',#3606,28.5011341602048);
#2943=CYLINDRICAL_SURFACE('',#3608,10.122613767367);
#2944=CYLINDRICAL_SURFACE('',#3610,31.8734252578265);
#2945=CYLINDRICAL_SURFACE('',#3612,10.1226132602243);
#2946=CYLINDRICAL_SURFACE('',#3614,35.);
#2947=ADVANCED_FACE('',(#21),#2785,.T.);
#2948=ADVANCED_FACE('',(#22),#17,.T.);
#2949=ADVANCED_FACE('',(#23,#15),#18,.T.);
#2950=ADVANCED_FACE('',(#24),#19,.F.);
#2951=ADVANCED_FACE('',(#25),#2786,.F.);
#2952=ADVANCED_FACE('',(#26),#2787,.F.);
#2953=ADVANCED_FACE('',(#27),#2788,.F.);
#2954=ADVANCED_FACE('',(#28),#2789,.F.);
#2955=ADVANCED_FACE('',(#29),#2790,.F.);
#2956=ADVANCED_FACE('',(#30),#2791,.F.);
#2957=ADVANCED_FACE('',(#31),#2792,.F.);
#2958=ADVANCED_FACE('',(#32),#2793,.F.);
#2959=ADVANCED_FACE('',(#33),#2794,.F.);
#2960=ADVANCED_FACE('',(#34),#2795,.F.);
#2961=ADVANCED_FACE('',(#35),#2796,.F.);
#2962=ADVANCED_FACE('',(#36),#2797,.F.);
#2963=ADVANCED_FACE('',(#37),#2798,.F.);
#2964=ADVANCED_FACE('',(#38),#2799,.F.);
#2965=ADVANCED_FACE('',(#39),#2800,.F.);
#2966=ADVANCED_FACE('',(#40),#2801,.F.);
#2967=ADVANCED_FACE('',(#41),#2802,.F.);
#2968=ADVANCED_FACE('',(#42),#2803,.F.);
#2969=ADVANCED_FACE('',(#43),#2804,.F.);
#2970=ADVANCED_FACE('',(#44),#2805,.F.);
#2971=ADVANCED_FACE('',(#45),#2806,.F.);
#2972=ADVANCED_FACE('',(#46),#2807,.F.);
#2973=ADVANCED_FACE('',(#47),#2808,.F.);
#2974=ADVANCED_FACE('',(#48),#2809,.F.);
#2975=ADVANCED_FACE('',(#49),#2810,.F.);
#2976=ADVANCED_FACE('',(#50),#2811,.F.);
#2977=ADVANCED_FACE('',(#51),#2812,.F.);
#2978=ADVANCED_FACE('',(#52),#2813,.F.);
#2979=ADVANCED_FACE('',(#53),#2814,.F.);
#2980=ADVANCED_FACE('',(#54),#2815,.F.);
#2981=ADVANCED_FACE('',(#55),#2816,.F.);
#2982=ADVANCED_FACE('',(#56),#2817,.F.);
#2983=ADVANCED_FACE('',(#57),#2818,.F.);
#2984=ADVANCED_FACE('',(#58),#2819,.F.);
#2985=ADVANCED_FACE('',(#59),#2820,.F.);
#2986=ADVANCED_FACE('',(#60),#2821,.F.);
#2987=ADVANCED_FACE('',(#61),#2822,.F.);
#2988=ADVANCED_FACE('',(#62),#2823,.F.);
#2989=ADVANCED_FACE('',(#63),#2824,.F.);
#2990=ADVANCED_FACE('',(#64),#2825,.F.);
#2991=ADVANCED_FACE('',(#65),#2826,.F.);
#2992=ADVANCED_FACE('',(#66),#2827,.F.);
#2993=ADVANCED_FACE('',(#67),#2828,.F.);
#2994=ADVANCED_FACE('',(#68),#2829,.F.);
#2995=ADVANCED_FACE('',(#69),#2830,.F.);
#2996=ADVANCED_FACE('',(#70),#2831,.F.);
#2997=ADVANCED_FACE('',(#71),#2832,.F.);
#2998=ADVANCED_FACE('',(#72),#2833,.F.);
#2999=ADVANCED_FACE('',(#73),#2834,.F.);
#3000=ADVANCED_FACE('',(#74),#2835,.F.);
#3001=ADVANCED_FACE('',(#75),#2836,.F.);
#3002=ADVANCED_FACE('',(#76),#2837,.F.);
#3003=ADVANCED_FACE('',(#77),#2838,.F.);
#3004=ADVANCED_FACE('',(#78),#2839,.F.);
#3005=ADVANCED_FACE('',(#79),#2840,.F.);
#3006=ADVANCED_FACE('',(#80),#2841,.F.);
#3007=ADVANCED_FACE('',(#81),#2842,.F.);
#3008=ADVANCED_FACE('',(#82),#2843,.F.);
#3009=ADVANCED_FACE('',(#83),#2844,.F.);
#3010=ADVANCED_FACE('',(#84),#2845,.F.);
#3011=ADVANCED_FACE('',(#85),#2846,.F.);
#3012=ADVANCED_FACE('',(#86),#2847,.F.);
#3013=ADVANCED_FACE('',(#87),#2848,.F.);
#3014=ADVANCED_FACE('',(#88),#2849,.F.);
#3015=ADVANCED_FACE('',(#89),#2850,.F.);
#3016=ADVANCED_FACE('',(#90),#2851,.F.);
#3017=ADVANCED_FACE('',(#91),#2852,.F.);
#3018=ADVANCED_FACE('',(#92),#2853,.F.);
#3019=ADVANCED_FACE('',(#93),#2854,.F.);
#3020=ADVANCED_FACE('',(#94),#2855,.F.);
#3021=ADVANCED_FACE('',(#95),#2856,.F.);
#3022=ADVANCED_FACE('',(#96),#2857,.F.);
#3023=ADVANCED_FACE('',(#97),#2858,.F.);
#3024=ADVANCED_FACE('',(#98),#2859,.F.);
#3025=ADVANCED_FACE('',(#99),#2860,.F.);
#3026=ADVANCED_FACE('',(#100),#2861,.F.);
#3027=ADVANCED_FACE('',(#101),#2862,.F.);
#3028=ADVANCED_FACE('',(#102),#2863,.F.);
#3029=ADVANCED_FACE('',(#103),#2864,.F.);
#3030=ADVANCED_FACE('',(#104),#2865,.F.);
#3031=ADVANCED_FACE('',(#105),#2866,.F.);
#3032=ADVANCED_FACE('',(#106),#2867,.F.);
#3033=ADVANCED_FACE('',(#107),#2868,.F.);
#3034=ADVANCED_FACE('',(#108),#2869,.F.);
#3035=ADVANCED_FACE('',(#109),#2870,.F.);
#3036=ADVANCED_FACE('',(#110),#2871,.F.);
#3037=ADVANCED_FACE('',(#111),#2872,.F.);
#3038=ADVANCED_FACE('',(#112),#2873,.F.);
#3039=ADVANCED_FACE('',(#113),#2874,.F.);
#3040=ADVANCED_FACE('',(#114),#2875,.F.);
#3041=ADVANCED_FACE('',(#115),#2876,.F.);
#3042=ADVANCED_FACE('',(#116),#2877,.F.);
#3043=ADVANCED_FACE('',(#117),#2878,.F.);
#3044=ADVANCED_FACE('',(#118),#2879,.F.);
#3045=ADVANCED_FACE('',(#119),#2880,.F.);
#3046=ADVANCED_FACE('',(#120),#2881,.F.);
#3047=ADVANCED_FACE('',(#121),#2882,.F.);
#3048=ADVANCED_FACE('',(#122),#2883,.F.);
#3049=ADVANCED_FACE('',(#123),#2884,.F.);
#3050=ADVANCED_FACE('',(#124),#2885,.F.);
#3051=ADVANCED_FACE('',(#125),#2886,.F.);
#3052=ADVANCED_FACE('',(#126),#2887,.F.);
#3053=ADVANCED_FACE('',(#127),#2888,.F.);
#3054=ADVANCED_FACE('',(#128),#2889,.F.);
#3055=ADVANCED_FACE('',(#129),#2890,.F.);
#3056=ADVANCED_FACE('',(#130),#2891,.F.);
#3057=ADVANCED_FACE('',(#131),#2892,.F.);
#3058=ADVANCED_FACE('',(#132),#2893,.F.);
#3059=ADVANCED_FACE('',(#133),#2894,.F.);
#3060=ADVANCED_FACE('',(#134),#2895,.F.);
#3061=ADVANCED_FACE('',(#135),#2896,.F.);
#3062=ADVANCED_FACE('',(#136),#2897,.F.);
#3063=ADVANCED_FACE('',(#137),#2898,.F.);
#3064=ADVANCED_FACE('',(#138),#2899,.F.);
#3065=ADVANCED_FACE('',(#139),#2900,.F.);
#3066=ADVANCED_FACE('',(#140),#2901,.F.);
#3067=ADVANCED_FACE('',(#141),#2902,.F.);
#3068=ADVANCED_FACE('',(#142),#2903,.F.);
#3069=ADVANCED_FACE('',(#143),#2904,.F.);
#3070=ADVANCED_FACE('',(#144),#2905,.F.);
#3071=ADVANCED_FACE('',(#145),#2906,.F.);
#3072=ADVANCED_FACE('',(#146),#2907,.F.);
#3073=ADVANCED_FACE('',(#147),#2908,.F.);
#3074=ADVANCED_FACE('',(#148),#2909,.F.);
#3075=ADVANCED_FACE('',(#149),#2910,.F.);
#3076=ADVANCED_FACE('',(#150),#2911,.F.);
#3077=ADVANCED_FACE('',(#151),#2912,.F.);
#3078=ADVANCED_FACE('',(#152),#2913,.F.);
#3079=ADVANCED_FACE('',(#153),#2914,.F.);
#3080=ADVANCED_FACE('',(#154),#2915,.F.);
#3081=ADVANCED_FACE('',(#155),#2916,.F.);
#3082=ADVANCED_FACE('',(#156),#2917,.F.);
#3083=ADVANCED_FACE('',(#157),#2918,.F.);
#3084=ADVANCED_FACE('',(#158),#2919,.F.);
#3085=ADVANCED_FACE('',(#159),#2920,.F.);
#3086=ADVANCED_FACE('',(#160),#2921,.F.);
#3087=ADVANCED_FACE('',(#161),#2922,.F.);
#3088=ADVANCED_FACE('',(#162),#2923,.F.);
#3089=ADVANCED_FACE('',(#163),#2924,.F.);
#3090=ADVANCED_FACE('',(#164),#2925,.F.);
#3091=ADVANCED_FACE('',(#165),#2926,.F.);
#3092=ADVANCED_FACE('',(#166),#2927,.F.);
#3093=ADVANCED_FACE('',(#167),#2928,.F.);
#3094=ADVANCED_FACE('',(#168),#2929,.F.);
#3095=ADVANCED_FACE('',(#169),#2930,.F.);
#3096=ADVANCED_FACE('',(#170),#2931,.F.);
#3097=ADVANCED_FACE('',(#171),#2932,.F.);
#3098=ADVANCED_FACE('',(#172),#2933,.F.);
#3099=ADVANCED_FACE('',(#173),#2934,.F.);
#3100=ADVANCED_FACE('',(#174),#2935,.F.);
#3101=ADVANCED_FACE('',(#175),#2936,.F.);
#3102=ADVANCED_FACE('',(#176),#2937,.F.);
#3103=ADVANCED_FACE('',(#177),#2938,.F.);
#3104=ADVANCED_FACE('',(#178),#2939,.F.);
#3105=ADVANCED_FACE('',(#179),#2940,.F.);
#3106=ADVANCED_FACE('',(#180),#2941,.F.);
#3107=ADVANCED_FACE('',(#181),#2942,.F.);
#3108=ADVANCED_FACE('',(#182),#2943,.F.);
#3109=ADVANCED_FACE('',(#183),#2944,.F.);
#3110=ADVANCED_FACE('',(#184),#2945,.F.);
#3111=ADVANCED_FACE('',(#185),#2946,.T.);
#3112=ADVANCED_FACE('',(#186,#16),#20,.T.);
#3113=CLOSED_SHELL('',(#2947,#2948,#2949,#2950,#2951,#2952,#2953,#2954,
#2955,#2956,#2957,#2958,#2959,#2960,#2961,#2962,#2963,#2964,#2965,#2966,
#2967,#2968,#2969,#2970,#2971,#2972,#2973,#2974,#2975,#2976,#2977,#2978,
#2979,#2980,#2981,#2982,#2983,#2984,#2985,#2986,#2987,#2988,#2989,#2990,
#2991,#2992,#2993,#2994,#2995,#2996,#2997,#2998,#2999,#3000,#3001,#3002,
#3003,#3004,#3005,#3006,#3007,#3008,#3009,#3010,#3011,#3012,#3013,#3014,
#3015,#3016,#3017,#3018,#3019,#3020,#3021,#3022,#3023,#3024,#3025,#3026,
#3027,#3028,#3029,#3030,#3031,#3032,#3033,#3034,#3035,#3036,#3037,#3038,
#3039,#3040,#3041,#3042,#3043,#3044,#3045,#3046,#3047,#3048,#3049,#3050,
#3051,#3052,#3053,#3054,#3055,#3056,#3057,#3058,#3059,#3060,#3061,#3062,
#3063,#3064,#3065,#3066,#3067,#3068,#3069,#3070,#3071,#3072,#3073,#3074,
#3075,#3076,#3077,#3078,#3079,#3080,#3081,#3082,#3083,#3084,#3085,#3086,
#3087,#3088,#3089,#3090,#3091,#3092,#3093,#3094,#3095,#3096,#3097,#3098,
#3099,#3100,#3101,#3102,#3103,#3104,#3105,#3106,#3107,#3108,#3109,#3110,
#3111,#3112));
#3114=DERIVED_UNIT_ELEMENT(#3116,1.);
#3115=DERIVED_UNIT_ELEMENT(#5743,-3.);
#3116=(
MASS_UNIT()
NAMED_UNIT(*)
SI_UNIT(.KILO.,.GRAM.)
);
#3117=DERIVED_UNIT((#3114,#3115));
#3118=MEASURE_REPRESENTATION_ITEM('density measure',
POSITIVE_RATIO_MEASURE(7850.),#3117);
#3119=PROPERTY_DEFINITION_REPRESENTATION(#3124,#3121);
#3120=PROPERTY_DEFINITION_REPRESENTATION(#3125,#3122);
#3121=REPRESENTATION('material name',(#3123),#5740);
#3122=REPRESENTATION('density',(#3118),#5740);
#3123=DESCRIPTIVE_REPRESENTATION_ITEM('Steel','Steel');
#3124=PROPERTY_DEFINITION('material property','material name',#5750);
#3125=PROPERTY_DEFINITION('material property','density of part',#5750);
#3126=AXIS2_PLACEMENT_3D('',#4761,#3617,#3618);
#3127=AXIS2_PLACEMENT_3D('',#4762,#3619,#3620);
#3128=AXIS2_PLACEMENT_3D('',#4764,#3621,#3622);
#3129=AXIS2_PLACEMENT_3D('',#4767,#3624,#3625);
#3130=AXIS2_PLACEMENT_3D('',#4768,#3626,#3627);
#3131=AXIS2_PLACEMENT_3D('',#4769,#3628,#3629);
#3132=AXIS2_PLACEMENT_3D('',#4772,#3630,#3631);
#3133=AXIS2_PLACEMENT_3D('',#4774,#3632,#3633);
#3134=AXIS2_PLACEMENT_3D('',#4776,#3634,#3635);
#3135=AXIS2_PLACEMENT_3D('',#4778,#3636,#3637);
#3136=AXIS2_PLACEMENT_3D('',#4780,#3638,#3639);
#3137=AXIS2_PLACEMENT_3D('',#4782,#3640,#3641);
#3138=AXIS2_PLACEMENT_3D('',#4784,#3642,#3643);
#3139=AXIS2_PLACEMENT_3D('',#4786,#3644,#3645);
#3140=AXIS2_PLACEMENT_3D('',#4788,#3646,#3647);
#3141=AXIS2_PLACEMENT_3D('',#4790,#3648,#3649);
#3142=AXIS2_PLACEMENT_3D('',#4792,#3650,#3651);
#3143=AXIS2_PLACEMENT_3D('',#4794,#3652,#3653);
#3144=AXIS2_PLACEMENT_3D('',#4796,#3654,#3655);
#3145=AXIS2_PLACEMENT_3D('',#4798,#3656,#3657);
#3146=AXIS2_PLACEMENT_3D('',#4800,#3658,#3659);
#3147=AXIS2_PLACEMENT_3D('',#4802,#3660,#3661);
#3148=AXIS2_PLACEMENT_3D('',#4804,#3662,#3663);
#3149=AXIS2_PLACEMENT_3D('',#4806,#3664,#3665);
#3150=AXIS2_PLACEMENT_3D('',#4808,#3666,#3667);
#3151=AXIS2_PLACEMENT_3D('',#4810,#3668,#3669);
#3152=AXIS2_PLACEMENT_3D('',#4812,#3670,#3671);
#3153=AXIS2_PLACEMENT_3D('',#4814,#3672,#3673);
#3154=AXIS2_PLACEMENT_3D('',#4816,#3674,#3675);
#3155=AXIS2_PLACEMENT_3D('',#4818,#3676,#3677);
#3156=AXIS2_PLACEMENT_3D('',#4820,#3678,#3679);
#3157=AXIS2_PLACEMENT_3D('',#4822,#3680,#3681);
#3158=AXIS2_PLACEMENT_3D('',#4824,#3682,#3683);
#3159=AXIS2_PLACEMENT_3D('',#4826,#3684,#3685);
#3160=AXIS2_PLACEMENT_3D('',#4828,#3686,#3687);
#3161=AXIS2_PLACEMENT_3D('',#4830,#3688,#3689);
#3162=AXIS2_PLACEMENT_3D('',#4832,#3690,#3691);
#3163=AXIS2_PLACEMENT_3D('',#4834,#3692,#3693);
#3164=AXIS2_PLACEMENT_3D('',#4836,#3694,#3695);
#3165=AXIS2_PLACEMENT_3D('',#4838,#3696,#3697);
#3166=AXIS2_PLACEMENT_3D('',#4840,#3698,#3699);
#3167=AXIS2_PLACEMENT_3D('',#4842,#3700,#3701);
#3168=AXIS2_PLACEMENT_3D('',#4844,#3702,#3703);
#3169=AXIS2_PLACEMENT_3D('',#4846,#3704,#3705);
#3170=AXIS2_PLACEMENT_3D('',#4848,#3706,#3707);
#3171=AXIS2_PLACEMENT_3D('',#4850,#3708,#3709);
#3172=AXIS2_PLACEMENT_3D('',#4852,#3710,#3711);
#3173=AXIS2_PLACEMENT_3D('',#4854,#3712,#3713);
#3174=AXIS2_PLACEMENT_3D('',#4856,#3714,#3715);
#3175=AXIS2_PLACEMENT_3D('',#4858,#3716,#3717);
#3176=AXIS2_PLACEMENT_3D('',#4860,#3718,#3719);
#3177=AXIS2_PLACEMENT_3D('',#4862,#3720,#3721);
#3178=AXIS2_PLACEMENT_3D('',#4864,#3722,#3723);
#3179=AXIS2_PLACEMENT_3D('',#4866,#3724,#3725);
#3180=AXIS2_PLACEMENT_3D('',#4868,#3726,#3727);
#3181=AXIS2_PLACEMENT_3D('',#4870,#3728,#3729);
#3182=AXIS2_PLACEMENT_3D('',#4872,#3730,#3731);
#3183=AXIS2_PLACEMENT_3D('',#4874,#3732,#3733);
#3184=AXIS2_PLACEMENT_3D('',#4876,#3734,#3735);
#3185=AXIS2_PLACEMENT_3D('',#4878,#3736,#3737);
#3186=AXIS2_PLACEMENT_3D('',#4880,#3738,#3739);
#3187=AXIS2_PLACEMENT_3D('',#4882,#3740,#3741);
#3188=AXIS2_PLACEMENT_3D('',#4884,#3742,#3743);
#3189=AXIS2_PLACEMENT_3D('',#4886,#3744,#3745);
#3190=AXIS2_PLACEMENT_3D('',#4888,#3746,#3747);
#3191=AXIS2_PLACEMENT_3D('',#4890,#3748,#3749);
#3192=AXIS2_PLACEMENT_3D('',#4892,#3750,#3751);
#3193=AXIS2_PLACEMENT_3D('',#4894,#3752,#3753);
#3194=AXIS2_PLACEMENT_3D('',#4896,#3754,#3755);
#3195=AXIS2_PLACEMENT_3D('',#4898,#3756,#3757);
#3196=AXIS2_PLACEMENT_3D('',#4900,#3758,#3759);
#3197=AXIS2_PLACEMENT_3D('',#4902,#3760,#3761);
#3198=AXIS2_PLACEMENT_3D('',#4904,#3762,#3763);
#3199=AXIS2_PLACEMENT_3D('',#4906,#3764,#3765);
#3200=AXIS2_PLACEMENT_3D('',#4908,#3766,#3767);
#3201=AXIS2_PLACEMENT_3D('',#4910,#3768,#3769);
#3202=AXIS2_PLACEMENT_3D('',#4912,#3770,#3771);
#3203=AXIS2_PLACEMENT_3D('',#4914,#3772,#3773);
#3204=AXIS2_PLACEMENT_3D('',#4916,#3774,#3775);
#3205=AXIS2_PLACEMENT_3D('',#4918,#3776,#3777);
#3206=AXIS2_PLACEMENT_3D('',#4920,#3778,#3779);
#3207=AXIS2_PLACEMENT_3D('',#4922,#3780,#3781);
#3208=AXIS2_PLACEMENT_3D('',#4924,#3782,#3783);
#3209=AXIS2_PLACEMENT_3D('',#4926,#3784,#3785);
#3210=AXIS2_PLACEMENT_3D('',#4928,#3786,#3787);
#3211=AXIS2_PLACEMENT_3D('',#4930,#3788,#3789);
#3212=AXIS2_PLACEMENT_3D('',#4932,#3790,#3791);
#3213=AXIS2_PLACEMENT_3D('',#4934,#3792,#3793);
#3214=AXIS2_PLACEMENT_3D('',#4936,#3794,#3795);
#3215=AXIS2_PLACEMENT_3D('',#4938,#3796,#3797);
#3216=AXIS2_PLACEMENT_3D('',#4940,#3798,#3799);
#3217=AXIS2_PLACEMENT_3D('',#4942,#3800,#3801);
#3218=AXIS2_PLACEMENT_3D('',#4944,#3802,#3803);
#3219=AXIS2_PLACEMENT_3D('',#4946,#3804,#3805);
#3220=AXIS2_PLACEMENT_3D('',#4948,#3806,#3807);
#3221=AXIS2_PLACEMENT_3D('',#4950,#3808,#3809);
#3222=AXIS2_PLACEMENT_3D('',#4952,#3810,#3811);
#3223=AXIS2_PLACEMENT_3D('',#4954,#3812,#3813);
#3224=AXIS2_PLACEMENT_3D('',#4956,#3814,#3815);
#3225=AXIS2_PLACEMENT_3D('',#4958,#3816,#3817);
#3226=AXIS2_PLACEMENT_3D('',#4960,#3818,#3819);
#3227=AXIS2_PLACEMENT_3D('',#4962,#3820,#3821);
#3228=AXIS2_PLACEMENT_3D('',#4964,#3822,#3823);
#3229=AXIS2_PLACEMENT_3D('',#4966,#3824,#3825);
#3230=AXIS2_PLACEMENT_3D('',#4968,#3826,#3827);
#3231=AXIS2_PLACEMENT_3D('',#4970,#3828,#3829);
#3232=AXIS2_PLACEMENT_3D('',#4972,#3830,#3831);
#3233=AXIS2_PLACEMENT_3D('',#4974,#3832,#3833);
#3234=AXIS2_PLACEMENT_3D('',#4976,#3834,#3835);
#3235=AXIS2_PLACEMENT_3D('',#4978,#3836,#3837);
#3236=AXIS2_PLACEMENT_3D('',#4980,#3838,#3839);
#3237=AXIS2_PLACEMENT_3D('',#4982,#3840,#3841);
#3238=AXIS2_PLACEMENT_3D('',#4984,#3842,#3843);
#3239=AXIS2_PLACEMENT_3D('',#4986,#3844,#3845);
#3240=AXIS2_PLACEMENT_3D('',#4988,#3846,#3847);
#3241=AXIS2_PLACEMENT_3D('',#4990,#3848,#3849);
#3242=AXIS2_PLACEMENT_3D('',#4992,#3850,#3851);
#3243=AXIS2_PLACEMENT_3D('',#4994,#3852,#3853);
#3244=AXIS2_PLACEMENT_3D('',#4996,#3854,#3855);
#3245=AXIS2_PLACEMENT_3D('',#4998,#3856,#3857);
#3246=AXIS2_PLACEMENT_3D('',#5000,#3858,#3859);
#3247=AXIS2_PLACEMENT_3D('',#5002,#3860,#3861);
#3248=AXIS2_PLACEMENT_3D('',#5004,#3862,#3863);
#3249=AXIS2_PLACEMENT_3D('',#5006,#3864,#3865);
#3250=AXIS2_PLACEMENT_3D('',#5008,#3866,#3867);
#3251=AXIS2_PLACEMENT_3D('',#5010,#3868,#3869);
#3252=AXIS2_PLACEMENT_3D('',#5012,#3870,#3871);
#3253=AXIS2_PLACEMENT_3D('',#5014,#3872,#3873);
#3254=AXIS2_PLACEMENT_3D('',#5016,#3874,#3875);
#3255=AXIS2_PLACEMENT_3D('',#5018,#3876,#3877);
#3256=AXIS2_PLACEMENT_3D('',#5020,#3878,#3879);
#3257=AXIS2_PLACEMENT_3D('',#5022,#3880,#3881);
#3258=AXIS2_PLACEMENT_3D('',#5024,#3882,#3883);
#3259=AXIS2_PLACEMENT_3D('',#5026,#3884,#3885);
#3260=AXIS2_PLACEMENT_3D('',#5028,#3886,#3887);
#3261=AXIS2_PLACEMENT_3D('',#5030,#3888,#3889);
#3262=AXIS2_PLACEMENT_3D('',#5032,#3890,#3891);
#3263=AXIS2_PLACEMENT_3D('',#5034,#3892,#3893);
#3264=AXIS2_PLACEMENT_3D('',#5036,#3894,#3895);
#3265=AXIS2_PLACEMENT_3D('',#5038,#3896,#3897);
#3266=AXIS2_PLACEMENT_3D('',#5040,#3898,#3899);
#3267=AXIS2_PLACEMENT_3D('',#5042,#3900,#3901);
#3268=AXIS2_PLACEMENT_3D('',#5044,#3902,#3903);
#3269=AXIS2_PLACEMENT_3D('',#5046,#3904,#3905);
#3270=AXIS2_PLACEMENT_3D('',#5048,#3906,#3907);
#3271=AXIS2_PLACEMENT_3D('',#5050,#3908,#3909);
#3272=AXIS2_PLACEMENT_3D('',#5052,#3910,#3911);
#3273=AXIS2_PLACEMENT_3D('',#5054,#3912,#3913);
#3274=AXIS2_PLACEMENT_3D('',#5056,#3914,#3915);
#3275=AXIS2_PLACEMENT_3D('',#5058,#3916,#3917);
#3276=AXIS2_PLACEMENT_3D('',#5060,#3918,#3919);
#3277=AXIS2_PLACEMENT_3D('',#5062,#3920,#3921);
#3278=AXIS2_PLACEMENT_3D('',#5064,#3922,#3923);
#3279=AXIS2_PLACEMENT_3D('',#5066,#3924,#3925);
#3280=AXIS2_PLACEMENT_3D('',#5068,#3926,#3927);
#3281=AXIS2_PLACEMENT_3D('',#5070,#3928,#3929);
#3282=AXIS2_PLACEMENT_3D('',#5072,#3930,#3931);
#3283=AXIS2_PLACEMENT_3D('',#5074,#3932,#3933);
#3284=AXIS2_PLACEMENT_3D('',#5076,#3934,#3935);
#3285=AXIS2_PLACEMENT_3D('',#5078,#3936,#3937);
#3286=AXIS2_PLACEMENT_3D('',#5080,#3938,#3939);
#3287=AXIS2_PLACEMENT_3D('',#5082,#3940,#3941);
#3288=AXIS2_PLACEMENT_3D('',#5084,#3942,#3943);
#3289=AXIS2_PLACEMENT_3D('',#5086,#3944,#3945);
#3290=AXIS2_PLACEMENT_3D('',#5088,#3946,#3947);
#3291=AXIS2_PLACEMENT_3D('',#5089,#3948,#3949);
#3292=AXIS2_PLACEMENT_3D('',#5090,#3950,#3951);
#3293=AXIS2_PLACEMENT_3D('',#5092,#3952,#3953);
#3294=AXIS2_PLACEMENT_3D('',#5093,#3954,#3955);
#3295=AXIS2_PLACEMENT_3D('',#5097,#3957,#3958);
#3296=AXIS2_PLACEMENT_3D('',#5099,#3960,#3961);
#3297=AXIS2_PLACEMENT_3D('',#5101,#3962,#3963);
#3298=AXIS2_PLACEMENT_3D('',#5103,#3965,#3966);
#3299=AXIS2_PLACEMENT_3D('',#5105,#3967,#3968);
#3300=AXIS2_PLACEMENT_3D('',#5107,#3970,#3971);
#3301=AXIS2_PLACEMENT_3D('',#5109,#3972,#3973);
#3302=AXIS2_PLACEMENT_3D('',#5111,#3975,#3976);
#3303=AXIS2_PLACEMENT_3D('',#5113,#3977,#3978);
#3304=AXIS2_PLACEMENT_3D('',#5115,#3980,#3981);
#3305=AXIS2_PLACEMENT_3D('',#5117,#3982,#3983);
#3306=AXIS2_PLACEMENT_3D('',#5119,#3985,#3986);
#3307=AXIS2_PLACEMENT_3D('',#5121,#3987,#3988);
#3308=AXIS2_PLACEMENT_3D('',#5123,#3990,#3991);
#3309=AXIS2_PLACEMENT_3D('',#5125,#3992,#3993);
#3310=AXIS2_PLACEMENT_3D('',#5127,#3995,#3996);
#3311=AXIS2_PLACEMENT_3D('',#5129,#3997,#3998);
#3312=AXIS2_PLACEMENT_3D('',#5131,#4000,#4001);
#3313=AXIS2_PLACEMENT_3D('',#5133,#4002,#4003);
#3314=AXIS2_PLACEMENT_3D('',#5135,#4005,#4006);
#3315=AXIS2_PLACEMENT_3D('',#5137,#4007,#4008);
#3316=AXIS2_PLACEMENT_3D('',#5139,#4010,#4011);
#3317=AXIS2_PLACEMENT_3D('',#5141,#4012,#4013);
#3318=AXIS2_PLACEMENT_3D('',#5143,#4015,#4016);
#3319=AXIS2_PLACEMENT_3D('',#5145,#4017,#4018);
#3320=AXIS2_PLACEMENT_3D('',#5147,#4020,#4021);
#3321=AXIS2_PLACEMENT_3D('',#5149,#4022,#4023);
#3322=AXIS2_PLACEMENT_3D('',#5151,#4025,#4026);
#3323=AXIS2_PLACEMENT_3D('',#5153,#4027,#4028);
#3324=AXIS2_PLACEMENT_3D('',#5155,#4030,#4031);
#3325=AXIS2_PLACEMENT_3D('',#5157,#4032,#4033);
#3326=AXIS2_PLACEMENT_3D('',#5159,#4035,#4036);
#3327=AXIS2_PLACEMENT_3D('',#5161,#4037,#4038);
#3328=AXIS2_PLACEMENT_3D('',#5163,#4040,#4041);
#3329=AXIS2_PLACEMENT_3D('',#5165,#4042,#4043);
#3330=AXIS2_PLACEMENT_3D('',#5167,#4045,#4046);
#3331=AXIS2_PLACEMENT_3D('',#5169,#4047,#4048);
#3332=AXIS2_PLACEMENT_3D('',#5171,#4050,#4051);
#3333=AXIS2_PLACEMENT_3D('',#5173,#4052,#4053);
#3334=AXIS2_PLACEMENT_3D('',#5175,#4055,#4056);
#3335=AXIS2_PLACEMENT_3D('',#5177,#4057,#4058);
#3336=AXIS2_PLACEMENT_3D('',#5179,#4060,#4061);
#3337=AXIS2_PLACEMENT_3D('',#5181,#4062,#4063);
#3338=AXIS2_PLACEMENT_3D('',#5183,#4065,#4066);
#3339=AXIS2_PLACEMENT_3D('',#5185,#4067,#4068);
#3340=AXIS2_PLACEMENT_3D('',#5187,#4070,#4071);
#3341=AXIS2_PLACEMENT_3D('',#5189,#4072,#4073);
#3342=AXIS2_PLACEMENT_3D('',#5191,#4075,#4076);
#3343=AXIS2_PLACEMENT_3D('',#5193,#4077,#4078);
#3344=AXIS2_PLACEMENT_3D('',#5195,#4080,#4081);
#3345=AXIS2_PLACEMENT_3D('',#5197,#4082,#4083);
#3346=AXIS2_PLACEMENT_3D('',#5199,#4085,#4086);
#3347=AXIS2_PLACEMENT_3D('',#5201,#4087,#4088);
#3348=AXIS2_PLACEMENT_3D('',#5203,#4090,#4091);
#3349=AXIS2_PLACEMENT_3D('',#5205,#4092,#4093);
#3350=AXIS2_PLACEMENT_3D('',#5207,#4095,#4096);
#3351=AXIS2_PLACEMENT_3D('',#5209,#4097,#4098);
#3352=AXIS2_PLACEMENT_3D('',#5211,#4100,#4101);
#3353=AXIS2_PLACEMENT_3D('',#5213,#4102,#4103);
#3354=AXIS2_PLACEMENT_3D('',#5215,#4105,#4106);
#3355=AXIS2_PLACEMENT_3D('',#5217,#4107,#4108);
#3356=AXIS2_PLACEMENT_3D('',#5219,#4110,#4111);
#3357=AXIS2_PLACEMENT_3D('',#5221,#4112,#4113);
#3358=AXIS2_PLACEMENT_3D('',#5223,#4115,#4116);
#3359=AXIS2_PLACEMENT_3D('',#5225,#4117,#4118);
#3360=AXIS2_PLACEMENT_3D('',#5227,#4120,#4121);
#3361=AXIS2_PLACEMENT_3D('',#5229,#4122,#4123);
#3362=AXIS2_PLACEMENT_3D('',#5231,#4125,#4126);
#3363=AXIS2_PLACEMENT_3D('',#5233,#4127,#4128);
#3364=AXIS2_PLACEMENT_3D('',#5235,#4130,#4131);
#3365=AXIS2_PLACEMENT_3D('',#5237,#4132,#4133);
#3366=AXIS2_PLACEMENT_3D('',#5239,#4135,#4136);
#3367=AXIS2_PLACEMENT_3D('',#5241,#4137,#4138);
#3368=AXIS2_PLACEMENT_3D('',#5243,#4140,#4141);
#3369=AXIS2_PLACEMENT_3D('',#5245,#4142,#4143);
#3370=AXIS2_PLACEMENT_3D('',#5247,#4145,#4146);
#3371=AXIS2_PLACEMENT_3D('',#5249,#4147,#4148);
#3372=AXIS2_PLACEMENT_3D('',#5251,#4150,#4151);
#3373=AXIS2_PLACEMENT_3D('',#5253,#4152,#4153);
#3374=AXIS2_PLACEMENT_3D('',#5255,#4155,#4156);
#3375=AXIS2_PLACEMENT_3D('',#5257,#4157,#4158);
#3376=AXIS2_PLACEMENT_3D('',#5259,#4160,#4161);
#3377=AXIS2_PLACEMENT_3D('',#5261,#4162,#4163);
#3378=AXIS2_PLACEMENT_3D('',#5263,#4165,#4166);
#3379=AXIS2_PLACEMENT_3D('',#5265,#4167,#4168);
#3380=AXIS2_PLACEMENT_3D('',#5267,#4170,#4171);
#3381=AXIS2_PLACEMENT_3D('',#5269,#4172,#4173);
#3382=AXIS2_PLACEMENT_3D('',#5271,#4175,#4176);
#3383=AXIS2_PLACEMENT_3D('',#5273,#4177,#4178);
#3384=AXIS2_PLACEMENT_3D('',#5275,#4180,#4181);
#3385=AXIS2_PLACEMENT_3D('',#5277,#4182,#4183);
#3386=AXIS2_PLACEMENT_3D('',#5279,#4185,#4186);
#3387=AXIS2_PLACEMENT_3D('',#5281,#4187,#4188);
#3388=AXIS2_PLACEMENT_3D('',#5283,#4190,#4191);
#3389=AXIS2_PLACEMENT_3D('',#5285,#4192,#4193);
#3390=AXIS2_PLACEMENT_3D('',#5287,#4195,#4196);
#3391=AXIS2_PLACEMENT_3D('',#5289,#4197,#4198);
#3392=AXIS2_PLACEMENT_3D('',#5291,#4200,#4201);
#3393=AXIS2_PLACEMENT_3D('',#5293,#4202,#4203);
#3394=AXIS2_PLACEMENT_3D('',#5295,#4205,#4206);
#3395=AXIS2_PLACEMENT_3D('',#5297,#4207,#4208);
#3396=AXIS2_PLACEMENT_3D('',#5299,#4210,#4211);
#3397=AXIS2_PLACEMENT_3D('',#5301,#4212,#4213);
#3398=AXIS2_PLACEMENT_3D('',#5303,#4215,#4216);
#3399=AXIS2_PLACEMENT_3D('',#5305,#4217,#4218);
#3400=AXIS2_PLACEMENT_3D('',#5307,#4220,#4221);
#3401=AXIS2_PLACEMENT_3D('',#5309,#4222,#4223);
#3402=AXIS2_PLACEMENT_3D('',#5311,#4225,#4226);
#3403=AXIS2_PLACEMENT_3D('',#5313,#4227,#4228);
#3404=AXIS2_PLACEMENT_3D('',#5315,#4230,#4231);
#3405=AXIS2_PLACEMENT_3D('',#5317,#4232,#4233);
#3406=AXIS2_PLACEMENT_3D('',#5319,#4235,#4236);
#3407=AXIS2_PLACEMENT_3D('',#5321,#4237,#4238);
#3408=AXIS2_PLACEMENT_3D('',#5323,#4240,#4241);
#3409=AXIS2_PLACEMENT_3D('',#5325,#4242,#4243);
#3410=AXIS2_PLACEMENT_3D('',#5327,#4245,#4246);
#3411=AXIS2_PLACEMENT_3D('',#5329,#4247,#4248);
#3412=AXIS2_PLACEMENT_3D('',#5331,#4250,#4251);
#3413=AXIS2_PLACEMENT_3D('',#5333,#4252,#4253);
#3414=AXIS2_PLACEMENT_3D('',#5335,#4255,#4256);
#3415=AXIS2_PLACEMENT_3D('',#5337,#4257,#4258);
#3416=AXIS2_PLACEMENT_3D('',#5339,#4260,#4261);
#3417=AXIS2_PLACEMENT_3D('',#5341,#4262,#4263);
#3418=AXIS2_PLACEMENT_3D('',#5343,#4265,#4266);
#3419=AXIS2_PLACEMENT_3D('',#5345,#4267,#4268);
#3420=AXIS2_PLACEMENT_3D('',#5347,#4270,#4271);
#3421=AXIS2_PLACEMENT_3D('',#5349,#4272,#4273);
#3422=AXIS2_PLACEMENT_3D('',#5351,#4275,#4276);
#3423=AXIS2_PLACEMENT_3D('',#5353,#4277,#4278);
#3424=AXIS2_PLACEMENT_3D('',#5355,#4280,#4281);
#3425=AXIS2_PLACEMENT_3D('',#5357,#4282,#4283);
#3426=AXIS2_PLACEMENT_3D('',#5359,#4285,#4286);
#3427=AXIS2_PLACEMENT_3D('',#5361,#4287,#4288);
#3428=AXIS2_PLACEMENT_3D('',#5363,#4290,#4291);
#3429=AXIS2_PLACEMENT_3D('',#5365,#4292,#4293);
#3430=AXIS2_PLACEMENT_3D('',#5367,#4295,#4296);
#3431=AXIS2_PLACEMENT_3D('',#5369,#4297,#4298);
#3432=AXIS2_PLACEMENT_3D('',#5371,#4300,#4301);
#3433=AXIS2_PLACEMENT_3D('',#5373,#4302,#4303);
#3434=AXIS2_PLACEMENT_3D('',#5375,#4305,#4306);
#3435=AXIS2_PLACEMENT_3D('',#5377,#4307,#4308);
#3436=AXIS2_PLACEMENT_3D('',#5379,#4310,#4311);
#3437=AXIS2_PLACEMENT_3D('',#5381,#4312,#4313);
#3438=AXIS2_PLACEMENT_3D('',#5383,#4315,#4316);
#3439=AXIS2_PLACEMENT_3D('',#5385,#4317,#4318);
#3440=AXIS2_PLACEMENT_3D('',#5387,#4320,#4321);
#3441=AXIS2_PLACEMENT_3D('',#5389,#4322,#4323);
#3442=AXIS2_PLACEMENT_3D('',#5391,#4325,#4326);
#3443=AXIS2_PLACEMENT_3D('',#5393,#4327,#4328);
#3444=AXIS2_PLACEMENT_3D('',#5395,#4330,#4331);
#3445=AXIS2_PLACEMENT_3D('',#5397,#4332,#4333);
#3446=AXIS2_PLACEMENT_3D('',#5399,#4335,#4336);
#3447=AXIS2_PLACEMENT_3D('',#5401,#4337,#4338);
#3448=AXIS2_PLACEMENT_3D('',#5403,#4340,#4341);
#3449=AXIS2_PLACEMENT_3D('',#5405,#4342,#4343);
#3450=AXIS2_PLACEMENT_3D('',#5407,#4345,#4346);
#3451=AXIS2_PLACEMENT_3D('',#5409,#4347,#4348);
#3452=AXIS2_PLACEMENT_3D('',#5411,#4350,#4351);
#3453=AXIS2_PLACEMENT_3D('',#5413,#4352,#4353);
#3454=AXIS2_PLACEMENT_3D('',#5415,#4355,#4356);
#3455=AXIS2_PLACEMENT_3D('',#5417,#4357,#4358);
#3456=AXIS2_PLACEMENT_3D('',#5419,#4360,#4361);
#3457=AXIS2_PLACEMENT_3D('',#5421,#4362,#4363);
#3458=AXIS2_PLACEMENT_3D('',#5423,#4365,#4366);
#3459=AXIS2_PLACEMENT_3D('',#5425,#4367,#4368);
#3460=AXIS2_PLACEMENT_3D('',#5427,#4370,#4371);
#3461=AXIS2_PLACEMENT_3D('',#5429,#4372,#4373);
#3462=AXIS2_PLACEMENT_3D('',#5431,#4375,#4376);
#3463=AXIS2_PLACEMENT_3D('',#5433,#4377,#4378);
#3464=AXIS2_PLACEMENT_3D('',#5435,#4380,#4381);
#3465=AXIS2_PLACEMENT_3D('',#5437,#4382,#4383);
#3466=AXIS2_PLACEMENT_3D('',#5439,#4385,#4386);
#3467=AXIS2_PLACEMENT_3D('',#5441,#4387,#4388);
#3468=AXIS2_PLACEMENT_3D('',#5443,#4390,#4391);
#3469=AXIS2_PLACEMENT_3D('',#5445,#4392,#4393);
#3470=AXIS2_PLACEMENT_3D('',#5447,#4395,#4396);
#3471=AXIS2_PLACEMENT_3D('',#5449,#4397,#4398);
#3472=AXIS2_PLACEMENT_3D('',#5451,#4400,#4401);
#3473=AXIS2_PLACEMENT_3D('',#5453,#4402,#4403);
#3474=AXIS2_PLACEMENT_3D('',#5455,#4405,#4406);
#3475=AXIS2_PLACEMENT_3D('',#5457,#4407,#4408);
#3476=AXIS2_PLACEMENT_3D('',#5459,#4410,#4411);
#3477=AXIS2_PLACEMENT_3D('',#5461,#4412,#4413);
#3478=AXIS2_PLACEMENT_3D('',#5463,#4415,#4416);
#3479=AXIS2_PLACEMENT_3D('',#5465,#4417,#4418);
#3480=AXIS2_PLACEMENT_3D('',#5467,#4420,#4421);
#3481=AXIS2_PLACEMENT_3D('',#5469,#4422,#4423);
#3482=AXIS2_PLACEMENT_3D('',#5471,#4425,#4426);
#3483=AXIS2_PLACEMENT_3D('',#5473,#4427,#4428);
#3484=AXIS2_PLACEMENT_3D('',#5475,#4430,#4431);
#3485=AXIS2_PLACEMENT_3D('',#5477,#4432,#4433);
#3486=AXIS2_PLACEMENT_3D('',#5479,#4435,#4436);
#3487=AXIS2_PLACEMENT_3D('',#5481,#4437,#4438);
#3488=AXIS2_PLACEMENT_3D('',#5483,#4440,#4441);
#3489=AXIS2_PLACEMENT_3D('',#5485,#4442,#4443);
#3490=AXIS2_PLACEMENT_3D('',#5487,#4445,#4446);
#3491=AXIS2_PLACEMENT_3D('',#5489,#4447,#4448);
#3492=AXIS2_PLACEMENT_3D('',#5491,#4450,#4451);
#3493=AXIS2_PLACEMENT_3D('',#5493,#4452,#4453);
#3494=AXIS2_PLACEMENT_3D('',#5495,#4455,#4456);
#3495=AXIS2_PLACEMENT_3D('',#5497,#4457,#4458);
#3496=AXIS2_PLACEMENT_3D('',#5499,#4460,#4461);
#3497=AXIS2_PLACEMENT_3D('',#5501,#4462,#4463);
#3498=AXIS2_PLACEMENT_3D('',#5503,#4465,#4466);
#3499=AXIS2_PLACEMENT_3D('',#5505,#4467,#4468);
#3500=AXIS2_PLACEMENT_3D('',#5507,#4470,#4471);
#3501=AXIS2_PLACEMENT_3D('',#5509,#4472,#4473);
#3502=AXIS2_PLACEMENT_3D('',#5511,#4475,#4476);
#3503=AXIS2_PLACEMENT_3D('',#5513,#4477,#4478);
#3504=AXIS2_PLACEMENT_3D('',#5515,#4480,#4481);
#3505=AXIS2_PLACEMENT_3D('',#5517,#4482,#4483);
#3506=AXIS2_PLACEMENT_3D('',#5519,#4485,#4486);
#3507=AXIS2_PLACEMENT_3D('',#5521,#4487,#4488);
#3508=AXIS2_PLACEMENT_3D('',#5523,#4490,#4491);
#3509=AXIS2_PLACEMENT_3D('',#5525,#4492,#4493);
#3510=AXIS2_PLACEMENT_3D('',#5527,#4495,#4496);
#3511=AXIS2_PLACEMENT_3D('',#5529,#4497,#4498);
#3512=AXIS2_PLACEMENT_3D('',#5531,#4500,#4501);
#3513=AXIS2_PLACEMENT_3D('',#5533,#4502,#4503);
#3514=AXIS2_PLACEMENT_3D('',#5535,#4505,#4506);
#3515=AXIS2_PLACEMENT_3D('',#5537,#4507,#4508);
#3516=AXIS2_PLACEMENT_3D('',#5539,#4510,#4511);
#3517=AXIS2_PLACEMENT_3D('',#5541,#4512,#4513);
#3518=AXIS2_PLACEMENT_3D('',#5543,#4515,#4516);
#3519=AXIS2_PLACEMENT_3D('',#5545,#4517,#4518);
#3520=AXIS2_PLACEMENT_3D('',#5547,#4520,#4521);
#3521=AXIS2_PLACEMENT_3D('',#5549,#4522,#4523);
#3522=AXIS2_PLACEMENT_3D('',#5551,#4525,#4526);
#3523=AXIS2_PLACEMENT_3D('',#5553,#4527,#4528);
#3524=AXIS2_PLACEMENT_3D('',#5555,#4530,#4531);
#3525=AXIS2_PLACEMENT_3D('',#5557,#4532,#4533);
#3526=AXIS2_PLACEMENT_3D('',#5559,#4535,#4536);
#3527=AXIS2_PLACEMENT_3D('',#5561,#4537,#4538);
#3528=AXIS2_PLACEMENT_3D('',#5563,#4540,#4541);
#3529=AXIS2_PLACEMENT_3D('',#5565,#4542,#4543);
#3530=AXIS2_PLACEMENT_3D('',#5567,#4545,#4546);
#3531=AXIS2_PLACEMENT_3D('',#5569,#4547,#4548);
#3532=AXIS2_PLACEMENT_3D('',#5571,#4550,#4551);
#3533=AXIS2_PLACEMENT_3D('',#5573,#4552,#4553);
#3534=AXIS2_PLACEMENT_3D('',#5575,#4555,#4556);
#3535=AXIS2_PLACEMENT_3D('',#5577,#4557,#4558);
#3536=AXIS2_PLACEMENT_3D('',#5579,#4560,#4561);
#3537=AXIS2_PLACEMENT_3D('',#5581,#4562,#4563);
#3538=AXIS2_PLACEMENT_3D('',#5583,#4565,#4566);
#3539=AXIS2_PLACEMENT_3D('',#5585,#4567,#4568);
#3540=AXIS2_PLACEMENT_3D('',#5587,#4570,#4571);
#3541=AXIS2_PLACEMENT_3D('',#5589,#4572,#4573);
#3542=AXIS2_PLACEMENT_3D('',#5591,#4575,#4576);
#3543=AXIS2_PLACEMENT_3D('',#5593,#4577,#4578);
#3544=AXIS2_PLACEMENT_3D('',#5595,#4580,#4581);
#3545=AXIS2_PLACEMENT_3D('',#5597,#4582,#4583);
#3546=AXIS2_PLACEMENT_3D('',#5599,#4585,#4586);
#3547=AXIS2_PLACEMENT_3D('',#5601,#4587,#4588);
#3548=AXIS2_PLACEMENT_3D('',#5603,#4590,#4591);
#3549=AXIS2_PLACEMENT_3D('',#5605,#4592,#4593);
#3550=AXIS2_PLACEMENT_3D('',#5607,#4595,#4596);
#3551=AXIS2_PLACEMENT_3D('',#5609,#4597,#4598);
#3552=AXIS2_PLACEMENT_3D('',#5611,#4600,#4601);
#3553=AXIS2_PLACEMENT_3D('',#5613,#4602,#4603);
#3554=AXIS2_PLACEMENT_3D('',#5615,#4605,#4606);
#3555=AXIS2_PLACEMENT_3D('',#5617,#4607,#4608);
#3556=AXIS2_PLACEMENT_3D('',#5619,#4610,#4611);
#3557=AXIS2_PLACEMENT_3D('',#5621,#4612,#4613);
#3558=AXIS2_PLACEMENT_3D('',#5623,#4615,#4616);
#3559=AXIS2_PLACEMENT_3D('',#5625,#4617,#4618);
#3560=AXIS2_PLACEMENT_3D('',#5627,#4620,#4621);
#3561=AXIS2_PLACEMENT_3D('',#5629,#4622,#4623);
#3562=AXIS2_PLACEMENT_3D('',#5631,#4625,#4626);
#3563=AXIS2_PLACEMENT_3D('',#5633,#4627,#4628);
#3564=AXIS2_PLACEMENT_3D('',#5635,#4630,#4631);
#3565=AXIS2_PLACEMENT_3D('',#5637,#4632,#4633);
#3566=AXIS2_PLACEMENT_3D('',#5639,#4635,#4636);
#3567=AXIS2_PLACEMENT_3D('',#5641,#4637,#4638);
#3568=AXIS2_PLACEMENT_3D('',#5643,#4640,#4641);
#3569=AXIS2_PLACEMENT_3D('',#5645,#4642,#4643);
#3570=AXIS2_PLACEMENT_3D('',#5647,#4645,#4646);
#3571=AXIS2_PLACEMENT_3D('',#5649,#4647,#4648);
#3572=AXIS2_PLACEMENT_3D('',#5651,#4650,#4651);
#3573=AXIS2_PLACEMENT_3D('',#5653,#4652,#4653);
#3574=AXIS2_PLACEMENT_3D('',#5655,#4655,#4656);
#3575=AXIS2_PLACEMENT_3D('',#5657,#4657,#4658);
#3576=AXIS2_PLACEMENT_3D('',#5659,#4660,#4661);
#3577=AXIS2_PLACEMENT_3D('',#5661,#4662,#4663);
#3578=AXIS2_PLACEMENT_3D('',#5663,#4665,#4666);
#3579=AXIS2_PLACEMENT_3D('',#5665,#4667,#4668);
#3580=AXIS2_PLACEMENT_3D('',#5667,#4670,#4671);
#3581=AXIS2_PLACEMENT_3D('',#5669,#4672,#4673);
#3582=AXIS2_PLACEMENT_3D('',#5671,#4675,#4676);
#3583=AXIS2_PLACEMENT_3D('',#5673,#4677,#4678);
#3584=AXIS2_PLACEMENT_3D('',#5675,#4680,#4681);
#3585=AXIS2_PLACEMENT_3D('',#5677,#4682,#4683);
#3586=AXIS2_PLACEMENT_3D('',#5679,#4685,#4686);
#3587=AXIS2_PLACEMENT_3D('',#5681,#4687,#4688);
#3588=AXIS2_PLACEMENT_3D('',#5683,#4690,#4691);
#3589=AXIS2_PLACEMENT_3D('',#5685,#4692,#4693);
#3590=AXIS2_PLACEMENT_3D('',#5687,#4695,#4696);
#3591=AXIS2_PLACEMENT_3D('',#5689,#4697,#4698);
#3592=AXIS2_PLACEMENT_3D('',#5691,#4700,#4701);
#3593=AXIS2_PLACEMENT_3D('',#5693,#4702,#4703);
#3594=AXIS2_PLACEMENT_3D('',#5695,#4705,#4706);
#3595=AXIS2_PLACEMENT_3D('',#5697,#4707,#4708);
#3596=AXIS2_PLACEMENT_3D('',#5699,#4710,#4711);
#3597=AXIS2_PLACEMENT_3D('',#5701,#4712,#4713);
#3598=AXIS2_PLACEMENT_3D('',#5703,#4715,#4716);
#3599=AXIS2_PLACEMENT_3D('',#5705,#4717,#4718);
#3600=AXIS2_PLACEMENT_3D('',#5707,#4720,#4721);
#3601=AXIS2_PLACEMENT_3D('',#5709,#4722,#4723);
#3602=AXIS2_PLACEMENT_3D('',#5711,#4725,#4726);
#3603=AXIS2_PLACEMENT_3D('',#5713,#4727,#4728);
#3604=AXIS2_PLACEMENT_3D('',#5715,#4730,#4731);
#3605=AXIS2_PLACEMENT_3D('',#5717,#4732,#4733);
#3606=AXIS2_PLACEMENT_3D('',#5719,#4735,#4736);
#3607=AXIS2_PLACEMENT_3D('',#5721,#4737,#4738);
#3608=AXIS2_PLACEMENT_3D('',#5723,#4740,#4741);
#3609=AXIS2_PLACEMENT_3D('',#5725,#4742,#4743);
#3610=AXIS2_PLACEMENT_3D('',#5727,#4745,#4746);
#3611=AXIS2_PLACEMENT_3D('',#5729,#4747,#4748);
#3612=AXIS2_PLACEMENT_3D('',#5731,#4750,#4751);
#3613=AXIS2_PLACEMENT_3D('',#5732,#4752,#4753);
#3614=AXIS2_PLACEMENT_3D('',#5733,#4754,#4755);
#3615=AXIS2_PLACEMENT_3D('',#5735,#4756,#4757);
#3616=AXIS2_PLACEMENT_3D('',#5737,#4759,#4760);
#3617=DIRECTION('axis',(0.,0.,1.));
#3618=DIRECTION('refdir',(1.,0.,0.));
#3619=DIRECTION('center_axis',(0.,0.,1.));
#3620=DIRECTION('ref_axis',(1.,0.,0.));
#3621=DIRECTION('center_axis',(0.,0.,1.));
#3622=DIRECTION('ref_axis',(1.,0.,0.));
#3623=DIRECTION('',(0.,0.,-1.));
#3624=DIRECTION('center_axis',(0.,0.,-1.));
#3625=DIRECTION('ref_axis',(1.,0.,0.));
#3626=DIRECTION('center_axis',(0.,0.,1.));
#3627=DIRECTION('ref_axis',(1.,0.,0.));
#3628=DIRECTION('center_axis',(0.,0.,1.));
#3629=DIRECTION('ref_axis',(1.,0.,0.));
#3630=DIRECTION('center_axis',(0.,0.,1.));
#3631=DIRECTION('ref_axis',(0.254884762135988,0.966971435995335,0.));
#3632=DIRECTION('center_axis',(0.,0.,1.));
#3633=DIRECTION('ref_axis',(0.999810251885059,-0.0194797388466572,0.));
#3634=DIRECTION('center_axis',(0.,0.,1.));
#3635=DIRECTION('ref_axis',(0.17159816011146,0.985167027181869,0.));
#3636=DIRECTION('center_axis',(0.,0.,1.));
#3637=DIRECTION('ref_axis',(-0.795061513225424,0.606528804087406,0.));
#3638=DIRECTION('center_axis',(0.,0.,1.));
#3639=DIRECTION('ref_axis',(0.100478708163196,0.994939208799138,0.));
#3640=DIRECTION('center_axis',(0.,0.,1.));
#3641=DIRECTION('ref_axis',(0.990548229529117,0.137164882447117,0.));
#3642=DIRECTION('center_axis',(0.,0.,1.));
#3643=DIRECTION('ref_axis',(0.0153710919589461,0.999881857787204,0.));
#3644=DIRECTION('center_axis',(0.,0.,1.));
#3645=DIRECTION('ref_axis',(-0.880155011618216,0.474686375961368,0.));
#3646=DIRECTION('center_axis',(0.,0.,1.));
#3647=DIRECTION('ref_axis',(-0.0564004093480399,0.998408230046895,0.));
#3648=DIRECTION('center_axis',(0.,0.,1.));
#3649=DIRECTION('ref_axis',(0.956895612335911,0.290432069669109,0.));
#3650=DIRECTION('center_axis',(0.,0.,1.));
#3651=DIRECTION('ref_axis',(-0.141234465093789,0.989976174394955,0.));
#3652=DIRECTION('center_axis',(0.,0.,1.));
#3653=DIRECTION('ref_axis',(-0.94357615601785,0.331155609637792,0.));
#3654=DIRECTION('center_axis',(0.,0.,1.));
#3655=DIRECTION('ref_axis',(-0.211891818336418,0.977293127634737,0.));
#3656=DIRECTION('center_axis',(0.,0.,1.));
#3657=DIRECTION('ref_axis',(0.899681129500719,0.436547666607337,0.));
#3658=DIRECTION('center_axis',(0.,0.,1.));
#3659=DIRECTION('ref_axis',(-0.294361718678538,0.955694082108191,0.));
#3660=DIRECTION('center_axis',(0.,0.,1.));
#3661=DIRECTION('ref_axis',(-0.98376335424339,0.17947050690237,0.));
#3662=DIRECTION('center_axis',(0.,0.,1.));
#3663=DIRECTION('ref_axis',(-0.362164861010391,0.932114056030336,0.));
#3664=DIRECTION('center_axis',(0.,0.,1.));
#3665=DIRECTION('ref_axis',(0.820313289565768,0.571914422760773,0.));
#3666=DIRECTION('center_axis',(0.,0.,1.));
#3667=DIRECTION('ref_axis',(-0.440240885173104,0.897879704092927,0.));
#3668=DIRECTION('center_axis',(0.,0.,1.));
#3669=DIRECTION('ref_axis',(-0.999726965606079,0.0233665196394747,0.));
#3670=DIRECTION('center_axis',(0.,0.,1.));
#3671=DIRECTION('ref_axis',(-0.50352103461196,0.863982967253002,0.));
#3672=DIRECTION('center_axis',(0.,0.,1.));
#3673=DIRECTION('ref_axis',(0.72074689556679,0.693198321211783,0.));
#3674=DIRECTION('center_axis',(0.,0.,1.));
#3675=DIRECTION('ref_axis',(-0.575280844710946,0.817955958294003,0.));
#3676=DIRECTION('center_axis',(0.,0.,1.));
#3677=DIRECTION('ref_axis',(-0.991073987679396,-0.133312981158099,0.));
#3678=DIRECTION('center_axis',(0.,0.,1.));
#3679=DIRECTION('ref_axis',(-0.632478538850122,0.774577883685053,0.));
#3680=DIRECTION('center_axis',(0.,0.,1.));
#3681=DIRECTION('ref_axis',(0.603433010837498,0.797413695287203,0.));
#3682=DIRECTION('center_axis',(0.,0.,1.));
#3683=DIRECTION('ref_axis',(-0.696154238668323,0.717892245385147,0.));
#3684=DIRECTION('center_axis',(0.,0.,1.));
#3685=DIRECTION('ref_axis',(-0.958017583227153,-0.286709452630366,0.));
#3686=DIRECTION('center_axis',(0.,0.,1.));
#3687=DIRECTION('ref_axis',(-0.745862811865922,0.666099591559295,0.));
#3688=DIRECTION('center_axis',(0.,0.,1.));
#3689=DIRECTION('ref_axis',(0.471261089824789,0.881993755769933,0.));
#3690=DIRECTION('center_axis',(0.,0.,1.));
#3691=DIRECTION('ref_axis',(-0.799886140478331,0.600151782693912,0.));
#3692=DIRECTION('center_axis',(0.,0.,1.));
#3693=DIRECTION('ref_axis',(-0.901371456245072,-0.433046761755169,0.));
#3694=DIRECTION('center_axis',(0.,0.,1.));
#3695=DIRECTION('ref_axis',(-0.840880915573506,0.54122018238815,0.));
#3696=DIRECTION('center_axis',(0.,0.,1.));
#3697=DIRECTION('ref_axis',(0.327484798457837,0.944856447709931,0.));
#3698=DIRECTION('center_axis',(0.,0.,1.));
#3699=DIRECTION('ref_axis',(-0.883923051849672,0.467632375278662,0.));
#3700=DIRECTION('center_axis',(0.,0.,1.));
#3701=DIRECTION('ref_axis',(-0.822530762923357,-0.568720620379392,0.));
#3702=DIRECTION('center_axis',(0.,0.,1.));
#3703=DIRECTION('ref_axis',(-0.915193887264805,0.403013831912921,0.));
#3704=DIRECTION('center_axis',(0.,0.,1.));
#3705=DIRECTION('ref_axis',(0.175644889438097,0.984453590990595,0.));
#3706=DIRECTION('center_axis',(0.,0.,1.));
#3707=DIRECTION('ref_axis',(-0.946194224545012,0.323599272925115,0.));
#3708=DIRECTION('center_axis',(0.,0.,1.));
#3709=DIRECTION('ref_axis',(-0.723436331159122,-0.690391102751933,0.));
#3710=DIRECTION('center_axis',(0.,0.,1.));
#3711=DIRECTION('ref_axis',(-0.966971435995335,0.254884762135989,0.));
#3712=DIRECTION('center_axis',(0.,0.,1.));
#3713=DIRECTION('ref_axis',(0.0194797388466578,0.999810251885059,0.));
#3714=DIRECTION('center_axis',(0.,0.,1.));
#3715=DIRECTION('ref_axis',(-0.985167027181869,0.171598160111461,0.));
#3716=DIRECTION('center_axis',(0.,0.,1.));
#3717=DIRECTION('ref_axis',(-0.606528804087408,-0.795061513225422,0.));
#3718=DIRECTION('center_axis',(0.,0.,1.));
#3719=DIRECTION('ref_axis',(-0.994939208799138,0.100478708163195,0.));
#3720=DIRECTION('center_axis',(0.,0.,1.));
#3721=DIRECTION('ref_axis',(-0.137164882447117,0.990548229529117,0.));
#3722=DIRECTION('center_axis',(0.,0.,1.));
#3723=DIRECTION('ref_axis',(-0.999881857787204,0.0153710919589462,0.));
#3724=DIRECTION('center_axis',(0.,0.,1.));
#3725=DIRECTION('ref_axis',(-0.474686375961368,-0.880155011618217,0.));
#3726=DIRECTION('center_axis',(0.,0.,1.));
#3727=DIRECTION('ref_axis',(-0.998408230046895,-0.0564004093480436,0.));
#3728=DIRECTION('center_axis',(0.,0.,1.));
#3729=DIRECTION('ref_axis',(-0.290432069669109,0.956895612335911,0.));
#3730=DIRECTION('center_axis',(0.,0.,1.));
#3731=DIRECTION('ref_axis',(-0.989976174394955,-0.14123446509379,0.));
#3732=DIRECTION('center_axis',(0.,0.,1.));
#3733=DIRECTION('ref_axis',(-0.331155609637793,-0.94357615601785,0.));
#3734=DIRECTION('center_axis',(0.,0.,1.));
#3735=DIRECTION('ref_axis',(-0.97729312763474,-0.211891818336405,0.));
#3736=DIRECTION('center_axis',(0.,0.,1.));
#3737=DIRECTION('ref_axis',(-0.436547666607338,0.899681129500718,0.));
#3738=DIRECTION('center_axis',(0.,0.,1.));
#3739=DIRECTION('ref_axis',(-0.955694082108191,-0.294361718678539,0.));
#3740=DIRECTION('center_axis',(0.,0.,1.));
#3741=DIRECTION('ref_axis',(-0.17947050690237,-0.98376335424339,0.));
#3742=DIRECTION('center_axis',(0.,0.,1.));
#3743=DIRECTION('ref_axis',(-0.932114056030338,-0.362164861010387,0.));
#3744=DIRECTION('center_axis',(0.,0.,1.));
#3745=DIRECTION('ref_axis',(-0.571914422760773,0.820313289565768,0.));
#3746=DIRECTION('center_axis',(0.,0.,1.));
#3747=DIRECTION('ref_axis',(-0.897879704092934,-0.440240885173089,0.));
#3748=DIRECTION('center_axis',(0.,0.,1.));
#3749=DIRECTION('ref_axis',(-0.0233665196394747,-0.999726965606079,0.));
#3750=DIRECTION('center_axis',(0.,0.,1.));
#3751=DIRECTION('ref_axis',(-0.863982967253001,-0.503521034611961,0.));
#3752=DIRECTION('center_axis',(0.,0.,1.));
#3753=DIRECTION('ref_axis',(-0.693198321211784,0.720746895566789,0.));
#3754=DIRECTION('center_axis',(0.,0.,1.));
#3755=DIRECTION('ref_axis',(-0.817955958293993,-0.575280844710959,0.));
#3756=DIRECTION('center_axis',(0.,0.,1.));
#3757=DIRECTION('ref_axis',(0.133312981158099,-0.991073987679396,0.));
#3758=DIRECTION('center_axis',(0.,0.,1.));
#3759=DIRECTION('ref_axis',(-0.774577883685059,-0.632478538850114,0.));
#3760=DIRECTION('center_axis',(0.,0.,1.));
#3761=DIRECTION('ref_axis',(-0.797413695287202,0.603433010837499,0.));
#3762=DIRECTION('center_axis',(0.,0.,1.));
#3763=DIRECTION('ref_axis',(-0.717892245385156,-0.696154238668313,0.));
#3764=DIRECTION('center_axis',(0.,0.,1.));
#3765=DIRECTION('ref_axis',(0.28670945263037,-0.958017583227152,0.));
#3766=DIRECTION('center_axis',(0.,0.,1.));
#3767=DIRECTION('ref_axis',(-0.666099591559302,-0.745862811865916,0.));
#3768=DIRECTION('center_axis',(0.,0.,1.));
#3769=DIRECTION('ref_axis',(-0.881993755769932,0.471261089824791,0.));
#3770=DIRECTION('center_axis',(0.,0.,1.));
#3771=DIRECTION('ref_axis',(-0.6001517826939,-0.799886140478339,0.));
#3772=DIRECTION('center_axis',(0.,0.,1.));
#3773=DIRECTION('ref_axis',(0.433046761755166,-0.901371456245073,0.));
#3774=DIRECTION('center_axis',(0.,0.,1.));
#3775=DIRECTION('ref_axis',(-0.54122018238814,-0.840880915573512,0.));
#3776=DIRECTION('center_axis',(0.,0.,1.));
#3777=DIRECTION('ref_axis',(-0.944856447709931,0.327484798457837,0.));
#3778=DIRECTION('center_axis',(0.,0.,1.));
#3779=DIRECTION('ref_axis',(-0.467632375278665,-0.88392305184967,0.));
#3780=DIRECTION('center_axis',(0.,0.,1.));
#3781=DIRECTION('ref_axis',(0.568720620379392,-0.822530762923357,0.));
#3782=DIRECTION('center_axis',(0.,0.,1.));
#3783=DIRECTION('ref_axis',(-0.40301383191292,-0.915193887264805,0.));
#3784=DIRECTION('center_axis',(0.,0.,1.));
#3785=DIRECTION('ref_axis',(-0.984453590990595,0.175644889438097,0.));
#3786=DIRECTION('center_axis',(0.,0.,1.));
#3787=DIRECTION('ref_axis',(-0.323599272925118,-0.946194224545011,0.));
#3788=DIRECTION('center_axis',(0.,0.,1.));
#3789=DIRECTION('ref_axis',(0.690391102751932,-0.723436331159122,0.));
#3790=DIRECTION('center_axis',(0.,0.,1.));
#3791=DIRECTION('ref_axis',(-0.254884762135991,-0.966971435995335,0.));
#3792=DIRECTION('center_axis',(0.,0.,1.));
#3793=DIRECTION('ref_axis',(-0.999810251885059,0.0194797388466578,0.));
#3794=DIRECTION('center_axis',(0.,0.,1.));
#3795=DIRECTION('ref_axis',(-0.171598160111453,-0.98516702718187,0.));
#3796=DIRECTION('center_axis',(0.,0.,1.));
#3797=DIRECTION('ref_axis',(0.795061513225423,-0.606528804087408,0.));
#3798=DIRECTION('center_axis',(0.,0.,1.));
#3799=DIRECTION('ref_axis',(-0.100478708163188,-0.994939208799139,0.));
#3800=DIRECTION('center_axis',(0.,0.,1.));
#3801=DIRECTION('ref_axis',(-0.990548229529117,-0.137164882447118,0.));
#3802=DIRECTION('center_axis',(0.,0.,1.));
#3803=DIRECTION('ref_axis',(-0.0153710919589462,-0.999881857787204,0.));
#3804=DIRECTION('center_axis',(0.,0.,1.));
#3805=DIRECTION('ref_axis',(0.880155011618217,-0.474686375961368,0.));
#3806=DIRECTION('center_axis',(0.,0.,1.));
#3807=DIRECTION('ref_axis',(0.0564004093480516,-0.998408230046894,0.));
#3808=DIRECTION('center_axis',(0.,0.,1.));
#3809=DIRECTION('ref_axis',(-0.956895612335911,-0.290432069669109,0.));
#3810=DIRECTION('center_axis',(0.,0.,1.));
#3811=DIRECTION('ref_axis',(0.141234465093783,-0.989976174394956,0.));
#3812=DIRECTION('center_axis',(0.,0.,1.));
#3813=DIRECTION('ref_axis',(0.943576156017849,-0.331155609637794,0.));
#3814=DIRECTION('center_axis',(0.,0.,1.));
#3815=DIRECTION('ref_axis',(0.211891818336406,-0.97729312763474,0.));
#3816=DIRECTION('center_axis',(0.,0.,1.));
#3817=DIRECTION('ref_axis',(-0.899681129500719,-0.436547666607337,0.));
#3818=DIRECTION('center_axis',(0.,0.,1.));
#3819=DIRECTION('ref_axis',(0.294361718678542,-0.95569408210819,0.));
#3820=DIRECTION('center_axis',(0.,0.,1.));
#3821=DIRECTION('ref_axis',(0.98376335424339,-0.179470506902369,0.));
#3822=DIRECTION('center_axis',(0.,0.,1.));
#3823=DIRECTION('ref_axis',(0.362164861010377,-0.932114056030341,0.));
#3824=DIRECTION('center_axis',(0.,0.,1.));
#3825=DIRECTION('ref_axis',(-0.820313289565769,-0.571914422760772,0.));
#3826=DIRECTION('center_axis',(0.,0.,1.));
#3827=DIRECTION('ref_axis',(0.440240885173093,-0.897879704092932,0.));
#3828=DIRECTION('center_axis',(0.,0.,1.));
#3829=DIRECTION('ref_axis',(0.999726965606079,-0.0233665196394747,0.));
#3830=DIRECTION('center_axis',(0.,0.,1.));
#3831=DIRECTION('ref_axis',(0.503521034611966,-0.863982967252998,0.));
#3832=DIRECTION('center_axis',(0.,0.,1.));
#3833=DIRECTION('ref_axis',(-0.72074689556679,-0.693198321211783,0.));
#3834=DIRECTION('center_axis',(0.,0.,1.));
#3835=DIRECTION('ref_axis',(0.575280844710954,-0.817955958293997,0.));
#3836=DIRECTION('center_axis',(0.,0.,1.));
#3837=DIRECTION('ref_axis',(0.991073987679396,0.133312981158099,0.));
#3838=DIRECTION('center_axis',(0.,0.,1.));
#3839=DIRECTION('ref_axis',(0.632478538850117,-0.774577883685057,0.));
#3840=DIRECTION('center_axis',(0.,0.,1.));
#3841=DIRECTION('ref_axis',(-0.603433010837499,-0.797413695287203,0.));
#3842=DIRECTION('center_axis',(0.,0.,1.));
#3843=DIRECTION('ref_axis',(0.696154238668313,-0.717892245385156,0.));
#3844=DIRECTION('center_axis',(0.,0.,1.));
#3845=DIRECTION('ref_axis',(0.958017583227153,0.286709452630369,0.));
#3846=DIRECTION('center_axis',(0.,0.,1.));
#3847=DIRECTION('ref_axis',(0.74586281186592,-0.666099591559297,0.));
#3848=DIRECTION('center_axis',(0.,0.,1.));
#3849=DIRECTION('ref_axis',(-0.471261089824791,-0.881993755769932,0.));
#3850=DIRECTION('center_axis',(0.,0.,1.));
#3851=DIRECTION('ref_axis',(0.799886140478339,-0.6001517826939,0.));
#3852=DIRECTION('center_axis',(0.,0.,1.));
#3853=DIRECTION('ref_axis',(0.901371456245072,0.43304676175517,0.));
#3854=DIRECTION('center_axis',(0.,0.,1.));
#3855=DIRECTION('ref_axis',(0.840880915573511,-0.541220182388143,0.));
#3856=DIRECTION('center_axis',(0.,0.,1.));
#3857=DIRECTION('ref_axis',(-0.327484798457837,-0.944856447709931,0.));
#3858=DIRECTION('center_axis',(0.,0.,1.));
#3859=DIRECTION('ref_axis',(0.883923051849668,-0.467632375278669,0.));
#3860=DIRECTION('center_axis',(0.,0.,1.));
#3861=DIRECTION('ref_axis',(0.822530762923356,0.568720620379393,0.));
#3862=DIRECTION('center_axis',(0.,0.,1.));
#3863=DIRECTION('ref_axis',(0.915193887264803,-0.403013831912925,0.));
#3864=DIRECTION('center_axis',(0.,0.,1.));
#3865=DIRECTION('ref_axis',(-0.175644889438097,-0.984453590990595,0.));
#3866=DIRECTION('center_axis',(0.,0.,1.));
#3867=DIRECTION('ref_axis',(0.946194224545011,-0.323599272925119,0.));
#3868=DIRECTION('center_axis',(0.,0.,1.));
#3869=DIRECTION('ref_axis',(0.723436331159122,0.690391102751932,0.));
#3870=DIRECTION('center_axis',(0.,0.,1.));
#3871=DIRECTION('ref_axis',(0.966971435995334,-0.254884762135992,0.));
#3872=DIRECTION('center_axis',(0.,0.,1.));
#3873=DIRECTION('ref_axis',(-0.0194797388466563,-0.999810251885059,0.));
#3874=DIRECTION('center_axis',(0.,0.,1.));
#3875=DIRECTION('ref_axis',(0.98516702718187,-0.171598160111455,0.));
#3876=DIRECTION('center_axis',(0.,0.,1.));
#3877=DIRECTION('ref_axis',(0.606528804087407,0.795061513225423,0.));
#3878=DIRECTION('center_axis',(0.,0.,1.));
#3879=DIRECTION('ref_axis',(0.994939208799139,-0.100478708163188,0.));
#3880=DIRECTION('center_axis',(0.,0.,1.));
#3881=DIRECTION('ref_axis',(0.137164882447118,-0.990548229529117,0.));
#3882=DIRECTION('center_axis',(0.,0.,1.));
#3883=DIRECTION('ref_axis',(0.999881857787204,-0.0153710919589462,0.));
#3884=DIRECTION('center_axis',(0.,0.,1.));
#3885=DIRECTION('ref_axis',(0.474686375961368,0.880155011618216,0.));
#3886=DIRECTION('center_axis',(0.,0.,1.));
#3887=DIRECTION('ref_axis',(0.998408230046895,0.0564004093480403,0.));
#3888=DIRECTION('center_axis',(0.,0.,1.));
#3889=DIRECTION('ref_axis',(0.290432069669109,-0.956895612335911,0.));
#3890=DIRECTION('center_axis',(0.,0.,1.));
#3891=DIRECTION('ref_axis',(0.989976174394956,0.141234465093785,0.));
#3892=DIRECTION('center_axis',(0.,0.,1.));
#3893=DIRECTION('ref_axis',(0.331155609637792,0.94357615601785,0.));
#3894=DIRECTION('center_axis',(0.,0.,1.));
#3895=DIRECTION('ref_axis',(0.977293127634738,0.211891818336414,0.));
#3896=DIRECTION('center_axis',(0.,0.,1.));
#3897=DIRECTION('ref_axis',(0.436547666607337,-0.899681129500719,0.));
#3898=DIRECTION('center_axis',(0.,0.,1.));
#3899=DIRECTION('ref_axis',(0.955694082108191,0.294361718678539,0.));
#3900=DIRECTION('center_axis',(0.,0.,1.));
#3901=DIRECTION('ref_axis',(0.179470506902369,0.98376335424339,0.));
#3902=DIRECTION('center_axis',(0.,0.,1.));
#3903=DIRECTION('ref_axis',(0.93211405603034,0.362164861010381,0.));
#3904=DIRECTION('center_axis',(0.,0.,1.));
#3905=DIRECTION('ref_axis',(0.571914422760773,-0.820313289565768,0.));
#3906=DIRECTION('center_axis',(0.,0.,1.));
#3907=DIRECTION('ref_axis',(0.897879704092929,0.4402408851731,0.));
#3908=DIRECTION('center_axis',(0.,0.,1.));
#3909=DIRECTION('ref_axis',(0.0233665196394707,0.999726965606079,0.));
#3910=DIRECTION('center_axis',(0.,0.,1.));
#3911=DIRECTION('ref_axis',(0.863982967253004,0.503521034611957,0.));
#3912=DIRECTION('center_axis',(0.,0.,1.));
#3913=DIRECTION('ref_axis',(0.693198321211783,-0.72074689556679,0.));
#3914=DIRECTION('center_axis',(0.,0.,1.));
#3915=DIRECTION('ref_axis',(0.817955958294001,0.575280844710949,0.));
#3916=DIRECTION('center_axis',(0.,0.,1.));
#3917=DIRECTION('ref_axis',(-0.133312981158098,0.991073987679396,0.));
#3918=DIRECTION('center_axis',(0.,0.,1.));
#3919=DIRECTION('ref_axis',(0.774577883685055,0.632478538850119,0.));
#3920=DIRECTION('center_axis',(0.,0.,1.));
#3921=DIRECTION('ref_axis',(0.797413695287203,-0.603433010837498,0.));
#3922=DIRECTION('center_axis',(0.,0.,1.));
#3923=DIRECTION('ref_axis',(0.717892245385156,0.696154238668313,0.));
#3924=DIRECTION('center_axis',(0.,0.,1.));
#3925=DIRECTION('ref_axis',(-0.286709452630369,0.958017583227153,0.));
#3926=DIRECTION('center_axis',(0.,0.,1.));
#3927=DIRECTION('ref_axis',(0.666099591559302,0.745862811865916,0.));
#3928=DIRECTION('center_axis',(0.,0.,1.));
#3929=DIRECTION('ref_axis',(0.881993755769932,-0.471261089824791,0.));
#3930=DIRECTION('center_axis',(0.,0.,1.));
#3931=DIRECTION('ref_axis',(0.600151782693908,0.799886140478334,0.));
#3932=DIRECTION('center_axis',(0.,0.,1.));
#3933=DIRECTION('ref_axis',(-0.43304676175517,0.901371456245072,0.));
#3934=DIRECTION('center_axis',(0.,0.,1.));
#3935=DIRECTION('ref_axis',(0.541220182388144,0.84088091557351,0.));
#3936=DIRECTION('center_axis',(0.,0.,1.));
#3937=DIRECTION('ref_axis',(0.944856447709931,-0.327484798457837,0.));
#3938=DIRECTION('center_axis',(0.,0.,1.));
#3939=DIRECTION('ref_axis',(0.467632375278672,0.883923051849666,0.));
#3940=DIRECTION('center_axis',(0.,0.,1.));
#3941=DIRECTION('ref_axis',(-0.568720620379394,0.822530762923355,0.));
#3942=DIRECTION('center_axis',(0.,0.,1.));
#3943=DIRECTION('ref_axis',(0.403013831912933,0.9151938872648,0.));
#3944=DIRECTION('center_axis',(0.,0.,1.));
#3945=DIRECTION('ref_axis',(0.984453590990595,-0.175644889438097,0.));
#3946=DIRECTION('center_axis',(0.,0.,1.));
#3947=DIRECTION('ref_axis',(0.323599272925121,0.94619422454501,0.));
#3948=DIRECTION('center_axis',(0.,0.,1.));
#3949=DIRECTION('ref_axis',(-0.690391102751932,0.723436331159123,0.));
#3950=DIRECTION('center_axis',(0.,0.,1.));
#3951=DIRECTION('ref_axis',(1.,0.,0.));
#3952=DIRECTION('center_axis',(0.,0.,-1.));
#3953=DIRECTION('ref_axis',(1.,0.,0.));
#3954=DIRECTION('center_axis',(0.,0.,1.));
#3955=DIRECTION('ref_axis',(0.254884762135988,0.966971435995335,0.));
#3956=DIRECTION('',(0.,0.,1.));
#3957=DIRECTION('center_axis',(0.,0.,-1.));
#3958=DIRECTION('ref_axis',(0.254884762135988,0.966971435995335,0.));
#3959=DIRECTION('',(0.,0.,1.));
#3960=DIRECTION('center_axis',(0.,0.,1.));
#3961=DIRECTION('ref_axis',(0.999810251885059,-0.0194797388466572,0.));
#3962=DIRECTION('center_axis',(0.,0.,-1.));
#3963=DIRECTION('ref_axis',(0.999810251885059,-0.0194797388466572,0.));
#3964=DIRECTION('',(0.,0.,1.));
#3965=DIRECTION('center_axis',(0.,0.,1.));
#3966=DIRECTION('ref_axis',(0.17159816011146,0.985167027181869,0.));
#3967=DIRECTION('center_axis',(0.,0.,-1.));
#3968=DIRECTION('ref_axis',(0.17159816011146,0.985167027181869,0.));
#3969=DIRECTION('',(0.,0.,1.));
#3970=DIRECTION('center_axis',(0.,0.,1.));
#3971=DIRECTION('ref_axis',(-0.795061513225424,0.606528804087406,0.));
#3972=DIRECTION('center_axis',(0.,0.,-1.));
#3973=DIRECTION('ref_axis',(-0.795061513225424,0.606528804087406,0.));
#3974=DIRECTION('',(0.,0.,1.));
#3975=DIRECTION('center_axis',(0.,0.,1.));
#3976=DIRECTION('ref_axis',(0.100478708163196,0.994939208799138,0.));
#3977=DIRECTION('center_axis',(0.,0.,-1.));
#3978=DIRECTION('ref_axis',(0.100478708163196,0.994939208799138,0.));
#3979=DIRECTION('',(0.,0.,1.));
#3980=DIRECTION('center_axis',(0.,0.,1.));
#3981=DIRECTION('ref_axis',(0.990548229529117,0.137164882447117,0.));
#3982=DIRECTION('center_axis',(0.,0.,-1.));
#3983=DIRECTION('ref_axis',(0.990548229529117,0.137164882447117,0.));
#3984=DIRECTION('',(0.,0.,1.));
#3985=DIRECTION('center_axis',(0.,0.,1.));
#3986=DIRECTION('ref_axis',(0.0153710919589461,0.999881857787204,0.));
#3987=DIRECTION('center_axis',(0.,0.,-1.));
#3988=DIRECTION('ref_axis',(0.0153710919589461,0.999881857787204,0.));
#3989=DIRECTION('',(0.,0.,1.));
#3990=DIRECTION('center_axis',(0.,0.,1.));
#3991=DIRECTION('ref_axis',(-0.880155011618216,0.474686375961368,0.));
#3992=DIRECTION('center_axis',(0.,0.,-1.));
#3993=DIRECTION('ref_axis',(-0.880155011618216,0.474686375961368,0.));
#3994=DIRECTION('',(0.,0.,1.));
#3995=DIRECTION('center_axis',(0.,0.,1.));
#3996=DIRECTION('ref_axis',(-0.0564004093480399,0.998408230046895,0.));
#3997=DIRECTION('center_axis',(0.,0.,-1.));
#3998=DIRECTION('ref_axis',(-0.0564004093480399,0.998408230046895,0.));
#3999=DIRECTION('',(0.,0.,1.));
#4000=DIRECTION('center_axis',(0.,0.,1.));
#4001=DIRECTION('ref_axis',(0.956895612335911,0.290432069669109,0.));
#4002=DIRECTION('center_axis',(0.,0.,-1.));
#4003=DIRECTION('ref_axis',(0.956895612335911,0.290432069669109,0.));
#4004=DIRECTION('',(0.,0.,1.));
#4005=DIRECTION('center_axis',(0.,0.,1.));
#4006=DIRECTION('ref_axis',(-0.141234465093789,0.989976174394955,0.));
#4007=DIRECTION('center_axis',(0.,0.,-1.));
#4008=DIRECTION('ref_axis',(-0.141234465093789,0.989976174394955,0.));
#4009=DIRECTION('',(0.,0.,1.));
#4010=DIRECTION('center_axis',(0.,0.,1.));
#4011=DIRECTION('ref_axis',(-0.94357615601785,0.331155609637792,0.));
#4012=DIRECTION('center_axis',(0.,0.,-1.));
#4013=DIRECTION('ref_axis',(-0.94357615601785,0.331155609637792,0.));
#4014=DIRECTION('',(0.,0.,1.));
#4015=DIRECTION('center_axis',(0.,0.,1.));
#4016=DIRECTION('ref_axis',(-0.211891818336418,0.977293127634737,0.));
#4017=DIRECTION('center_axis',(0.,0.,-1.));
#4018=DIRECTION('ref_axis',(-0.211891818336418,0.977293127634737,0.));
#4019=DIRECTION('',(0.,0.,1.));
#4020=DIRECTION('center_axis',(0.,0.,1.));
#4021=DIRECTION('ref_axis',(0.899681129500719,0.436547666607337,0.));
#4022=DIRECTION('center_axis',(0.,0.,-1.));
#4023=DIRECTION('ref_axis',(0.899681129500719,0.436547666607337,0.));
#4024=DIRECTION('',(0.,0.,1.));
#4025=DIRECTION('center_axis',(0.,0.,1.));
#4026=DIRECTION('ref_axis',(-0.294361718678538,0.955694082108191,0.));
#4027=DIRECTION('center_axis',(0.,0.,-1.));
#4028=DIRECTION('ref_axis',(-0.294361718678538,0.955694082108191,0.));
#4029=DIRECTION('',(0.,0.,1.));
#4030=DIRECTION('center_axis',(0.,0.,1.));
#4031=DIRECTION('ref_axis',(-0.98376335424339,0.17947050690237,0.));
#4032=DIRECTION('center_axis',(0.,0.,-1.));
#4033=DIRECTION('ref_axis',(-0.98376335424339,0.17947050690237,0.));
#4034=DIRECTION('',(0.,0.,1.));
#4035=DIRECTION('center_axis',(0.,0.,1.));
#4036=DIRECTION('ref_axis',(-0.362164861010391,0.932114056030336,0.));
#4037=DIRECTION('center_axis',(0.,0.,-1.));
#4038=DIRECTION('ref_axis',(-0.362164861010391,0.932114056030336,0.));
#4039=DIRECTION('',(0.,0.,1.));
#4040=DIRECTION('center_axis',(0.,0.,1.));
#4041=DIRECTION('ref_axis',(0.820313289565768,0.571914422760773,0.));
#4042=DIRECTION('center_axis',(0.,0.,-1.));
#4043=DIRECTION('ref_axis',(0.820313289565768,0.571914422760773,0.));
#4044=DIRECTION('',(0.,0.,1.));
#4045=DIRECTION('center_axis',(0.,0.,1.));
#4046=DIRECTION('ref_axis',(-0.440240885173104,0.897879704092927,0.));
#4047=DIRECTION('center_axis',(0.,0.,-1.));
#4048=DIRECTION('ref_axis',(-0.440240885173104,0.897879704092927,0.));
#4049=DIRECTION('',(0.,0.,1.));
#4050=DIRECTION('center_axis',(0.,0.,1.));
#4051=DIRECTION('ref_axis',(-0.999726965606079,0.0233665196394747,0.));
#4052=DIRECTION('center_axis',(0.,0.,-1.));
#4053=DIRECTION('ref_axis',(-0.999726965606079,0.0233665196394747,0.));
#4054=DIRECTION('',(0.,0.,1.));
#4055=DIRECTION('center_axis',(0.,0.,1.));
#4056=DIRECTION('ref_axis',(-0.50352103461196,0.863982967253002,0.));
#4057=DIRECTION('center_axis',(0.,0.,-1.));
#4058=DIRECTION('ref_axis',(-0.50352103461196,0.863982967253002,0.));
#4059=DIRECTION('',(0.,0.,1.));
#4060=DIRECTION('center_axis',(0.,0.,1.));
#4061=DIRECTION('ref_axis',(0.72074689556679,0.693198321211783,0.));
#4062=DIRECTION('center_axis',(0.,0.,-1.));
#4063=DIRECTION('ref_axis',(0.72074689556679,0.693198321211783,0.));
#4064=DIRECTION('',(0.,0.,1.));
#4065=DIRECTION('center_axis',(0.,0.,1.));
#4066=DIRECTION('ref_axis',(-0.575280844710946,0.817955958294003,0.));
#4067=DIRECTION('center_axis',(0.,0.,-1.));
#4068=DIRECTION('ref_axis',(-0.575280844710946,0.817955958294003,0.));
#4069=DIRECTION('',(0.,0.,1.));
#4070=DIRECTION('center_axis',(0.,0.,1.));
#4071=DIRECTION('ref_axis',(-0.991073987679396,-0.133312981158099,0.));
#4072=DIRECTION('center_axis',(0.,0.,-1.));
#4073=DIRECTION('ref_axis',(-0.991073987679396,-0.133312981158099,0.));
#4074=DIRECTION('',(0.,0.,1.));
#4075=DIRECTION('center_axis',(0.,0.,1.));
#4076=DIRECTION('ref_axis',(-0.632478538850122,0.774577883685053,0.));
#4077=DIRECTION('center_axis',(0.,0.,-1.));
#4078=DIRECTION('ref_axis',(-0.632478538850122,0.774577883685053,0.));
#4079=DIRECTION('',(0.,0.,1.));
#4080=DIRECTION('center_axis',(0.,0.,1.));
#4081=DIRECTION('ref_axis',(0.603433010837498,0.797413695287203,0.));
#4082=DIRECTION('center_axis',(0.,0.,-1.));
#4083=DIRECTION('ref_axis',(0.603433010837498,0.797413695287203,0.));
#4084=DIRECTION('',(0.,0.,1.));
#4085=DIRECTION('center_axis',(0.,0.,1.));
#4086=DIRECTION('ref_axis',(-0.696154238668323,0.717892245385147,0.));
#4087=DIRECTION('center_axis',(0.,0.,-1.));
#4088=DIRECTION('ref_axis',(-0.696154238668323,0.717892245385147,0.));
#4089=DIRECTION('',(0.,0.,1.));
#4090=DIRECTION('center_axis',(0.,0.,1.));
#4091=DIRECTION('ref_axis',(-0.958017583227153,-0.286709452630366,0.));
#4092=DIRECTION('center_axis',(0.,0.,-1.));
#4093=DIRECTION('ref_axis',(-0.958017583227153,-0.286709452630366,0.));
#4094=DIRECTION('',(0.,0.,1.));
#4095=DIRECTION('center_axis',(0.,0.,1.));
#4096=DIRECTION('ref_axis',(-0.745862811865922,0.666099591559295,0.));
#4097=DIRECTION('center_axis',(0.,0.,-1.));
#4098=DIRECTION('ref_axis',(-0.745862811865922,0.666099591559295,0.));
#4099=DIRECTION('',(0.,0.,1.));
#4100=DIRECTION('center_axis',(0.,0.,1.));
#4101=DIRECTION('ref_axis',(0.471261089824789,0.881993755769933,0.));
#4102=DIRECTION('center_axis',(0.,0.,-1.));
#4103=DIRECTION('ref_axis',(0.471261089824789,0.881993755769933,0.));
#4104=DIRECTION('',(0.,0.,1.));
#4105=DIRECTION('center_axis',(0.,0.,1.));
#4106=DIRECTION('ref_axis',(-0.799886140478331,0.600151782693912,0.));
#4107=DIRECTION('center_axis',(0.,0.,-1.));
#4108=DIRECTION('ref_axis',(-0.799886140478331,0.600151782693912,0.));
#4109=DIRECTION('',(0.,0.,1.));
#4110=DIRECTION('center_axis',(0.,0.,1.));
#4111=DIRECTION('ref_axis',(-0.901371456245072,-0.433046761755169,0.));
#4112=DIRECTION('center_axis',(0.,0.,-1.));
#4113=DIRECTION('ref_axis',(-0.901371456245072,-0.433046761755169,0.));
#4114=DIRECTION('',(0.,0.,1.));
#4115=DIRECTION('center_axis',(0.,0.,1.));
#4116=DIRECTION('ref_axis',(-0.840880915573506,0.54122018238815,0.));
#4117=DIRECTION('center_axis',(0.,0.,-1.));
#4118=DIRECTION('ref_axis',(-0.840880915573506,0.54122018238815,0.));
#4119=DIRECTION('',(0.,0.,1.));
#4120=DIRECTION('center_axis',(0.,0.,1.));
#4121=DIRECTION('ref_axis',(0.327484798457837,0.944856447709931,0.));
#4122=DIRECTION('center_axis',(0.,0.,-1.));
#4123=DIRECTION('ref_axis',(0.327484798457837,0.944856447709931,0.));
#4124=DIRECTION('',(0.,0.,1.));
#4125=DIRECTION('center_axis',(0.,0.,1.));
#4126=DIRECTION('ref_axis',(-0.883923051849672,0.467632375278662,0.));
#4127=DIRECTION('center_axis',(0.,0.,-1.));
#4128=DIRECTION('ref_axis',(-0.883923051849672,0.467632375278662,0.));
#4129=DIRECTION('',(0.,0.,1.));
#4130=DIRECTION('center_axis',(0.,0.,1.));
#4131=DIRECTION('ref_axis',(-0.822530762923357,-0.568720620379392,0.));
#4132=DIRECTION('center_axis',(0.,0.,-1.));
#4133=DIRECTION('ref_axis',(-0.822530762923357,-0.568720620379392,0.));
#4134=DIRECTION('',(0.,0.,1.));
#4135=DIRECTION('center_axis',(0.,0.,1.));
#4136=DIRECTION('ref_axis',(-0.915193887264805,0.403013831912921,0.));
#4137=DIRECTION('center_axis',(0.,0.,-1.));
#4138=DIRECTION('ref_axis',(-0.915193887264805,0.403013831912921,0.));
#4139=DIRECTION('',(0.,0.,1.));
#4140=DIRECTION('center_axis',(0.,0.,1.));
#4141=DIRECTION('ref_axis',(0.175644889438097,0.984453590990595,0.));
#4142=DIRECTION('center_axis',(0.,0.,-1.));
#4143=DIRECTION('ref_axis',(0.175644889438097,0.984453590990595,0.));
#4144=DIRECTION('',(0.,0.,1.));
#4145=DIRECTION('center_axis',(0.,0.,1.));
#4146=DIRECTION('ref_axis',(-0.946194224545012,0.323599272925115,0.));
#4147=DIRECTION('center_axis',(0.,0.,-1.));
#4148=DIRECTION('ref_axis',(-0.946194224545012,0.323599272925115,0.));
#4149=DIRECTION('',(0.,0.,1.));
#4150=DIRECTION('center_axis',(0.,0.,1.));
#4151=DIRECTION('ref_axis',(-0.723436331159122,-0.690391102751933,0.));
#4152=DIRECTION('center_axis',(0.,0.,-1.));
#4153=DIRECTION('ref_axis',(-0.723436331159122,-0.690391102751933,0.));
#4154=DIRECTION('',(0.,0.,1.));
#4155=DIRECTION('center_axis',(0.,0.,1.));
#4156=DIRECTION('ref_axis',(-0.966971435995335,0.254884762135989,0.));
#4157=DIRECTION('center_axis',(0.,0.,-1.));
#4158=DIRECTION('ref_axis',(-0.966971435995335,0.254884762135989,0.));
#4159=DIRECTION('',(0.,0.,1.));
#4160=DIRECTION('center_axis',(0.,0.,1.));
#4161=DIRECTION('ref_axis',(0.0194797388466578,0.999810251885059,0.));
#4162=DIRECTION('center_axis',(0.,0.,-1.));
#4163=DIRECTION('ref_axis',(0.0194797388466578,0.999810251885059,0.));
#4164=DIRECTION('',(0.,0.,1.));
#4165=DIRECTION('center_axis',(0.,0.,1.));
#4166=DIRECTION('ref_axis',(-0.985167027181869,0.171598160111461,0.));
#4167=DIRECTION('center_axis',(0.,0.,-1.));
#4168=DIRECTION('ref_axis',(-0.985167027181869,0.171598160111461,0.));
#4169=DIRECTION('',(0.,0.,1.));
#4170=DIRECTION('center_axis',(0.,0.,1.));
#4171=DIRECTION('ref_axis',(-0.606528804087408,-0.795061513225422,0.));
#4172=DIRECTION('center_axis',(0.,0.,-1.));
#4173=DIRECTION('ref_axis',(-0.606528804087408,-0.795061513225422,0.));
#4174=DIRECTION('',(0.,0.,1.));
#4175=DIRECTION('center_axis',(0.,0.,1.));
#4176=DIRECTION('ref_axis',(-0.994939208799138,0.100478708163195,0.));
#4177=DIRECTION('center_axis',(0.,0.,-1.));
#4178=DIRECTION('ref_axis',(-0.994939208799138,0.100478708163195,0.));
#4179=DIRECTION('',(0.,0.,1.));
#4180=DIRECTION('center_axis',(0.,0.,1.));
#4181=DIRECTION('ref_axis',(-0.137164882447117,0.990548229529117,0.));
#4182=DIRECTION('center_axis',(0.,0.,-1.));
#4183=DIRECTION('ref_axis',(-0.137164882447117,0.990548229529117,0.));
#4184=DIRECTION('',(0.,0.,1.));
#4185=DIRECTION('center_axis',(0.,0.,1.));
#4186=DIRECTION('ref_axis',(-0.999881857787204,0.0153710919589462,0.));
#4187=DIRECTION('center_axis',(0.,0.,-1.));
#4188=DIRECTION('ref_axis',(-0.999881857787204,0.0153710919589462,0.));
#4189=DIRECTION('',(0.,0.,1.));
#4190=DIRECTION('center_axis',(0.,0.,1.));
#4191=DIRECTION('ref_axis',(-0.474686375961368,-0.880155011618217,0.));
#4192=DIRECTION('center_axis',(0.,0.,-1.));
#4193=DIRECTION('ref_axis',(-0.474686375961368,-0.880155011618217,0.));
#4194=DIRECTION('',(0.,0.,1.));
#4195=DIRECTION('center_axis',(0.,0.,1.));
#4196=DIRECTION('ref_axis',(-0.998408230046895,-0.0564004093480436,0.));
#4197=DIRECTION('center_axis',(0.,0.,-1.));
#4198=DIRECTION('ref_axis',(-0.998408230046895,-0.0564004093480436,0.));
#4199=DIRECTION('',(0.,0.,1.));
#4200=DIRECTION('center_axis',(0.,0.,1.));
#4201=DIRECTION('ref_axis',(-0.290432069669109,0.956895612335911,0.));
#4202=DIRECTION('center_axis',(0.,0.,-1.));
#4203=DIRECTION('ref_axis',(-0.290432069669109,0.956895612335911,0.));
#4204=DIRECTION('',(0.,0.,1.));
#4205=DIRECTION('center_axis',(0.,0.,1.));
#4206=DIRECTION('ref_axis',(-0.989976174394955,-0.14123446509379,0.));
#4207=DIRECTION('center_axis',(0.,0.,-1.));
#4208=DIRECTION('ref_axis',(-0.989976174394955,-0.14123446509379,0.));
#4209=DIRECTION('',(0.,0.,1.));
#4210=DIRECTION('center_axis',(0.,0.,1.));
#4211=DIRECTION('ref_axis',(-0.331155609637793,-0.94357615601785,0.));
#4212=DIRECTION('center_axis',(0.,0.,-1.));
#4213=DIRECTION('ref_axis',(-0.331155609637793,-0.94357615601785,0.));
#4214=DIRECTION('',(0.,0.,1.));
#4215=DIRECTION('center_axis',(0.,0.,1.));
#4216=DIRECTION('ref_axis',(-0.97729312763474,-0.211891818336405,0.));
#4217=DIRECTION('center_axis',(0.,0.,-1.));
#4218=DIRECTION('ref_axis',(-0.97729312763474,-0.211891818336405,0.));
#4219=DIRECTION('',(0.,0.,1.));
#4220=DIRECTION('center_axis',(0.,0.,1.));
#4221=DIRECTION('ref_axis',(-0.436547666607338,0.899681129500718,0.));
#4222=DIRECTION('center_axis',(0.,0.,-1.));
#4223=DIRECTION('ref_axis',(-0.436547666607338,0.899681129500718,0.));
#4224=DIRECTION('',(0.,0.,1.));
#4225=DIRECTION('center_axis',(0.,0.,1.));
#4226=DIRECTION('ref_axis',(-0.955694082108191,-0.294361718678539,0.));
#4227=DIRECTION('center_axis',(0.,0.,-1.));
#4228=DIRECTION('ref_axis',(-0.955694082108191,-0.294361718678539,0.));
#4229=DIRECTION('',(0.,0.,1.));
#4230=DIRECTION('center_axis',(0.,0.,1.));
#4231=DIRECTION('ref_axis',(-0.17947050690237,-0.98376335424339,0.));
#4232=DIRECTION('center_axis',(0.,0.,-1.));
#4233=DIRECTION('ref_axis',(-0.17947050690237,-0.98376335424339,0.));
#4234=DIRECTION('',(0.,0.,1.));
#4235=DIRECTION('center_axis',(0.,0.,1.));
#4236=DIRECTION('ref_axis',(-0.932114056030338,-0.362164861010387,0.));
#4237=DIRECTION('center_axis',(0.,0.,-1.));
#4238=DIRECTION('ref_axis',(-0.932114056030338,-0.362164861010387,0.));
#4239=DIRECTION('',(0.,0.,1.));
#4240=DIRECTION('center_axis',(0.,0.,1.));
#4241=DIRECTION('ref_axis',(-0.571914422760773,0.820313289565768,0.));
#4242=DIRECTION('center_axis',(0.,0.,-1.));
#4243=DIRECTION('ref_axis',(-0.571914422760773,0.820313289565768,0.));
#4244=DIRECTION('',(0.,0.,1.));
#4245=DIRECTION('center_axis',(0.,0.,1.));
#4246=DIRECTION('ref_axis',(-0.897879704092934,-0.440240885173089,0.));
#4247=DIRECTION('center_axis',(0.,0.,-1.));
#4248=DIRECTION('ref_axis',(-0.897879704092934,-0.440240885173089,0.));
#4249=DIRECTION('',(0.,0.,1.));
#4250=DIRECTION('center_axis',(0.,0.,1.));
#4251=DIRECTION('ref_axis',(-0.0233665196394747,-0.999726965606079,0.));
#4252=DIRECTION('center_axis',(0.,0.,-1.));
#4253=DIRECTION('ref_axis',(-0.0233665196394747,-0.999726965606079,0.));
#4254=DIRECTION('',(0.,0.,1.));
#4255=DIRECTION('center_axis',(0.,0.,1.));
#4256=DIRECTION('ref_axis',(-0.863982967253001,-0.503521034611961,0.));
#4257=DIRECTION('center_axis',(0.,0.,-1.));
#4258=DIRECTION('ref_axis',(-0.863982967253001,-0.503521034611961,0.));
#4259=DIRECTION('',(0.,0.,1.));
#4260=DIRECTION('center_axis',(0.,0.,1.));
#4261=DIRECTION('ref_axis',(-0.693198321211784,0.720746895566789,0.));
#4262=DIRECTION('center_axis',(0.,0.,-1.));
#4263=DIRECTION('ref_axis',(-0.693198321211784,0.720746895566789,0.));
#4264=DIRECTION('',(0.,0.,1.));
#4265=DIRECTION('center_axis',(0.,0.,1.));
#4266=DIRECTION('ref_axis',(-0.817955958293993,-0.575280844710959,0.));
#4267=DIRECTION('center_axis',(0.,0.,-1.));
#4268=DIRECTION('ref_axis',(-0.817955958293993,-0.575280844710959,0.));
#4269=DIRECTION('',(0.,0.,1.));
#4270=DIRECTION('center_axis',(0.,0.,1.));
#4271=DIRECTION('ref_axis',(0.133312981158099,-0.991073987679396,0.));
#4272=DIRECTION('center_axis',(0.,0.,-1.));
#4273=DIRECTION('ref_axis',(0.133312981158099,-0.991073987679396,0.));
#4274=DIRECTION('',(0.,0.,1.));
#4275=DIRECTION('center_axis',(0.,0.,1.));
#4276=DIRECTION('ref_axis',(-0.774577883685059,-0.632478538850114,0.));
#4277=DIRECTION('center_axis',(0.,0.,-1.));
#4278=DIRECTION('ref_axis',(-0.774577883685059,-0.632478538850114,0.));
#4279=DIRECTION('',(0.,0.,1.));
#4280=DIRECTION('center_axis',(0.,0.,1.));
#4281=DIRECTION('ref_axis',(-0.797413695287202,0.603433010837499,0.));
#4282=DIRECTION('center_axis',(0.,0.,-1.));
#4283=DIRECTION('ref_axis',(-0.797413695287202,0.603433010837499,0.));
#4284=DIRECTION('',(0.,0.,1.));
#4285=DIRECTION('center_axis',(0.,0.,1.));
#4286=DIRECTION('ref_axis',(-0.717892245385156,-0.696154238668313,0.));
#4287=DIRECTION('center_axis',(0.,0.,-1.));
#4288=DIRECTION('ref_axis',(-0.717892245385156,-0.696154238668313,0.));
#4289=DIRECTION('',(0.,0.,1.));
#4290=DIRECTION('center_axis',(0.,0.,1.));
#4291=DIRECTION('ref_axis',(0.28670945263037,-0.958017583227152,0.));
#4292=DIRECTION('center_axis',(0.,0.,-1.));
#4293=DIRECTION('ref_axis',(0.28670945263037,-0.958017583227152,0.));
#4294=DIRECTION('',(0.,0.,1.));
#4295=DIRECTION('center_axis',(0.,0.,1.));
#4296=DIRECTION('ref_axis',(-0.666099591559302,-0.745862811865916,0.));
#4297=DIRECTION('center_axis',(0.,0.,-1.));
#4298=DIRECTION('ref_axis',(-0.666099591559302,-0.745862811865916,0.));
#4299=DIRECTION('',(0.,0.,1.));
#4300=DIRECTION('center_axis',(0.,0.,1.));
#4301=DIRECTION('ref_axis',(-0.881993755769932,0.471261089824791,0.));
#4302=DIRECTION('center_axis',(0.,0.,-1.));
#4303=DIRECTION('ref_axis',(-0.881993755769932,0.471261089824791,0.));
#4304=DIRECTION('',(0.,0.,1.));
#4305=DIRECTION('center_axis',(0.,0.,1.));
#4306=DIRECTION('ref_axis',(-0.6001517826939,-0.799886140478339,0.));
#4307=DIRECTION('center_axis',(0.,0.,-1.));
#4308=DIRECTION('ref_axis',(-0.6001517826939,-0.799886140478339,0.));
#4309=DIRECTION('',(0.,0.,1.));
#4310=DIRECTION('center_axis',(0.,0.,1.));
#4311=DIRECTION('ref_axis',(0.433046761755166,-0.901371456245073,0.));
#4312=DIRECTION('center_axis',(0.,0.,-1.));
#4313=DIRECTION('ref_axis',(0.433046761755166,-0.901371456245073,0.));
#4314=DIRECTION('',(0.,0.,1.));
#4315=DIRECTION('center_axis',(0.,0.,1.));
#4316=DIRECTION('ref_axis',(-0.54122018238814,-0.840880915573512,0.));
#4317=DIRECTION('center_axis',(0.,0.,-1.));
#4318=DIRECTION('ref_axis',(-0.54122018238814,-0.840880915573512,0.));
#4319=DIRECTION('',(0.,0.,1.));
#4320=DIRECTION('center_axis',(0.,0.,1.));
#4321=DIRECTION('ref_axis',(-0.944856447709931,0.327484798457837,0.));
#4322=DIRECTION('center_axis',(0.,0.,-1.));
#4323=DIRECTION('ref_axis',(-0.944856447709931,0.327484798457837,0.));
#4324=DIRECTION('',(0.,0.,1.));
#4325=DIRECTION('center_axis',(0.,0.,1.));
#4326=DIRECTION('ref_axis',(-0.467632375278665,-0.88392305184967,0.));
#4327=DIRECTION('center_axis',(0.,0.,-1.));
#4328=DIRECTION('ref_axis',(-0.467632375278665,-0.88392305184967,0.));
#4329=DIRECTION('',(0.,0.,1.));
#4330=DIRECTION('center_axis',(0.,0.,1.));
#4331=DIRECTION('ref_axis',(0.568720620379392,-0.822530762923357,0.));
#4332=DIRECTION('center_axis',(0.,0.,-1.));
#4333=DIRECTION('ref_axis',(0.568720620379392,-0.822530762923357,0.));
#4334=DIRECTION('',(0.,0.,1.));
#4335=DIRECTION('center_axis',(0.,0.,1.));
#4336=DIRECTION('ref_axis',(-0.40301383191292,-0.915193887264805,0.));
#4337=DIRECTION('center_axis',(0.,0.,-1.));
#4338=DIRECTION('ref_axis',(-0.40301383191292,-0.915193887264805,0.));
#4339=DIRECTION('',(0.,0.,1.));
#4340=DIRECTION('center_axis',(0.,0.,1.));
#4341=DIRECTION('ref_axis',(-0.984453590990595,0.175644889438097,0.));
#4342=DIRECTION('center_axis',(0.,0.,-1.));
#4343=DIRECTION('ref_axis',(-0.984453590990595,0.175644889438097,0.));
#4344=DIRECTION('',(0.,0.,1.));
#4345=DIRECTION('center_axis',(0.,0.,1.));
#4346=DIRECTION('ref_axis',(-0.323599272925118,-0.946194224545011,0.));
#4347=DIRECTION('center_axis',(0.,0.,-1.));
#4348=DIRECTION('ref_axis',(-0.323599272925118,-0.946194224545011,0.));
#4349=DIRECTION('',(0.,0.,1.));
#4350=DIRECTION('center_axis',(0.,0.,1.));
#4351=DIRECTION('ref_axis',(0.690391102751932,-0.723436331159122,0.));
#4352=DIRECTION('center_axis',(0.,0.,-1.));
#4353=DIRECTION('ref_axis',(0.690391102751932,-0.723436331159122,0.));
#4354=DIRECTION('',(0.,0.,1.));
#4355=DIRECTION('center_axis',(0.,0.,1.));
#4356=DIRECTION('ref_axis',(-0.254884762135991,-0.966971435995335,0.));
#4357=DIRECTION('center_axis',(0.,0.,-1.));
#4358=DIRECTION('ref_axis',(-0.254884762135991,-0.966971435995335,0.));
#4359=DIRECTION('',(0.,0.,1.));
#4360=DIRECTION('center_axis',(0.,0.,1.));
#4361=DIRECTION('ref_axis',(-0.999810251885059,0.0194797388466578,0.));
#4362=DIRECTION('center_axis',(0.,0.,-1.));
#4363=DIRECTION('ref_axis',(-0.999810251885059,0.0194797388466578,0.));
#4364=DIRECTION('',(0.,0.,1.));
#4365=DIRECTION('center_axis',(0.,0.,1.));
#4366=DIRECTION('ref_axis',(-0.171598160111453,-0.98516702718187,0.));
#4367=DIRECTION('center_axis',(0.,0.,-1.));
#4368=DIRECTION('ref_axis',(-0.171598160111453,-0.98516702718187,0.));
#4369=DIRECTION('',(0.,0.,1.));
#4370=DIRECTION('center_axis',(0.,0.,1.));
#4371=DIRECTION('ref_axis',(0.795061513225423,-0.606528804087408,0.));
#4372=DIRECTION('center_axis',(0.,0.,-1.));
#4373=DIRECTION('ref_axis',(0.795061513225423,-0.606528804087408,0.));
#4374=DIRECTION('',(0.,0.,1.));
#4375=DIRECTION('center_axis',(0.,0.,1.));
#4376=DIRECTION('ref_axis',(-0.100478708163188,-0.994939208799139,0.));
#4377=DIRECTION('center_axis',(0.,0.,-1.));
#4378=DIRECTION('ref_axis',(-0.100478708163188,-0.994939208799139,0.));
#4379=DIRECTION('',(0.,0.,1.));
#4380=DIRECTION('center_axis',(0.,0.,1.));
#4381=DIRECTION('ref_axis',(-0.990548229529117,-0.137164882447118,0.));
#4382=DIRECTION('center_axis',(0.,0.,-1.));
#4383=DIRECTION('ref_axis',(-0.990548229529117,-0.137164882447118,0.));
#4384=DIRECTION('',(0.,0.,1.));
#4385=DIRECTION('center_axis',(0.,0.,1.));
#4386=DIRECTION('ref_axis',(-0.0153710919589462,-0.999881857787204,0.));
#4387=DIRECTION('center_axis',(0.,0.,-1.));
#4388=DIRECTION('ref_axis',(-0.0153710919589462,-0.999881857787204,0.));
#4389=DIRECTION('',(0.,0.,1.));
#4390=DIRECTION('center_axis',(0.,0.,1.));
#4391=DIRECTION('ref_axis',(0.880155011618217,-0.474686375961368,0.));
#4392=DIRECTION('center_axis',(0.,0.,-1.));
#4393=DIRECTION('ref_axis',(0.880155011618217,-0.474686375961368,0.));
#4394=DIRECTION('',(0.,0.,1.));
#4395=DIRECTION('center_axis',(0.,0.,1.));
#4396=DIRECTION('ref_axis',(0.0564004093480516,-0.998408230046894,0.));
#4397=DIRECTION('center_axis',(0.,0.,-1.));
#4398=DIRECTION('ref_axis',(0.0564004093480516,-0.998408230046894,0.));
#4399=DIRECTION('',(0.,0.,1.));
#4400=DIRECTION('center_axis',(0.,0.,1.));
#4401=DIRECTION('ref_axis',(-0.956895612335911,-0.290432069669109,0.));
#4402=DIRECTION('center_axis',(0.,0.,-1.));
#4403=DIRECTION('ref_axis',(-0.956895612335911,-0.290432069669109,0.));
#4404=DIRECTION('',(0.,0.,1.));
#4405=DIRECTION('center_axis',(0.,0.,1.));
#4406=DIRECTION('ref_axis',(0.141234465093783,-0.989976174394956,0.));
#4407=DIRECTION('center_axis',(0.,0.,-1.));
#4408=DIRECTION('ref_axis',(0.141234465093783,-0.989976174394956,0.));
#4409=DIRECTION('',(0.,0.,1.));
#4410=DIRECTION('center_axis',(0.,0.,1.));
#4411=DIRECTION('ref_axis',(0.943576156017849,-0.331155609637794,0.));
#4412=DIRECTION('center_axis',(0.,0.,-1.));
#4413=DIRECTION('ref_axis',(0.943576156017849,-0.331155609637794,0.));
#4414=DIRECTION('',(0.,0.,1.));
#4415=DIRECTION('center_axis',(0.,0.,1.));
#4416=DIRECTION('ref_axis',(0.211891818336406,-0.97729312763474,0.));
#4417=DIRECTION('center_axis',(0.,0.,-1.));
#4418=DIRECTION('ref_axis',(0.211891818336406,-0.97729312763474,0.));
#4419=DIRECTION('',(0.,0.,1.));
#4420=DIRECTION('center_axis',(0.,0.,1.));
#4421=DIRECTION('ref_axis',(-0.899681129500719,-0.436547666607337,0.));
#4422=DIRECTION('center_axis',(0.,0.,-1.));
#4423=DIRECTION('ref_axis',(-0.899681129500719,-0.436547666607337,0.));
#4424=DIRECTION('',(0.,0.,1.));
#4425=DIRECTION('center_axis',(0.,0.,1.));
#4426=DIRECTION('ref_axis',(0.294361718678542,-0.95569408210819,0.));
#4427=DIRECTION('center_axis',(0.,0.,-1.));
#4428=DIRECTION('ref_axis',(0.294361718678542,-0.95569408210819,0.));
#4429=DIRECTION('',(0.,0.,1.));
#4430=DIRECTION('center_axis',(0.,0.,1.));
#4431=DIRECTION('ref_axis',(0.98376335424339,-0.179470506902369,0.));
#4432=DIRECTION('center_axis',(0.,0.,-1.));
#4433=DIRECTION('ref_axis',(0.98376335424339,-0.179470506902369,0.));
#4434=DIRECTION('',(0.,0.,1.));
#4435=DIRECTION('center_axis',(0.,0.,1.));
#4436=DIRECTION('ref_axis',(0.362164861010377,-0.932114056030341,0.));
#4437=DIRECTION('center_axis',(0.,0.,-1.));
#4438=DIRECTION('ref_axis',(0.362164861010377,-0.932114056030341,0.));
#4439=DIRECTION('',(0.,0.,1.));
#4440=DIRECTION('center_axis',(0.,0.,1.));
#4441=DIRECTION('ref_axis',(-0.820313289565769,-0.571914422760772,0.));
#4442=DIRECTION('center_axis',(0.,0.,-1.));
#4443=DIRECTION('ref_axis',(-0.820313289565769,-0.571914422760772,0.));
#4444=DIRECTION('',(0.,0.,1.));
#4445=DIRECTION('center_axis',(0.,0.,1.));
#4446=DIRECTION('ref_axis',(0.440240885173093,-0.897879704092932,0.));
#4447=DIRECTION('center_axis',(0.,0.,-1.));
#4448=DIRECTION('ref_axis',(0.440240885173093,-0.897879704092932,0.));
#4449=DIRECTION('',(0.,0.,1.));
#4450=DIRECTION('center_axis',(0.,0.,1.));
#4451=DIRECTION('ref_axis',(0.999726965606079,-0.0233665196394747,0.));
#4452=DIRECTION('center_axis',(0.,0.,-1.));
#4453=DIRECTION('ref_axis',(0.999726965606079,-0.0233665196394747,0.));
#4454=DIRECTION('',(0.,0.,1.));
#4455=DIRECTION('center_axis',(0.,0.,1.));
#4456=DIRECTION('ref_axis',(0.503521034611966,-0.863982967252998,0.));
#4457=DIRECTION('center_axis',(0.,0.,-1.));
#4458=DIRECTION('ref_axis',(0.503521034611966,-0.863982967252998,0.));
#4459=DIRECTION('',(0.,0.,1.));
#4460=DIRECTION('center_axis',(0.,0.,1.));
#4461=DIRECTION('ref_axis',(-0.72074689556679,-0.693198321211783,0.));
#4462=DIRECTION('center_axis',(0.,0.,-1.));
#4463=DIRECTION('ref_axis',(-0.72074689556679,-0.693198321211783,0.));
#4464=DIRECTION('',(0.,0.,1.));
#4465=DIRECTION('center_axis',(0.,0.,1.));
#4466=DIRECTION('ref_axis',(0.575280844710954,-0.817955958293997,0.));
#4467=DIRECTION('center_axis',(0.,0.,-1.));
#4468=DIRECTION('ref_axis',(0.575280844710954,-0.817955958293997,0.));
#4469=DIRECTION('',(0.,0.,1.));
#4470=DIRECTION('center_axis',(0.,0.,1.));
#4471=DIRECTION('ref_axis',(0.991073987679396,0.133312981158099,0.));
#4472=DIRECTION('center_axis',(0.,0.,-1.));
#4473=DIRECTION('ref_axis',(0.991073987679396,0.133312981158099,0.));
#4474=DIRECTION('',(0.,0.,1.));
#4475=DIRECTION('center_axis',(0.,0.,1.));
#4476=DIRECTION('ref_axis',(0.632478538850117,-0.774577883685057,0.));
#4477=DIRECTION('center_axis',(0.,0.,-1.));
#4478=DIRECTION('ref_axis',(0.632478538850117,-0.774577883685057,0.));
#4479=DIRECTION('',(0.,0.,1.));
#4480=DIRECTION('center_axis',(0.,0.,1.));
#4481=DIRECTION('ref_axis',(-0.603433010837499,-0.797413695287203,0.));
#4482=DIRECTION('center_axis',(0.,0.,-1.));
#4483=DIRECTION('ref_axis',(-0.603433010837499,-0.797413695287203,0.));
#4484=DIRECTION('',(0.,0.,1.));
#4485=DIRECTION('center_axis',(0.,0.,1.));
#4486=DIRECTION('ref_axis',(0.696154238668313,-0.717892245385156,0.));
#4487=DIRECTION('center_axis',(0.,0.,-1.));
#4488=DIRECTION('ref_axis',(0.696154238668313,-0.717892245385156,0.));
#4489=DIRECTION('',(0.,0.,1.));
#4490=DIRECTION('center_axis',(0.,0.,1.));
#4491=DIRECTION('ref_axis',(0.958017583227153,0.286709452630369,0.));
#4492=DIRECTION('center_axis',(0.,0.,-1.));
#4493=DIRECTION('ref_axis',(0.958017583227153,0.286709452630369,0.));
#4494=DIRECTION('',(0.,0.,1.));
#4495=DIRECTION('center_axis',(0.,0.,1.));
#4496=DIRECTION('ref_axis',(0.74586281186592,-0.666099591559297,0.));
#4497=DIRECTION('center_axis',(0.,0.,-1.));
#4498=DIRECTION('ref_axis',(0.74586281186592,-0.666099591559297,0.));
#4499=DIRECTION('',(0.,0.,1.));
#4500=DIRECTION('center_axis',(0.,0.,1.));
#4501=DIRECTION('ref_axis',(-0.471261089824791,-0.881993755769932,0.));
#4502=DIRECTION('center_axis',(0.,0.,-1.));
#4503=DIRECTION('ref_axis',(-0.471261089824791,-0.881993755769932,0.));
#4504=DIRECTION('',(0.,0.,1.));
#4505=DIRECTION('center_axis',(0.,0.,1.));
#4506=DIRECTION('ref_axis',(0.799886140478339,-0.6001517826939,0.));
#4507=DIRECTION('center_axis',(0.,0.,-1.));
#4508=DIRECTION('ref_axis',(0.799886140478339,-0.6001517826939,0.));
#4509=DIRECTION('',(0.,0.,1.));
#4510=DIRECTION('center_axis',(0.,0.,1.));
#4511=DIRECTION('ref_axis',(0.901371456245072,0.43304676175517,0.));
#4512=DIRECTION('center_axis',(0.,0.,-1.));
#4513=DIRECTION('ref_axis',(0.901371456245072,0.43304676175517,0.));
#4514=DIRECTION('',(0.,0.,1.));
#4515=DIRECTION('center_axis',(0.,0.,1.));
#4516=DIRECTION('ref_axis',(0.840880915573511,-0.541220182388143,0.));
#4517=DIRECTION('center_axis',(0.,0.,-1.));
#4518=DIRECTION('ref_axis',(0.840880915573511,-0.541220182388143,0.));
#4519=DIRECTION('',(0.,0.,1.));
#4520=DIRECTION('center_axis',(0.,0.,1.));
#4521=DIRECTION('ref_axis',(-0.327484798457837,-0.944856447709931,0.));
#4522=DIRECTION('center_axis',(0.,0.,-1.));
#4523=DIRECTION('ref_axis',(-0.327484798457837,-0.944856447709931,0.));
#4524=DIRECTION('',(0.,0.,1.));
#4525=DIRECTION('center_axis',(0.,0.,1.));
#4526=DIRECTION('ref_axis',(0.883923051849668,-0.467632375278669,0.));
#4527=DIRECTION('center_axis',(0.,0.,-1.));
#4528=DIRECTION('ref_axis',(0.883923051849668,-0.467632375278669,0.));
#4529=DIRECTION('',(0.,0.,1.));
#4530=DIRECTION('center_axis',(0.,0.,1.));
#4531=DIRECTION('ref_axis',(0.822530762923356,0.568720620379393,0.));
#4532=DIRECTION('center_axis',(0.,0.,-1.));
#4533=DIRECTION('ref_axis',(0.822530762923356,0.568720620379393,0.));
#4534=DIRECTION('',(0.,0.,1.));
#4535=DIRECTION('center_axis',(0.,0.,1.));
#4536=DIRECTION('ref_axis',(0.915193887264803,-0.403013831912925,0.));
#4537=DIRECTION('center_axis',(0.,0.,-1.));
#4538=DIRECTION('ref_axis',(0.915193887264803,-0.403013831912925,0.));
#4539=DIRECTION('',(0.,0.,1.));
#4540=DIRECTION('center_axis',(0.,0.,1.));
#4541=DIRECTION('ref_axis',(-0.175644889438097,-0.984453590990595,0.));
#4542=DIRECTION('center_axis',(0.,0.,-1.));
#4543=DIRECTION('ref_axis',(-0.175644889438097,-0.984453590990595,0.));
#4544=DIRECTION('',(0.,0.,1.));
#4545=DIRECTION('center_axis',(0.,0.,1.));
#4546=DIRECTION('ref_axis',(0.946194224545011,-0.323599272925119,0.));
#4547=DIRECTION('center_axis',(0.,0.,-1.));
#4548=DIRECTION('ref_axis',(0.946194224545011,-0.323599272925119,0.));
#4549=DIRECTION('',(0.,0.,1.));
#4550=DIRECTION('center_axis',(0.,0.,1.));
#4551=DIRECTION('ref_axis',(0.723436331159122,0.690391102751932,0.));
#4552=DIRECTION('center_axis',(0.,0.,-1.));
#4553=DIRECTION('ref_axis',(0.723436331159122,0.690391102751932,0.));
#4554=DIRECTION('',(0.,0.,1.));
#4555=DIRECTION('center_axis',(0.,0.,1.));
#4556=DIRECTION('ref_axis',(0.966971435995334,-0.254884762135992,0.));
#4557=DIRECTION('center_axis',(0.,0.,-1.));
#4558=DIRECTION('ref_axis',(0.966971435995334,-0.254884762135992,0.));
#4559=DIRECTION('',(0.,0.,1.));
#4560=DIRECTION('center_axis',(0.,0.,1.));
#4561=DIRECTION('ref_axis',(-0.0194797388466563,-0.999810251885059,0.));
#4562=DIRECTION('center_axis',(0.,0.,-1.));
#4563=DIRECTION('ref_axis',(-0.0194797388466563,-0.999810251885059,0.));
#4564=DIRECTION('',(0.,0.,1.));
#4565=DIRECTION('center_axis',(0.,0.,1.));
#4566=DIRECTION('ref_axis',(0.98516702718187,-0.171598160111455,0.));
#4567=DIRECTION('center_axis',(0.,0.,-1.));
#4568=DIRECTION('ref_axis',(0.98516702718187,-0.171598160111455,0.));
#4569=DIRECTION('',(0.,0.,1.));
#4570=DIRECTION('center_axis',(0.,0.,1.));
#4571=DIRECTION('ref_axis',(0.606528804087407,0.795061513225423,0.));
#4572=DIRECTION('center_axis',(0.,0.,-1.));
#4573=DIRECTION('ref_axis',(0.606528804087407,0.795061513225423,0.));
#4574=DIRECTION('',(0.,0.,1.));
#4575=DIRECTION('center_axis',(0.,0.,1.));
#4576=DIRECTION('ref_axis',(0.994939208799139,-0.100478708163188,0.));
#4577=DIRECTION('center_axis',(0.,0.,-1.));
#4578=DIRECTION('ref_axis',(0.994939208799139,-0.100478708163188,0.));
#4579=DIRECTION('',(0.,0.,1.));
#4580=DIRECTION('center_axis',(0.,0.,1.));
#4581=DIRECTION('ref_axis',(0.137164882447118,-0.990548229529117,0.));
#4582=DIRECTION('center_axis',(0.,0.,-1.));
#4583=DIRECTION('ref_axis',(0.137164882447118,-0.990548229529117,0.));
#4584=DIRECTION('',(0.,0.,1.));
#4585=DIRECTION('center_axis',(0.,0.,1.));
#4586=DIRECTION('ref_axis',(0.999881857787204,-0.0153710919589462,0.));
#4587=DIRECTION('center_axis',(0.,0.,-1.));
#4588=DIRECTION('ref_axis',(0.999881857787204,-0.0153710919589462,0.));
#4589=DIRECTION('',(0.,0.,1.));
#4590=DIRECTION('center_axis',(0.,0.,1.));
#4591=DIRECTION('ref_axis',(0.474686375961368,0.880155011618216,0.));
#4592=DIRECTION('center_axis',(0.,0.,-1.));
#4593=DIRECTION('ref_axis',(0.474686375961368,0.880155011618216,0.));
#4594=DIRECTION('',(0.,0.,1.));
#4595=DIRECTION('center_axis',(0.,0.,1.));
#4596=DIRECTION('ref_axis',(0.998408230046895,0.0564004093480403,0.));
#4597=DIRECTION('center_axis',(0.,0.,-1.));
#4598=DIRECTION('ref_axis',(0.998408230046895,0.0564004093480403,0.));
#4599=DIRECTION('',(0.,0.,1.));
#4600=DIRECTION('center_axis',(0.,0.,1.));
#4601=DIRECTION('ref_axis',(0.290432069669109,-0.956895612335911,0.));
#4602=DIRECTION('center_axis',(0.,0.,-1.));
#4603=DIRECTION('ref_axis',(0.290432069669109,-0.956895612335911,0.));
#4604=DIRECTION('',(0.,0.,1.));
#4605=DIRECTION('center_axis',(0.,0.,1.));
#4606=DIRECTION('ref_axis',(0.989976174394956,0.141234465093785,0.));
#4607=DIRECTION('center_axis',(0.,0.,-1.));
#4608=DIRECTION('ref_axis',(0.989976174394956,0.141234465093785,0.));
#4609=DIRECTION('',(0.,0.,1.));
#4610=DIRECTION('center_axis',(0.,0.,1.));
#4611=DIRECTION('ref_axis',(0.331155609637792,0.94357615601785,0.));
#4612=DIRECTION('center_axis',(0.,0.,-1.));
#4613=DIRECTION('ref_axis',(0.331155609637792,0.94357615601785,0.));
#4614=DIRECTION('',(0.,0.,1.));
#4615=DIRECTION('center_axis',(0.,0.,1.));
#4616=DIRECTION('ref_axis',(0.977293127634738,0.211891818336414,0.));
#4617=DIRECTION('center_axis',(0.,0.,-1.));
#4618=DIRECTION('ref_axis',(0.977293127634738,0.211891818336414,0.));
#4619=DIRECTION('',(0.,0.,1.));
#4620=DIRECTION('center_axis',(0.,0.,1.));
#4621=DIRECTION('ref_axis',(0.436547666607337,-0.899681129500719,0.));
#4622=DIRECTION('center_axis',(0.,0.,-1.));
#4623=DIRECTION('ref_axis',(0.436547666607337,-0.899681129500719,0.));
#4624=DIRECTION('',(0.,0.,1.));
#4625=DIRECTION('center_axis',(0.,0.,1.));
#4626=DIRECTION('ref_axis',(0.955694082108191,0.294361718678539,0.));
#4627=DIRECTION('center_axis',(0.,0.,-1.));
#4628=DIRECTION('ref_axis',(0.955694082108191,0.294361718678539,0.));
#4629=DIRECTION('',(0.,0.,1.));
#4630=DIRECTION('center_axis',(0.,0.,1.));
#4631=DIRECTION('ref_axis',(0.179470506902369,0.98376335424339,0.));
#4632=DIRECTION('center_axis',(0.,0.,-1.));
#4633=DIRECTION('ref_axis',(0.179470506902369,0.98376335424339,0.));
#4634=DIRECTION('',(0.,0.,1.));
#4635=DIRECTION('center_axis',(0.,0.,1.));
#4636=DIRECTION('ref_axis',(0.93211405603034,0.362164861010381,0.));
#4637=DIRECTION('center_axis',(0.,0.,-1.));
#4638=DIRECTION('ref_axis',(0.93211405603034,0.362164861010381,0.));
#4639=DIRECTION('',(0.,0.,1.));
#4640=DIRECTION('center_axis',(0.,0.,1.));
#4641=DIRECTION('ref_axis',(0.571914422760773,-0.820313289565768,0.));
#4642=DIRECTION('center_axis',(0.,0.,-1.));
#4643=DIRECTION('ref_axis',(0.571914422760773,-0.820313289565768,0.));
#4644=DIRECTION('',(0.,0.,1.));
#4645=DIRECTION('center_axis',(0.,0.,1.));
#4646=DIRECTION('ref_axis',(0.897879704092929,0.4402408851731,0.));
#4647=DIRECTION('center_axis',(0.,0.,-1.));
#4648=DIRECTION('ref_axis',(0.897879704092929,0.4402408851731,0.));
#4649=DIRECTION('',(0.,0.,1.));
#4650=DIRECTION('center_axis',(0.,0.,1.));
#4651=DIRECTION('ref_axis',(0.0233665196394707,0.999726965606079,0.));
#4652=DIRECTION('center_axis',(0.,0.,-1.));
#4653=DIRECTION('ref_axis',(0.0233665196394707,0.999726965606079,0.));
#4654=DIRECTION('',(0.,0.,1.));
#4655=DIRECTION('center_axis',(0.,0.,1.));
#4656=DIRECTION('ref_axis',(0.863982967253004,0.503521034611957,0.));
#4657=DIRECTION('center_axis',(0.,0.,-1.));
#4658=DIRECTION('ref_axis',(0.863982967253004,0.503521034611957,0.));
#4659=DIRECTION('',(0.,0.,1.));
#4660=DIRECTION('center_axis',(0.,0.,1.));
#4661=DIRECTION('ref_axis',(0.693198321211783,-0.72074689556679,0.));
#4662=DIRECTION('center_axis',(0.,0.,-1.));
#4663=DIRECTION('ref_axis',(0.693198321211783,-0.72074689556679,0.));
#4664=DIRECTION('',(0.,0.,1.));
#4665=DIRECTION('center_axis',(0.,0.,1.));
#4666=DIRECTION('ref_axis',(0.817955958294001,0.575280844710949,0.));
#4667=DIRECTION('center_axis',(0.,0.,-1.));
#4668=DIRECTION('ref_axis',(0.817955958294001,0.575280844710949,0.));
#4669=DIRECTION('',(0.,0.,1.));
#4670=DIRECTION('center_axis',(0.,0.,1.));
#4671=DIRECTION('ref_axis',(-0.133312981158098,0.991073987679396,0.));
#4672=DIRECTION('center_axis',(0.,0.,-1.));
#4673=DIRECTION('ref_axis',(-0.133312981158098,0.991073987679396,0.));
#4674=DIRECTION('',(0.,0.,1.));
#4675=DIRECTION('center_axis',(0.,0.,1.));
#4676=DIRECTION('ref_axis',(0.774577883685055,0.632478538850119,0.));
#4677=DIRECTION('center_axis',(0.,0.,-1.));
#4678=DIRECTION('ref_axis',(0.774577883685055,0.632478538850119,0.));
#4679=DIRECTION('',(0.,0.,1.));
#4680=DIRECTION('center_axis',(0.,0.,1.));
#4681=DIRECTION('ref_axis',(0.797413695287203,-0.603433010837498,0.));
#4682=DIRECTION('center_axis',(0.,0.,-1.));
#4683=DIRECTION('ref_axis',(0.797413695287203,-0.603433010837498,0.));
#4684=DIRECTION('',(0.,0.,1.));
#4685=DIRECTION('center_axis',(0.,0.,1.));
#4686=DIRECTION('ref_axis',(0.717892245385156,0.696154238668313,0.));
#4687=DIRECTION('center_axis',(0.,0.,-1.));
#4688=DIRECTION('ref_axis',(0.717892245385156,0.696154238668313,0.));
#4689=DIRECTION('',(0.,0.,1.));
#4690=DIRECTION('center_axis',(0.,0.,1.));
#4691=DIRECTION('ref_axis',(-0.286709452630369,0.958017583227153,0.));
#4692=DIRECTION('center_axis',(0.,0.,-1.));
#4693=DIRECTION('ref_axis',(-0.286709452630369,0.958017583227153,0.));
#4694=DIRECTION('',(0.,0.,1.));
#4695=DIRECTION('center_axis',(0.,0.,1.));
#4696=DIRECTION('ref_axis',(0.666099591559302,0.745862811865916,0.));
#4697=DIRECTION('center_axis',(0.,0.,-1.));
#4698=DIRECTION('ref_axis',(0.666099591559302,0.745862811865916,0.));
#4699=DIRECTION('',(0.,0.,1.));
#4700=DIRECTION('center_axis',(0.,0.,1.));
#4701=DIRECTION('ref_axis',(0.881993755769932,-0.471261089824791,0.));
#4702=DIRECTION('center_axis',(0.,0.,-1.));
#4703=DIRECTION('ref_axis',(0.881993755769932,-0.471261089824791,0.));
#4704=DIRECTION('',(0.,0.,1.));
#4705=DIRECTION('center_axis',(0.,0.,1.));
#4706=DIRECTION('ref_axis',(0.600151782693908,0.799886140478334,0.));
#4707=DIRECTION('center_axis',(0.,0.,-1.));
#4708=DIRECTION('ref_axis',(0.600151782693908,0.799886140478334,0.));
#4709=DIRECTION('',(0.,0.,1.));
#4710=DIRECTION('center_axis',(0.,0.,1.));
#4711=DIRECTION('ref_axis',(-0.43304676175517,0.901371456245072,0.));
#4712=DIRECTION('center_axis',(0.,0.,-1.));
#4713=DIRECTION('ref_axis',(-0.43304676175517,0.901371456245072,0.));
#4714=DIRECTION('',(0.,0.,1.));
#4715=DIRECTION('center_axis',(0.,0.,1.));
#4716=DIRECTION('ref_axis',(0.541220182388144,0.84088091557351,0.));
#4717=DIRECTION('center_axis',(0.,0.,-1.));
#4718=DIRECTION('ref_axis',(0.541220182388144,0.84088091557351,0.));
#4719=DIRECTION('',(0.,0.,1.));
#4720=DIRECTION('center_axis',(0.,0.,1.));
#4721=DIRECTION('ref_axis',(0.944856447709931,-0.327484798457837,0.));
#4722=DIRECTION('center_axis',(0.,0.,-1.));
#4723=DIRECTION('ref_axis',(0.944856447709931,-0.327484798457837,0.));
#4724=DIRECTION('',(0.,0.,1.));
#4725=DIRECTION('center_axis',(0.,0.,1.));
#4726=DIRECTION('ref_axis',(0.467632375278672,0.883923051849666,0.));
#4727=DIRECTION('center_axis',(0.,0.,-1.));
#4728=DIRECTION('ref_axis',(0.467632375278672,0.883923051849666,0.));
#4729=DIRECTION('',(0.,0.,1.));
#4730=DIRECTION('center_axis',(0.,0.,1.));
#4731=DIRECTION('ref_axis',(-0.568720620379394,0.822530762923355,0.));
#4732=DIRECTION('center_axis',(0.,0.,-1.));
#4733=DIRECTION('ref_axis',(-0.568720620379394,0.822530762923355,0.));
#4734=DIRECTION('',(0.,0.,1.));
#4735=DIRECTION('center_axis',(0.,0.,1.));
#4736=DIRECTION('ref_axis',(0.403013831912933,0.9151938872648,0.));
#4737=DIRECTION('center_axis',(0.,0.,-1.));
#4738=DIRECTION('ref_axis',(0.403013831912933,0.9151938872648,0.));
#4739=DIRECTION('',(0.,0.,1.));
#4740=DIRECTION('center_axis',(0.,0.,1.));
#4741=DIRECTION('ref_axis',(0.984453590990595,-0.175644889438097,0.));
#4742=DIRECTION('center_axis',(0.,0.,-1.));
#4743=DIRECTION('ref_axis',(0.984453590990595,-0.175644889438097,0.));
#4744=DIRECTION('',(0.,0.,1.));
#4745=DIRECTION('center_axis',(0.,0.,1.));
#4746=DIRECTION('ref_axis',(0.323599272925121,0.94619422454501,0.));
#4747=DIRECTION('center_axis',(0.,0.,-1.));
#4748=DIRECTION('ref_axis',(0.323599272925121,0.94619422454501,0.));
#4749=DIRECTION('',(0.,0.,1.));
#4750=DIRECTION('center_axis',(0.,0.,1.));
#4751=DIRECTION('ref_axis',(-0.690391102751932,0.723436331159123,0.));
#4752=DIRECTION('center_axis',(0.,0.,-1.));
#4753=DIRECTION('ref_axis',(-0.690391102751932,0.723436331159123,0.));
#4754=DIRECTION('center_axis',(0.,0.,1.));
#4755=DIRECTION('ref_axis',(1.,0.,0.));
#4756=DIRECTION('center_axis',(0.,0.,1.));
#4757=DIRECTION('ref_axis',(1.,0.,0.));
#4758=DIRECTION('',(0.,0.,-1.));
#4759=DIRECTION('center_axis',(0.,0.,1.));
#4760=DIRECTION('ref_axis',(1.,0.,0.));
#4761=CARTESIAN_POINT('',(0.,0.,0.));
#4762=CARTESIAN_POINT('Origin',(-0.00113735898259915,0.00113735898259915,
0.));
#4763=CARTESIAN_POINT('',(-2.3011373589826,0.00113735898259886,10.));
#4764=CARTESIAN_POINT('Origin',(-0.00113735898259915,0.00113735898259915,
10.));
#4765=CARTESIAN_POINT('',(-2.3011373589826,0.00113735898259886,0.));
#4766=CARTESIAN_POINT('',(-2.3011373589826,0.00113735898259886,0.));
#4767=CARTESIAN_POINT('Origin',(-0.00113735898259915,0.00113735898259915,
0.));
#4768=CARTESIAN_POINT('Origin',(0.,0.,10.));
#4769=CARTESIAN_POINT('Origin',(0.,0.,0.));
#4770=CARTESIAN_POINT('',(7.264241,27.558679,0.));
#4771=CARTESIAN_POINT('',(6.03889300000004,27.852859,0.));
#4772=CARTESIAN_POINT('Origin',(-0.000265821626557194,-0.0011112920470735,
0.));
#4773=CARTESIAN_POINT('',(5.469657,31.402205,0.));
#4774=CARTESIAN_POINT('Origin',(-4.08179943339462,28.0500448611953,0.));
#4775=CARTESIAN_POINT('',(4.50186200000005,31.555489,0.));
#4776=CARTESIAN_POINT('Origin',(0.000235664144599412,0.00155621478086676,
0.));
#4777=CARTESIAN_POINT('',(2.863678,28.355764,0.));
#4778=CARTESIAN_POINT('Origin',(12.5499622282002,25.415832476088,0.));
#4779=CARTESIAN_POINT('',(1.607397,28.454635,0.));
#4780=CARTESIAN_POINT('Origin',(-7.79833994171697E-5,-0.0011204027083922,
0.));
#4781=CARTESIAN_POINT('',(0.489928999999997,31.871235,0.));
#4782=CARTESIAN_POINT('Origin',(-8.41954097592565,27.0661677575456,0.));
#4783=CARTESIAN_POINT('',(-0.489929,31.871235,0.));
#4784=CARTESIAN_POINT('Origin',(0.,0.00159815102427796,0.));
#4785=CARTESIAN_POINT('',(-1.607397,28.454635,0.));
#4786=CARTESIAN_POINT('Origin',(8.41954097592559,27.0661677575456,0.));
#4787=CARTESIAN_POINT('',(-2.863678,28.355764,0.));
#4788=CARTESIAN_POINT('Origin',(7.79833993347356E-5,-0.00112040270734415,
0.));
#4789=CARTESIAN_POINT('',(-4.501862,31.555489,0.));
#4790=CARTESIAN_POINT('Origin',(-12.5499622282001,25.415832476088,0.));
#4791=CARTESIAN_POINT('',(-5.469657,31.402205,0.));
#4792=CARTESIAN_POINT('Origin',(-0.000235664143689585,0.00155621477512469,
0.));
#4793=CARTESIAN_POINT('',(-6.038893,27.852859,0.));
#4794=CARTESIAN_POINT('Origin',(4.08179943339449,28.0500448611953,0.));
#4795=CARTESIAN_POINT('',(-7.264241,27.558679,0.));
#4796=CARTESIAN_POINT('Origin',(0.000265821627545293,-0.0011112920511902,
0.));
#4797=CARTESIAN_POINT('',(-9.382803,30.462742,0.));
#4798=CARTESIAN_POINT('Origin',(-16.3713651314578,23.1396758012805,0.));
#4799=CARTESIAN_POINT('',(-10.314704,30.159949,0.));
#4800=CARTESIAN_POINT('Origin',(-0.000486760936890818,0.00149810458594413,
0.));
#4801=CARTESIAN_POINT('',(-10.321691,26.565253,0.));
#4802=CARTESIAN_POINT('Origin',(-0.35644752650474,28.3432383759937,0.));
#4803=CARTESIAN_POINT('',(-11.485933,26.083009,0.));
#4804=CARTESIAN_POINT('Origin',(0.000418291775396984,-0.00105476354952838,
0.));
#4805=CARTESIAN_POINT('',(-14.032708,28.619901,0.));
#4806=CARTESIAN_POINT('Origin',(-19.7896462393005,20.2937411380354,0.));
#4807=CARTESIAN_POINT('',(-14.905768,28.175055,0.));
#4808=CARTESIAN_POINT('Origin',(-0.000732896500679203,0.00141944117041604,
0.));
#4809=CARTESIAN_POINT('',(-14.350335,24.623523,0.));
#4810=CARTESIAN_POINT('Origin',(-4.78591914531202,27.938524772101,0.));
#4811=CARTESIAN_POINT('',(-15.424804,23.965088,0.));
#4812=CARTESIAN_POINT('Origin',(0.00059265890868021,-0.000983642770928661,
0.));
#4813=CARTESIAN_POINT('',(-18.337081,26.072344,0.));
#4814=CARTESIAN_POINT('Origin',(-22.7206456076196,16.9481099383021,0.));
#4815=CARTESIAN_POINT('',(-19.129803,25.496397,0.));
#4816=CARTESIAN_POINT('Origin',(-0.000909598129474887,0.00128533647703932,
0.));
#4817=CARTESIAN_POINT('',(-18.025626,22.075479,0.));
#4818=CARTESIAN_POINT('Origin',(-9.09754432821654,26.8458727484416,0.));
#4819=CARTESIAN_POINT('',(-18.983864,21.257067,0.));
#4820=CARTESIAN_POINT('Origin',(0.000727170827938828,-0.000866096237341907,
0.));
#4821=CARTESIAN_POINT('',(-22.189934,22.882798,0.));
#4822=CARTESIAN_POINT('Origin',(-25.0921828254363,13.1851567811286,0.));
#4823=CARTESIAN_POINT('',(-22.882798,22.189934,0.));
#4824=CARTESIAN_POINT('Origin',(-0.00113735898259915,0.00113735898259915,
0.));
#4825=CARTESIAN_POINT('',(-21.257067,18.983864,0.));
#4826=CARTESIAN_POINT('Origin',(-13.1851567811287,25.0921828254362,0.));
#4827=CARTESIAN_POINT('',(-22.075479,18.025626,0.));
#4828=CARTESIAN_POINT('Origin',(0.000866096243337111,-0.000727170833056956,
0.));
#4829=CARTESIAN_POINT('',(-25.496397,19.129803,0.));
#4830=CARTESIAN_POINT('Origin',(-26.8458727484416,9.09754432821648,0.));
#4831=CARTESIAN_POINT('',(-26.072344,18.337081,0.));
#4832=CARTESIAN_POINT('Origin',(-0.00128533647935747,0.000909598131157985,
0.));
#4833=CARTESIAN_POINT('',(-23.965088,15.424804,0.));
#4834=CARTESIAN_POINT('Origin',(-16.9481099383021,22.7206456076197,0.));
#4835=CARTESIAN_POINT('',(-24.623523,14.3503349999999,0.));
#4836=CARTESIAN_POINT('Origin',(0.000983642758667358,-0.000592658901164,
0.));
#4837=CARTESIAN_POINT('',(-28.175055,14.905768,0.));
#4838=CARTESIAN_POINT('Origin',(-27.938524772101,4.78591914531179,0.));
#4839=CARTESIAN_POINT('',(-28.6199009999999,14.0327080000001,0.));
#4840=CARTESIAN_POINT('Origin',(-0.00141944112617587,0.000732896478137235,
0.));
#4841=CARTESIAN_POINT('',(-26.083009,11.485933,0.));
#4842=CARTESIAN_POINT('Origin',(-20.2937411380355,19.7896462393004,0.));
#4843=CARTESIAN_POINT('',(-26.5652530000001,10.3216909999999,0.));
#4844=CARTESIAN_POINT('Origin',(0.00105476354884892,-0.000418291775114987,
0.));
#4845=CARTESIAN_POINT('',(-30.159949,10.314704,0.));
#4846=CARTESIAN_POINT('Origin',(-28.3432383759937,0.356447526504713,0.));
#4847=CARTESIAN_POINT('',(-30.462742,9.38280299999992,0.));
#4848=CARTESIAN_POINT('Origin',(-0.00149810456560484,0.00048676093028055,
0.));
#4849=CARTESIAN_POINT('',(-27.558679,7.264241,0.));
#4850=CARTESIAN_POINT('Origin',(-23.1396758012806,16.3713651314577,0.));
#4851=CARTESIAN_POINT('',(-27.852859,6.038893,0.));
#4852=CARTESIAN_POINT('Origin',(0.00111129204605653,-0.000265821626312945,
0.));
#4853=CARTESIAN_POINT('',(-31.402205,5.469657,0.));
#4854=CARTESIAN_POINT('Origin',(-28.0500448611953,-4.08179943339455,0.));
#4855=CARTESIAN_POINT('',(-31.555489,4.501862,0.));
#4856=CARTESIAN_POINT('Origin',(-0.00155621478308277,0.000235664144950243,
0.));
#4857=CARTESIAN_POINT('',(-28.355764,2.863678,0.));
#4858=CARTESIAN_POINT('Origin',(-25.4158324760881,12.5499622282,0.));
#4859=CARTESIAN_POINT('',(-28.454635,1.607397,0.));
#4860=CARTESIAN_POINT('Origin',(0.00112040270972003,-7.79833995215307E-5,
0.));
#4861=CARTESIAN_POINT('',(-31.871235,0.489929,0.));
#4862=CARTESIAN_POINT('Origin',(-27.0661677575456,-8.41954097592565,0.));
#4863=CARTESIAN_POINT('',(-31.871235,-0.489928999999906,0.));
#4864=CARTESIAN_POINT('Origin',(-0.00159815102427796,6.93889390390723E-17,
0.));
#4865=CARTESIAN_POINT('',(-28.454635,-1.607397,0.));
#4866=CARTESIAN_POINT('Origin',(-27.0661677575456,8.41954097592565,0.));
#4867=CARTESIAN_POINT('',(-28.355764,-2.86367799999992,0.));
#4868=CARTESIAN_POINT('Origin',(0.00112040271202041,7.79833997027746E-5,
0.));
#4869=CARTESIAN_POINT('',(-31.555489,-4.501862,0.));
#4870=CARTESIAN_POINT('Origin',(-25.415832476088,-12.5499622282001,0.));
#4871=CARTESIAN_POINT('',(-31.402205,-5.46965700000019,0.));
#4872=CARTESIAN_POINT('Origin',(-0.00155621477298418,-0.000235664143350967,
0.));
#4873=CARTESIAN_POINT('',(-27.852859,-6.038893,0.));
#4874=CARTESIAN_POINT('Origin',(-28.0500448611954,4.08179943339442,0.));
#4875=CARTESIAN_POINT('',(-27.558679,-7.26424099999985,0.));
#4876=CARTESIAN_POINT('Origin',(0.00111129203501203,0.000265821623660623,
0.));
#4877=CARTESIAN_POINT('',(-30.462742,-9.382803,0.));
#4878=CARTESIAN_POINT('Origin',(-23.1396758012804,-16.3713651314579,0.));
#4879=CARTESIAN_POINT('',(-30.1599489999999,-10.3147040000002,0.));
#4880=CARTESIAN_POINT('Origin',(-0.00149810458318633,-0.000486760935993757,
0.));
#4881=CARTESIAN_POINT('',(-26.565253,-10.321691,0.));
#4882=CARTESIAN_POINT('Origin',(-28.3432383759937,-0.356447526504717,0.));
#4883=CARTESIAN_POINT('',(-26.083009,-11.485933,0.));
#4884=CARTESIAN_POINT('Origin',(0.00105476354412382,0.000418291773156554,
0.));
#4885=CARTESIAN_POINT('',(-28.619901,-14.032708,0.));
#4886=CARTESIAN_POINT('Origin',(-20.2937411380354,-19.7896462393005,0.));
#4887=CARTESIAN_POINT('',(-28.175055,-14.905768,0.));
#4888=CARTESIAN_POINT('Origin',(-0.00141944120040982,-0.000732896515962533,
0.));
#4889=CARTESIAN_POINT('',(-24.623523,-14.350335,0.));
#4890=CARTESIAN_POINT('Origin',(-27.938524772101,-4.78591914531202,0.));
#4891=CARTESIAN_POINT('',(-23.965088,-15.424804,0.));
#4892=CARTESIAN_POINT('Origin',(0.000983642771710258,0.000592658909157606,
0.));
#4893=CARTESIAN_POINT('',(-26.072344,-18.337081,0.));
#4894=CARTESIAN_POINT('Origin',(-16.9481099383021,-22.7206456076197,0.));
#4895=CARTESIAN_POINT('',(-25.496397,-19.129803,0.));
#4896=CARTESIAN_POINT('Origin',(-0.001285336448138,-0.000909598108478349,
0.));
#4897=CARTESIAN_POINT('',(-22.075479,-18.025626,0.));
#4898=CARTESIAN_POINT('Origin',(-26.8458727484416,-9.09754432821654,0.));
#4899=CARTESIAN_POINT('',(-21.257067,-18.983864,0.));
#4900=CARTESIAN_POINT('Origin',(0.000866096226936897,0.000727170819052603,
0.));
#4901=CARTESIAN_POINT('',(-22.882798,-22.189934,0.));
#4902=CARTESIAN_POINT('Origin',(-13.1851567811287,-25.0921828254362,0.));
#4903=CARTESIAN_POINT('',(-22.1899339999999,-22.8827980000001,0.));
#4904=CARTESIAN_POINT('Origin',(-0.00113735900155287,-0.00113735900155287,
0.));
#4905=CARTESIAN_POINT('',(-18.983864,-21.257067,0.));
#4906=CARTESIAN_POINT('Origin',(-25.0921828254363,-13.1851567811285,0.));
#4907=CARTESIAN_POINT('',(-18.025626,-22.075479,0.));
#4908=CARTESIAN_POINT('Origin',(0.000727170825367551,0.000866096234330982,
0.));
#4909=CARTESIAN_POINT('',(-19.129803,-25.496397,0.));
#4910=CARTESIAN_POINT('Origin',(-9.09754432821661,-26.8458727484416,0.));
#4911=CARTESIAN_POINT('',(-18.3370810000001,-26.0723439999999,0.));
#4912=CARTESIAN_POINT('Origin',(-0.000909598113316701,-0.00128533645479934,
0.));
#4913=CARTESIAN_POINT('',(-15.424804,-23.965088,0.));
#4914=CARTESIAN_POINT('Origin',(-22.7206456076196,-16.9481099383023,0.));
#4915=CARTESIAN_POINT('',(-14.3503349999999,-24.623523,0.));
#4916=CARTESIAN_POINT('Origin',(0.000592658908771249,0.000983642771079651,
0.));
#4917=CARTESIAN_POINT('',(-14.905768,-28.175055,0.));
#4918=CARTESIAN_POINT('Origin',(-4.78591914531179,-27.938524772101,0.));
#4919=CARTESIAN_POINT('',(-14.032708,-28.619901,0.));
#4920=CARTESIAN_POINT('Origin',(-0.000732896482003031,-0.00141944113376535,
0.));
#4921=CARTESIAN_POINT('',(-11.485933,-26.083009,0.));
#4922=CARTESIAN_POINT('Origin',(-19.7896462393004,-20.2937411380355,0.));
#4923=CARTESIAN_POINT('',(-10.321691,-26.565253,0.));
#4924=CARTESIAN_POINT('Origin',(0.000418291775639013,0.00105476355011458,
0.));
#4925=CARTESIAN_POINT('',(-10.314704,-30.159949,0.));
#4926=CARTESIAN_POINT('Origin',(-0.356447526504688,-28.3432383759937,0.));
#4927=CARTESIAN_POINT('',(-9.382803,-30.462742,0.));
#4928=CARTESIAN_POINT('Origin',(-0.000486760932117969,-0.0014981045712581,
0.));
#4929=CARTESIAN_POINT('',(-7.264241,-27.558679,0.));
#4930=CARTESIAN_POINT('Origin',(-16.3713651314576,-23.1396758012806,0.));
#4931=CARTESIAN_POINT('',(-6.03889300000004,-27.852859,0.));
#4932=CARTESIAN_POINT('Origin',(0.000265821625817786,0.0011112920440004,
0.));
#4933=CARTESIAN_POINT('',(-5.469657,-31.402205,0.));
#4934=CARTESIAN_POINT('Origin',(4.08179943339455,-28.0500448611953,0.));
#4935=CARTESIAN_POINT('',(-4.501862,-31.555489,0.));
#4936=CARTESIAN_POINT('Origin',(-0.000235664142428371,-0.00155621476715773,
0.));
#4937=CARTESIAN_POINT('',(-2.863678,-28.355764,0.));
#4938=CARTESIAN_POINT('Origin',(-12.5499622282,-25.4158324760881,0.));
#4939=CARTESIAN_POINT('',(-1.607397,-28.454635,0.));
#4940=CARTESIAN_POINT('Origin',(7.79834002626045E-5,0.00112040271913472,
0.));
#4941=CARTESIAN_POINT('',(-0.489928999999999,-31.871235,0.));
#4942=CARTESIAN_POINT('Origin',(8.4195409759257,-27.0661677575456,0.));
#4943=CARTESIAN_POINT('',(0.489928999999999,-31.871235,0.));
#4944=CARTESIAN_POINT('Origin',(-6.93889390390723E-17,-0.00159815102427796,
0.));
#4945=CARTESIAN_POINT('',(1.607397,-28.454635,0.));
#4946=CARTESIAN_POINT('Origin',(-8.41954097592565,-27.0661677575456,0.));
#4947=CARTESIAN_POINT('',(2.863678,-28.355764,0.));
#4948=CARTESIAN_POINT('Origin',(-7.79834005226743E-5,0.00112040272243874,
0.));
#4949=CARTESIAN_POINT('',(4.501862,-31.555489,0.));
#4950=CARTESIAN_POINT('Origin',(12.5499622282001,-25.415832476088,0.));
#4951=CARTESIAN_POINT('',(5.469657,-31.402205,0.));
#4952=CARTESIAN_POINT('Origin',(0.000235664145809,-0.00155621478850065,
0.));
#4953=CARTESIAN_POINT('',(6.03889300000001,-27.852859,0.));
#4954=CARTESIAN_POINT('Origin',(-4.08179943339442,-28.0500448611954,0.));
#4955=CARTESIAN_POINT('',(7.26424100000003,-27.558679,0.));
#4956=CARTESIAN_POINT('Origin',(-0.000265821623908202,0.00111129203603788,
0.));
#4957=CARTESIAN_POINT('',(9.382803,-30.462742,0.));
#4958=CARTESIAN_POINT('Origin',(16.3713651314578,-23.1396758012805,0.));
#4959=CARTESIAN_POINT('',(10.314704,-30.159949,0.));
#4960=CARTESIAN_POINT('Origin',(0.000486760934157449,-0.00149810457753308,
0.));
#4961=CARTESIAN_POINT('',(10.321691,-26.565253,0.));
#4962=CARTESIAN_POINT('Origin',(0.356447526504713,-28.3432383759937,0.));
#4963=CARTESIAN_POINT('',(11.485933,-26.083009,0.));
#4964=CARTESIAN_POINT('Origin',(-0.000418291768062851,0.00105476353182254,
0.));
#4965=CARTESIAN_POINT('',(14.032708,-28.619901,0.));
#4966=CARTESIAN_POINT('Origin',(19.7896462393004,-20.2937411380355,0.));
#4967=CARTESIAN_POINT('',(14.9057680000003,-28.1750549999999,0.));
#4968=CARTESIAN_POINT('Origin',(0.00073289651206343,-0.0014194411927626,
0.));
#4969=CARTESIAN_POINT('',(14.350335,-24.623523,0.));
#4970=CARTESIAN_POINT('Origin',(4.78591914531202,-27.938524772101,0.));
#4971=CARTESIAN_POINT('',(15.4248039999999,-23.9650880000001,0.));
#4972=CARTESIAN_POINT('Origin',(-0.000592658913554089,0.000983642778882299,
0.));
#4973=CARTESIAN_POINT('',(18.337081,-26.072344,0.));
#4974=CARTESIAN_POINT('Origin',(22.7206456076196,-16.9481099383021,0.));
#4975=CARTESIAN_POINT('',(19.129803,-25.496397,0.));
#4976=CARTESIAN_POINT('Origin',(0.000909598116531907,-0.00128533645921802,
0.));
#4977=CARTESIAN_POINT('',(18.025626,-22.075479,0.));
#4978=CARTESIAN_POINT('Origin',(9.09754432821661,-26.8458727484416,0.));
#4979=CARTESIAN_POINT('',(18.983864,-21.257067,0.));
#4980=CARTESIAN_POINT('Origin',(-0.000727170822809597,0.000866096231337821,
0.));
#4981=CARTESIAN_POINT('',(22.189934,-22.882798,0.));
#4982=CARTESIAN_POINT('Origin',(25.0921828254363,-13.1851567811286,0.));
#4983=CARTESIAN_POINT('',(22.8827980000001,-22.1899339999999,0.));
#4984=CARTESIAN_POINT('Origin',(0.00113735900155287,-0.00113735900155287,
0.));
#4985=CARTESIAN_POINT('',(21.257067,-18.983864,0.));
#4986=CARTESIAN_POINT('Origin',(13.1851567811286,-25.0921828254363,0.));
#4987=CARTESIAN_POINT('',(22.075479,-18.025626,0.));
#4988=CARTESIAN_POINT('Origin',(-0.00086609624049494,0.000727170830634449,
0.));
#4989=CARTESIAN_POINT('',(25.496397,-19.129803,0.));
#4990=CARTESIAN_POINT('Origin',(26.8458727484416,-9.09754432821661,0.));
#4991=CARTESIAN_POINT('',(26.072344,-18.337081,0.));
#4992=CARTESIAN_POINT('Origin',(0.00128533645479934,-0.000909598113316701,
0.));
#4993=CARTESIAN_POINT('',(23.965088,-15.424804,0.));
#4994=CARTESIAN_POINT('Origin',(16.9481099383021,-22.7206456076197,0.));
#4995=CARTESIAN_POINT('',(24.623523,-14.350335,0.));
#4996=CARTESIAN_POINT('Origin',(-0.000983642768068727,0.000592658906926058,
0.));
#4997=CARTESIAN_POINT('',(28.175055,-14.905768,0.));
#4998=CARTESIAN_POINT('Origin',(27.938524772101,-4.78591914531179,0.));
#4999=CARTESIAN_POINT('',(28.619901,-14.032708,0.));
#5000=CARTESIAN_POINT('Origin',(0.00141944114117276,-0.00073289648577779,
0.));
#5001=CARTESIAN_POINT('',(26.083009,-11.485933,0.));
#5002=CARTESIAN_POINT('Origin',(20.2937411380354,-19.7896462393005,0.));
#5003=CARTESIAN_POINT('',(26.565253,-10.321691,0.));
#5004=CARTESIAN_POINT('Origin',(-0.00105476354255618,0.000418291772508184,
0.));
#5005=CARTESIAN_POINT('',(30.159949,-10.314704,0.));
#5006=CARTESIAN_POINT('Origin',(28.3432383759937,-0.356447526504688,0.));
#5007=CARTESIAN_POINT('',(30.462742,-9.38280299999996,0.));
#5008=CARTESIAN_POINT('Origin',(0.00149810457401589,-0.000486760933012809,
0.));
#5009=CARTESIAN_POINT('',(27.558679,-7.264241,0.));
#5010=CARTESIAN_POINT('Origin',(23.1396758012806,-16.3713651314576,0.));
#5011=CARTESIAN_POINT('',(27.852859,-6.038893,0.));
#5012=CARTESIAN_POINT('Origin',(-0.00111129204293459,0.000265821625563545,
0.));
#5013=CARTESIAN_POINT('',(31.402205,-5.469657,0.));
#5014=CARTESIAN_POINT('Origin',(28.0500448611953,4.08179943339462,0.));
#5015=CARTESIAN_POINT('',(31.555489,-4.50186199999997,0.));
#5016=CARTESIAN_POINT('Origin',(0.00155621477074153,-0.00023566414299625,
0.));
#5017=CARTESIAN_POINT('',(28.355764,-2.863678,0.));
#5018=CARTESIAN_POINT('Origin',(25.415832476088,-12.5499622282001,0.));
#5019=CARTESIAN_POINT('',(28.454635,-1.60739700000007,0.));
#5020=CARTESIAN_POINT('Origin',(-0.00112040271869507,7.79834002276325E-5,
0.));
#5021=CARTESIAN_POINT('',(31.871235,-0.489928999999998,0.));
#5022=CARTESIAN_POINT('Origin',(27.0661677575456,8.4195409759257,0.));
#5023=CARTESIAN_POINT('',(31.871235,0.489928999999908,0.));
#5024=CARTESIAN_POINT('Origin',(0.00159815102427796,0.,0.));
#5025=CARTESIAN_POINT('',(28.454635,1.607397,0.));
#5026=CARTESIAN_POINT('Origin',(27.0661677575456,-8.41954097592559,0.));
#5027=CARTESIAN_POINT('',(28.355764,2.863678,0.));
#5028=CARTESIAN_POINT('Origin',(-0.00112040270786373,-7.79833993758139E-5,
0.));
#5029=CARTESIAN_POINT('',(31.555489,4.501862,0.));
#5030=CARTESIAN_POINT('Origin',(25.415832476088,12.5499622282001,0.));
#5031=CARTESIAN_POINT('',(31.402205,5.469657,0.));
#5032=CARTESIAN_POINT('Origin',(0.00155621478307832,0.000235664144949688,
0.));
#5033=CARTESIAN_POINT('',(27.852859,6.038893,0.));
#5034=CARTESIAN_POINT('Origin',(28.0500448611953,-4.08179943339449,0.));
#5035=CARTESIAN_POINT('',(27.558679,7.264241,0.));
#5036=CARTESIAN_POINT('Origin',(-0.00111129204605209,-0.000265821626311835,
0.));
#5037=CARTESIAN_POINT('',(30.462742,9.382803,0.));
#5038=CARTESIAN_POINT('Origin',(23.1396758012804,16.3713651314579,0.));
#5039=CARTESIAN_POINT('',(30.159949,10.3147040000001,0.));
#5040=CARTESIAN_POINT('Origin',(0.00149810458318633,0.000486760935993757,
0.));
#5041=CARTESIAN_POINT('',(26.565253,10.321691,0.));
#5042=CARTESIAN_POINT('Origin',(28.3432383759937,0.356447526504688,0.));
#5043=CARTESIAN_POINT('',(26.083009,11.485933,0.));
#5044=CARTESIAN_POINT('Origin',(-0.00105476353670753,-0.000418291770087897,
0.));
#5045=CARTESIAN_POINT('',(28.619901,14.032708,0.));
#5046=CARTESIAN_POINT('Origin',(20.2937411380354,19.7896462393005,0.));
#5047=CARTESIAN_POINT('',(28.175055,14.905768,0.));
#5048=CARTESIAN_POINT('Origin',(0.0014194411780144,0.000732896504551661,
0.));
#5049=CARTESIAN_POINT('',(24.623523,14.350335,0.));
#5050=CARTESIAN_POINT('Origin',(27.938524772101,4.78591914531179,0.));
#5051=CARTESIAN_POINT('',(23.965088,15.424804,0.));
#5052=CARTESIAN_POINT('Origin',(-0.000983642766825277,-0.000592658906164445,
0.));
#5053=CARTESIAN_POINT('',(26.072344,18.337081,0.));
#5054=CARTESIAN_POINT('Origin',(16.9481099383021,22.7206456076196,0.));
#5055=CARTESIAN_POINT('',(25.496397,19.129803,0.));
#5056=CARTESIAN_POINT('Origin',(0.00128533647041795,0.000909598124665401,
0.));
#5057=CARTESIAN_POINT('',(22.075479,18.025626,0.));
#5058=CARTESIAN_POINT('Origin',(26.8458727484416,9.09754432821661,0.));
#5059=CARTESIAN_POINT('',(21.257067,18.983864,0.));
#5060=CARTESIAN_POINT('Origin',(-0.000866096234335423,-0.000727170825371992,
0.));
#5061=CARTESIAN_POINT('',(22.882798,22.189934,0.));
#5062=CARTESIAN_POINT('Origin',(13.1851567811286,25.0921828254363,0.));
#5063=CARTESIAN_POINT('',(22.189934,22.882798,0.));
#5064=CARTESIAN_POINT('Origin',(0.00113735900126422,0.00113735900126422,
0.));
#5065=CARTESIAN_POINT('',(18.983864,21.257067,0.));
#5066=CARTESIAN_POINT('Origin',(25.0921828254363,13.1851567811286,0.));
#5067=CARTESIAN_POINT('',(18.0256260000001,22.0754789999999,0.));
#5068=CARTESIAN_POINT('Origin',(-0.000727170825367551,-0.000866096234330982,
0.));
#5069=CARTESIAN_POINT('',(19.129803,25.496397,0.));
#5070=CARTESIAN_POINT('Origin',(9.09754432821661,26.8458727484416,0.));
#5071=CARTESIAN_POINT('',(18.337081,26.072344,0.));
#5072=CARTESIAN_POINT('Origin',(0.00090959812466318,0.00128533647041351,
0.));
#5073=CARTESIAN_POINT('',(15.424804,23.965088,0.));
#5074=CARTESIAN_POINT('Origin',(22.7206456076197,16.9481099383021,0.));
#5075=CARTESIAN_POINT('',(14.350335,24.623523,0.));
#5076=CARTESIAN_POINT('Origin',(-0.000592658906162224,-0.000983642766825277,
0.));
#5077=CARTESIAN_POINT('',(14.905768,28.175055,0.));
#5078=CARTESIAN_POINT('Origin',(4.78591914531179,27.938524772101,0.));
#5079=CARTESIAN_POINT('',(14.0327079999999,28.619901,0.));
#5080=CARTESIAN_POINT('Origin',(0.000732896489328283,0.00141944114814052,
0.));
#5081=CARTESIAN_POINT('',(11.485933,26.083009,0.));
#5082=CARTESIAN_POINT('Origin',(19.7896462393006,20.2937411380354,0.));
#5083=CARTESIAN_POINT('',(10.321691,26.565253,0.));
#5084=CARTESIAN_POINT('Origin',(-0.000418291768702339,-0.00105476353336798,
0.));
#5085=CARTESIAN_POINT('',(10.314704,30.159949,0.));
#5086=CARTESIAN_POINT('Origin',(0.356447526504688,28.3432383759937,0.));
#5087=CARTESIAN_POINT('',(9.382803,30.462742,0.));
#5088=CARTESIAN_POINT('Origin',(0.000486760934156338,0.00149810457753308,
0.));
#5089=CARTESIAN_POINT('Origin',(16.3713651314576,23.1396758012806,0.));
#5090=CARTESIAN_POINT('Origin',(0.,0.,-6.));
#5091=CARTESIAN_POINT('',(-35.,-4.28626379701574E-15,-6.));
#5092=CARTESIAN_POINT('Origin',(0.,0.,-6.));
#5093=CARTESIAN_POINT('Origin',(-0.000265821626557194,-0.0011112920470735,
0.));
#5094=CARTESIAN_POINT('',(7.264241,27.558679,6.));
#5095=CARTESIAN_POINT('',(7.264241,27.558679,0.));
#5096=CARTESIAN_POINT('',(6.03889300000004,27.852859,6.));
#5097=CARTESIAN_POINT('Origin',(-0.000265821626557194,-0.0011112920470735,
6.));
#5098=CARTESIAN_POINT('',(6.03889300000004,27.852859,0.));
#5099=CARTESIAN_POINT('Origin',(-4.08179943339462,28.0500448611953,0.));
#5100=CARTESIAN_POINT('',(5.469657,31.402205,6.));
#5101=CARTESIAN_POINT('Origin',(-4.08179943339462,28.0500448611953,6.));
#5102=CARTESIAN_POINT('',(5.469657,31.402205,0.));
#5103=CARTESIAN_POINT('Origin',(0.000235664144599412,0.00155621478086676,
0.));
#5104=CARTESIAN_POINT('',(4.50186200000005,31.555489,6.));
#5105=CARTESIAN_POINT('Origin',(0.000235664144599412,0.00155621478086676,
6.));
#5106=CARTESIAN_POINT('',(4.50186200000005,31.555489,0.));
#5107=CARTESIAN_POINT('Origin',(12.5499622282002,25.415832476088,0.));
#5108=CARTESIAN_POINT('',(2.863678,28.355764,6.));
#5109=CARTESIAN_POINT('Origin',(12.5499622282002,25.415832476088,6.));
#5110=CARTESIAN_POINT('',(2.863678,28.355764,0.));
#5111=CARTESIAN_POINT('Origin',(-7.79833994171697E-5,-0.0011204027083922,
0.));
#5112=CARTESIAN_POINT('',(1.607397,28.454635,6.));
#5113=CARTESIAN_POINT('Origin',(-7.79833994171697E-5,-0.0011204027083922,
6.));
#5114=CARTESIAN_POINT('',(1.607397,28.454635,0.));
#5115=CARTESIAN_POINT('Origin',(-8.41954097592565,27.0661677575456,0.));
#5116=CARTESIAN_POINT('',(0.489928999999997,31.871235,6.));
#5117=CARTESIAN_POINT('Origin',(-8.41954097592565,27.0661677575456,6.));
#5118=CARTESIAN_POINT('',(0.489928999999997,31.871235,0.));
#5119=CARTESIAN_POINT('Origin',(0.,0.00159815102427796,0.));
#5120=CARTESIAN_POINT('',(-0.489929,31.871235,6.));
#5121=CARTESIAN_POINT('Origin',(0.,0.00159815102427796,6.));
#5122=CARTESIAN_POINT('',(-0.489929,31.871235,0.));
#5123=CARTESIAN_POINT('Origin',(8.41954097592559,27.0661677575456,0.));
#5124=CARTESIAN_POINT('',(-1.607397,28.454635,6.));
#5125=CARTESIAN_POINT('Origin',(8.41954097592559,27.0661677575456,6.));
#5126=CARTESIAN_POINT('',(-1.607397,28.454635,0.));
#5127=CARTESIAN_POINT('Origin',(7.79833993347356E-5,-0.00112040270734415,
0.));
#5128=CARTESIAN_POINT('',(-2.863678,28.355764,6.));
#5129=CARTESIAN_POINT('Origin',(7.79833993347356E-5,-0.00112040270734415,
6.));
#5130=CARTESIAN_POINT('',(-2.863678,28.355764,0.));
#5131=CARTESIAN_POINT('Origin',(-12.5499622282001,25.415832476088,0.));
#5132=CARTESIAN_POINT('',(-4.501862,31.555489,6.));
#5133=CARTESIAN_POINT('Origin',(-12.5499622282001,25.415832476088,6.));
#5134=CARTESIAN_POINT('',(-4.501862,31.555489,0.));
#5135=CARTESIAN_POINT('Origin',(-0.000235664143689585,0.00155621477512469,
0.));
#5136=CARTESIAN_POINT('',(-5.469657,31.402205,6.));
#5137=CARTESIAN_POINT('Origin',(-0.000235664143689585,0.00155621477512469,
6.));
#5138=CARTESIAN_POINT('',(-5.469657,31.402205,0.));
#5139=CARTESIAN_POINT('Origin',(4.08179943339449,28.0500448611953,0.));
#5140=CARTESIAN_POINT('',(-6.038893,27.852859,6.));
#5141=CARTESIAN_POINT('Origin',(4.08179943339449,28.0500448611953,6.));
#5142=CARTESIAN_POINT('',(-6.038893,27.852859,0.));
#5143=CARTESIAN_POINT('Origin',(0.000265821627545293,-0.0011112920511902,
0.));
#5144=CARTESIAN_POINT('',(-7.264241,27.558679,6.));
#5145=CARTESIAN_POINT('Origin',(0.000265821627545293,-0.0011112920511902,
6.));
#5146=CARTESIAN_POINT('',(-7.264241,27.558679,0.));
#5147=CARTESIAN_POINT('Origin',(-16.3713651314578,23.1396758012805,0.));
#5148=CARTESIAN_POINT('',(-9.382803,30.462742,6.));
#5149=CARTESIAN_POINT('Origin',(-16.3713651314578,23.1396758012805,6.));
#5150=CARTESIAN_POINT('',(-9.382803,30.462742,0.));
#5151=CARTESIAN_POINT('Origin',(-0.000486760936890818,0.00149810458594413,
0.));
#5152=CARTESIAN_POINT('',(-10.314704,30.159949,6.));
#5153=CARTESIAN_POINT('Origin',(-0.000486760936890818,0.00149810458594413,
6.));
#5154=CARTESIAN_POINT('',(-10.314704,30.159949,0.));
#5155=CARTESIAN_POINT('Origin',(-0.35644752650474,28.3432383759937,0.));
#5156=CARTESIAN_POINT('',(-10.321691,26.565253,6.));
#5157=CARTESIAN_POINT('Origin',(-0.35644752650474,28.3432383759937,6.));
#5158=CARTESIAN_POINT('',(-10.321691,26.565253,0.));
#5159=CARTESIAN_POINT('Origin',(0.000418291775396984,-0.00105476354952838,
0.));
#5160=CARTESIAN_POINT('',(-11.485933,26.083009,6.));
#5161=CARTESIAN_POINT('Origin',(0.000418291775396984,-0.00105476354952838,
6.));
#5162=CARTESIAN_POINT('',(-11.485933,26.083009,0.));
#5163=CARTESIAN_POINT('Origin',(-19.7896462393005,20.2937411380354,0.));
#5164=CARTESIAN_POINT('',(-14.032708,28.619901,6.));
#5165=CARTESIAN_POINT('Origin',(-19.7896462393005,20.2937411380354,6.));
#5166=CARTESIAN_POINT('',(-14.032708,28.619901,0.));
#5167=CARTESIAN_POINT('Origin',(-0.000732896500679203,0.00141944117041604,
0.));
#5168=CARTESIAN_POINT('',(-14.905768,28.175055,6.));
#5169=CARTESIAN_POINT('Origin',(-0.000732896500679203,0.00141944117041604,
6.));
#5170=CARTESIAN_POINT('',(-14.905768,28.175055,0.));
#5171=CARTESIAN_POINT('Origin',(-4.78591914531202,27.938524772101,0.));
#5172=CARTESIAN_POINT('',(-14.350335,24.623523,6.));
#5173=CARTESIAN_POINT('Origin',(-4.78591914531202,27.938524772101,6.));
#5174=CARTESIAN_POINT('',(-14.350335,24.623523,0.));
#5175=CARTESIAN_POINT('Origin',(0.00059265890868021,-0.000983642770928661,
0.));
#5176=CARTESIAN_POINT('',(-15.424804,23.965088,6.));
#5177=CARTESIAN_POINT('Origin',(0.00059265890868021,-0.000983642770928661,
6.));
#5178=CARTESIAN_POINT('',(-15.424804,23.965088,0.));
#5179=CARTESIAN_POINT('Origin',(-22.7206456076196,16.9481099383021,0.));
#5180=CARTESIAN_POINT('',(-18.337081,26.072344,6.));
#5181=CARTESIAN_POINT('Origin',(-22.7206456076196,16.9481099383021,6.));
#5182=CARTESIAN_POINT('',(-18.337081,26.072344,0.));
#5183=CARTESIAN_POINT('Origin',(-0.000909598129474887,0.00128533647703932,
0.));
#5184=CARTESIAN_POINT('',(-19.129803,25.496397,6.));
#5185=CARTESIAN_POINT('Origin',(-0.000909598129474887,0.00128533647703932,
6.));
#5186=CARTESIAN_POINT('',(-19.129803,25.496397,0.));
#5187=CARTESIAN_POINT('Origin',(-9.09754432821654,26.8458727484416,0.));
#5188=CARTESIAN_POINT('',(-18.025626,22.075479,6.));
#5189=CARTESIAN_POINT('Origin',(-9.09754432821654,26.8458727484416,6.));
#5190=CARTESIAN_POINT('',(-18.025626,22.075479,0.));
#5191=CARTESIAN_POINT('Origin',(0.000727170827938828,-0.000866096237341907,
0.));
#5192=CARTESIAN_POINT('',(-18.983864,21.257067,6.));
#5193=CARTESIAN_POINT('Origin',(0.000727170827938828,-0.000866096237341907,
6.));
#5194=CARTESIAN_POINT('',(-18.983864,21.257067,0.));
#5195=CARTESIAN_POINT('Origin',(-25.0921828254363,13.1851567811286,0.));
#5196=CARTESIAN_POINT('',(-22.189934,22.882798,6.));
#5197=CARTESIAN_POINT('Origin',(-25.0921828254363,13.1851567811286,6.));
#5198=CARTESIAN_POINT('',(-22.189934,22.882798,0.));
#5199=CARTESIAN_POINT('Origin',(-0.00113735898259915,0.00113735898259915,
0.));
#5200=CARTESIAN_POINT('',(-22.882798,22.189934,6.));
#5201=CARTESIAN_POINT('Origin',(-0.00113735898259915,0.00113735898259915,
6.));
#5202=CARTESIAN_POINT('',(-22.882798,22.189934,0.));
#5203=CARTESIAN_POINT('Origin',(-13.1851567811287,25.0921828254362,0.));
#5204=CARTESIAN_POINT('',(-21.257067,18.983864,6.));
#5205=CARTESIAN_POINT('Origin',(-13.1851567811287,25.0921828254362,6.));
#5206=CARTESIAN_POINT('',(-21.257067,18.983864,0.));
#5207=CARTESIAN_POINT('Origin',(0.000866096243337111,-0.000727170833056956,
0.));
#5208=CARTESIAN_POINT('',(-22.075479,18.025626,6.));
#5209=CARTESIAN_POINT('Origin',(0.000866096243337111,-0.000727170833056956,
6.));
#5210=CARTESIAN_POINT('',(-22.075479,18.025626,0.));
#5211=CARTESIAN_POINT('Origin',(-26.8458727484416,9.09754432821648,0.));
#5212=CARTESIAN_POINT('',(-25.496397,19.129803,6.));
#5213=CARTESIAN_POINT('Origin',(-26.8458727484416,9.09754432821648,6.));
#5214=CARTESIAN_POINT('',(-25.496397,19.129803,0.));
#5215=CARTESIAN_POINT('Origin',(-0.00128533647935747,0.000909598131157985,
0.));
#5216=CARTESIAN_POINT('',(-26.072344,18.337081,6.));
#5217=CARTESIAN_POINT('Origin',(-0.00128533647935747,0.000909598131157985,
6.));
#5218=CARTESIAN_POINT('',(-26.072344,18.337081,0.));
#5219=CARTESIAN_POINT('Origin',(-16.9481099383021,22.7206456076197,0.));
#5220=CARTESIAN_POINT('',(-23.965088,15.424804,6.));
#5221=CARTESIAN_POINT('Origin',(-16.9481099383021,22.7206456076197,6.));
#5222=CARTESIAN_POINT('',(-23.965088,15.424804,0.));
#5223=CARTESIAN_POINT('Origin',(0.000983642758667358,-0.000592658901164,
0.));
#5224=CARTESIAN_POINT('',(-24.623523,14.3503349999999,6.));
#5225=CARTESIAN_POINT('Origin',(0.000983642758667358,-0.000592658901164,
6.));
#5226=CARTESIAN_POINT('',(-24.623523,14.3503349999999,0.));
#5227=CARTESIAN_POINT('Origin',(-27.938524772101,4.78591914531179,0.));
#5228=CARTESIAN_POINT('',(-28.175055,14.905768,6.));
#5229=CARTESIAN_POINT('Origin',(-27.938524772101,4.78591914531179,6.));
#5230=CARTESIAN_POINT('',(-28.175055,14.905768,0.));
#5231=CARTESIAN_POINT('Origin',(-0.00141944112617587,0.000732896478137235,
0.));
#5232=CARTESIAN_POINT('',(-28.6199009999999,14.0327080000001,6.));
#5233=CARTESIAN_POINT('Origin',(-0.00141944112617587,0.000732896478137235,
6.));
#5234=CARTESIAN_POINT('',(-28.6199009999999,14.0327080000001,0.));
#5235=CARTESIAN_POINT('Origin',(-20.2937411380355,19.7896462393004,0.));
#5236=CARTESIAN_POINT('',(-26.083009,11.485933,6.));
#5237=CARTESIAN_POINT('Origin',(-20.2937411380355,19.7896462393004,6.));
#5238=CARTESIAN_POINT('',(-26.083009,11.485933,0.));
#5239=CARTESIAN_POINT('Origin',(0.00105476354884892,-0.000418291775114987,
0.));
#5240=CARTESIAN_POINT('',(-26.5652530000001,10.3216909999999,6.));
#5241=CARTESIAN_POINT('Origin',(0.00105476354884892,-0.000418291775114987,
6.));
#5242=CARTESIAN_POINT('',(-26.5652530000001,10.3216909999999,0.));
#5243=CARTESIAN_POINT('Origin',(-28.3432383759937,0.356447526504713,0.));
#5244=CARTESIAN_POINT('',(-30.159949,10.314704,6.));
#5245=CARTESIAN_POINT('Origin',(-28.3432383759937,0.356447526504713,6.));
#5246=CARTESIAN_POINT('',(-30.159949,10.314704,0.));
#5247=CARTESIAN_POINT('Origin',(-0.00149810456560484,0.00048676093028055,
0.));
#5248=CARTESIAN_POINT('',(-30.462742,9.38280299999992,6.));
#5249=CARTESIAN_POINT('Origin',(-0.00149810456560484,0.00048676093028055,
6.));
#5250=CARTESIAN_POINT('',(-30.462742,9.38280299999992,0.));
#5251=CARTESIAN_POINT('Origin',(-23.1396758012806,16.3713651314577,0.));
#5252=CARTESIAN_POINT('',(-27.558679,7.264241,6.));
#5253=CARTESIAN_POINT('Origin',(-23.1396758012806,16.3713651314577,6.));
#5254=CARTESIAN_POINT('',(-27.558679,7.264241,0.));
#5255=CARTESIAN_POINT('Origin',(0.00111129204605653,-0.000265821626312945,
0.));
#5256=CARTESIAN_POINT('',(-27.852859,6.038893,6.));
#5257=CARTESIAN_POINT('Origin',(0.00111129204605653,-0.000265821626312945,
6.));
#5258=CARTESIAN_POINT('',(-27.852859,6.038893,0.));
#5259=CARTESIAN_POINT('Origin',(-28.0500448611953,-4.08179943339455,0.));
#5260=CARTESIAN_POINT('',(-31.402205,5.469657,6.));
#5261=CARTESIAN_POINT('Origin',(-28.0500448611953,-4.08179943339455,6.));
#5262=CARTESIAN_POINT('',(-31.402205,5.469657,0.));
#5263=CARTESIAN_POINT('Origin',(-0.00155621478308277,0.000235664144950243,
0.));
#5264=CARTESIAN_POINT('',(-31.555489,4.501862,6.));
#5265=CARTESIAN_POINT('Origin',(-0.00155621478308277,0.000235664144950243,
6.));
#5266=CARTESIAN_POINT('',(-31.555489,4.501862,0.));
#5267=CARTESIAN_POINT('Origin',(-25.4158324760881,12.5499622282,0.));
#5268=CARTESIAN_POINT('',(-28.355764,2.863678,6.));
#5269=CARTESIAN_POINT('Origin',(-25.4158324760881,12.5499622282,6.));
#5270=CARTESIAN_POINT('',(-28.355764,2.863678,0.));
#5271=CARTESIAN_POINT('Origin',(0.00112040270972003,-7.79833995215307E-5,
0.));
#5272=CARTESIAN_POINT('',(-28.454635,1.607397,6.));
#5273=CARTESIAN_POINT('Origin',(0.00112040270972003,-7.79833995215307E-5,
6.));
#5274=CARTESIAN_POINT('',(-28.454635,1.607397,0.));
#5275=CARTESIAN_POINT('Origin',(-27.0661677575456,-8.41954097592565,0.));
#5276=CARTESIAN_POINT('',(-31.871235,0.489929,6.));
#5277=CARTESIAN_POINT('Origin',(-27.0661677575456,-8.41954097592565,6.));
#5278=CARTESIAN_POINT('',(-31.871235,0.489929,0.));
#5279=CARTESIAN_POINT('Origin',(-0.00159815102427796,6.93889390390723E-17,
0.));
#5280=CARTESIAN_POINT('',(-31.871235,-0.489928999999907,6.));
#5281=CARTESIAN_POINT('Origin',(-0.00159815102427796,6.93889390390723E-17,
6.));
#5282=CARTESIAN_POINT('',(-31.871235,-0.489928999999906,0.));
#5283=CARTESIAN_POINT('Origin',(-27.0661677575456,8.41954097592565,0.));
#5284=CARTESIAN_POINT('',(-28.454635,-1.607397,6.));
#5285=CARTESIAN_POINT('Origin',(-27.0661677575456,8.41954097592565,6.));
#5286=CARTESIAN_POINT('',(-28.454635,-1.607397,0.));
#5287=CARTESIAN_POINT('Origin',(0.00112040271202041,7.79833997027746E-5,
0.));
#5288=CARTESIAN_POINT('',(-28.355764,-2.86367799999992,6.));
#5289=CARTESIAN_POINT('Origin',(0.00112040271202041,7.79833997027746E-5,
6.));
#5290=CARTESIAN_POINT('',(-28.355764,-2.86367799999992,0.));
#5291=CARTESIAN_POINT('Origin',(-25.415832476088,-12.5499622282001,0.));
#5292=CARTESIAN_POINT('',(-31.555489,-4.501862,6.));
#5293=CARTESIAN_POINT('Origin',(-25.415832476088,-12.5499622282001,6.));
#5294=CARTESIAN_POINT('',(-31.555489,-4.501862,0.));
#5295=CARTESIAN_POINT('Origin',(-0.00155621477298418,-0.000235664143350967,
0.));
#5296=CARTESIAN_POINT('',(-31.402205,-5.46965700000019,6.));
#5297=CARTESIAN_POINT('Origin',(-0.00155621477298418,-0.000235664143350967,
6.));
#5298=CARTESIAN_POINT('',(-31.402205,-5.46965700000019,0.));
#5299=CARTESIAN_POINT('Origin',(-28.0500448611954,4.08179943339442,0.));
#5300=CARTESIAN_POINT('',(-27.852859,-6.038893,6.));
#5301=CARTESIAN_POINT('Origin',(-28.0500448611954,4.08179943339442,6.));
#5302=CARTESIAN_POINT('',(-27.852859,-6.038893,0.));
#5303=CARTESIAN_POINT('Origin',(0.00111129203501203,0.000265821623660623,
0.));
#5304=CARTESIAN_POINT('',(-27.558679,-7.26424099999984,6.));
#5305=CARTESIAN_POINT('Origin',(0.00111129203501203,0.000265821623660623,
6.));
#5306=CARTESIAN_POINT('',(-27.558679,-7.26424099999985,0.));
#5307=CARTESIAN_POINT('Origin',(-23.1396758012804,-16.3713651314579,0.));
#5308=CARTESIAN_POINT('',(-30.462742,-9.382803,6.));
#5309=CARTESIAN_POINT('Origin',(-23.1396758012804,-16.3713651314579,6.));
#5310=CARTESIAN_POINT('',(-30.462742,-9.382803,0.));
#5311=CARTESIAN_POINT('Origin',(-0.00149810458318633,-0.000486760935993757,
0.));
#5312=CARTESIAN_POINT('',(-30.1599489999999,-10.3147040000002,6.));
#5313=CARTESIAN_POINT('Origin',(-0.00149810458318633,-0.000486760935993757,
6.));
#5314=CARTESIAN_POINT('',(-30.1599489999999,-10.3147040000002,0.));
#5315=CARTESIAN_POINT('Origin',(-28.3432383759937,-0.356447526504717,0.));
#5316=CARTESIAN_POINT('',(-26.565253,-10.321691,6.));
#5317=CARTESIAN_POINT('Origin',(-28.3432383759937,-0.356447526504717,6.));
#5318=CARTESIAN_POINT('',(-26.565253,-10.321691,0.));
#5319=CARTESIAN_POINT('Origin',(0.00105476354412382,0.000418291773156554,
0.));
#5320=CARTESIAN_POINT('',(-26.083009,-11.485933,6.));
#5321=CARTESIAN_POINT('Origin',(0.00105476354412382,0.000418291773156554,
6.));
#5322=CARTESIAN_POINT('',(-26.083009,-11.485933,0.));
#5323=CARTESIAN_POINT('Origin',(-20.2937411380354,-19.7896462393005,0.));
#5324=CARTESIAN_POINT('',(-28.619901,-14.032708,6.));
#5325=CARTESIAN_POINT('Origin',(-20.2937411380354,-19.7896462393005,6.));
#5326=CARTESIAN_POINT('',(-28.619901,-14.032708,0.));
#5327=CARTESIAN_POINT('Origin',(-0.00141944120040982,-0.000732896515962533,
0.));
#5328=CARTESIAN_POINT('',(-28.175055,-14.905768,6.));
#5329=CARTESIAN_POINT('Origin',(-0.00141944120040982,-0.000732896515962533,
6.));
#5330=CARTESIAN_POINT('',(-28.175055,-14.905768,0.));
#5331=CARTESIAN_POINT('Origin',(-27.938524772101,-4.78591914531202,0.));
#5332=CARTESIAN_POINT('',(-24.623523,-14.350335,6.));
#5333=CARTESIAN_POINT('Origin',(-27.938524772101,-4.78591914531202,6.));
#5334=CARTESIAN_POINT('',(-24.623523,-14.350335,0.));
#5335=CARTESIAN_POINT('Origin',(0.000983642771710258,0.000592658909157606,
0.));
#5336=CARTESIAN_POINT('',(-23.965088,-15.424804,6.));
#5337=CARTESIAN_POINT('Origin',(0.000983642771710258,0.000592658909157606,
6.));
#5338=CARTESIAN_POINT('',(-23.965088,-15.424804,0.));
#5339=CARTESIAN_POINT('Origin',(-16.9481099383021,-22.7206456076197,0.));
#5340=CARTESIAN_POINT('',(-26.072344,-18.337081,6.));
#5341=CARTESIAN_POINT('Origin',(-16.9481099383021,-22.7206456076197,6.));
#5342=CARTESIAN_POINT('',(-26.072344,-18.337081,0.));
#5343=CARTESIAN_POINT('Origin',(-0.001285336448138,-0.000909598108478349,
0.));
#5344=CARTESIAN_POINT('',(-25.496397,-19.129803,6.));
#5345=CARTESIAN_POINT('Origin',(-0.001285336448138,-0.000909598108478349,
6.));
#5346=CARTESIAN_POINT('',(-25.496397,-19.129803,0.));
#5347=CARTESIAN_POINT('Origin',(-26.8458727484416,-9.09754432821654,0.));
#5348=CARTESIAN_POINT('',(-22.075479,-18.025626,6.));
#5349=CARTESIAN_POINT('Origin',(-26.8458727484416,-9.09754432821654,6.));
#5350=CARTESIAN_POINT('',(-22.075479,-18.025626,0.));
#5351=CARTESIAN_POINT('Origin',(0.000866096226936897,0.000727170819052603,
0.));
#5352=CARTESIAN_POINT('',(-21.257067,-18.983864,6.));
#5353=CARTESIAN_POINT('Origin',(0.000866096226936897,0.000727170819052603,
6.));
#5354=CARTESIAN_POINT('',(-21.257067,-18.983864,0.));
#5355=CARTESIAN_POINT('Origin',(-13.1851567811287,-25.0921828254362,0.));
#5356=CARTESIAN_POINT('',(-22.882798,-22.189934,6.));
#5357=CARTESIAN_POINT('Origin',(-13.1851567811287,-25.0921828254362,6.));
#5358=CARTESIAN_POINT('',(-22.882798,-22.189934,0.));
#5359=CARTESIAN_POINT('Origin',(-0.00113735900155287,-0.00113735900155287,
0.));
#5360=CARTESIAN_POINT('',(-22.1899339999999,-22.8827980000001,6.));
#5361=CARTESIAN_POINT('Origin',(-0.00113735900155287,-0.00113735900155287,
6.));
#5362=CARTESIAN_POINT('',(-22.1899339999999,-22.8827980000001,0.));
#5363=CARTESIAN_POINT('Origin',(-25.0921828254363,-13.1851567811285,0.));
#5364=CARTESIAN_POINT('',(-18.983864,-21.257067,6.));
#5365=CARTESIAN_POINT('Origin',(-25.0921828254363,-13.1851567811285,6.));
#5366=CARTESIAN_POINT('',(-18.983864,-21.257067,0.));
#5367=CARTESIAN_POINT('Origin',(0.000727170825367551,0.000866096234330982,
0.));
#5368=CARTESIAN_POINT('',(-18.025626,-22.075479,6.));
#5369=CARTESIAN_POINT('Origin',(0.000727170825367551,0.000866096234330982,
6.));
#5370=CARTESIAN_POINT('',(-18.025626,-22.075479,0.));
#5371=CARTESIAN_POINT('Origin',(-9.09754432821661,-26.8458727484416,0.));
#5372=CARTESIAN_POINT('',(-19.129803,-25.496397,6.));
#5373=CARTESIAN_POINT('Origin',(-9.09754432821661,-26.8458727484416,6.));
#5374=CARTESIAN_POINT('',(-19.129803,-25.496397,0.));
#5375=CARTESIAN_POINT('Origin',(-0.000909598113316701,-0.00128533645479934,
0.));
#5376=CARTESIAN_POINT('',(-18.3370810000001,-26.0723439999999,6.));
#5377=CARTESIAN_POINT('Origin',(-0.000909598113316701,-0.00128533645479934,
6.));
#5378=CARTESIAN_POINT('',(-18.3370810000001,-26.0723439999999,0.));
#5379=CARTESIAN_POINT('Origin',(-22.7206456076196,-16.9481099383023,0.));
#5380=CARTESIAN_POINT('',(-15.424804,-23.965088,6.));
#5381=CARTESIAN_POINT('Origin',(-22.7206456076196,-16.9481099383023,6.));
#5382=CARTESIAN_POINT('',(-15.424804,-23.965088,0.));
#5383=CARTESIAN_POINT('Origin',(0.000592658908771249,0.000983642771079651,
0.));
#5384=CARTESIAN_POINT('',(-14.3503349999999,-24.623523,6.));
#5385=CARTESIAN_POINT('Origin',(0.000592658908771249,0.000983642771079651,
6.));
#5386=CARTESIAN_POINT('',(-14.3503349999999,-24.623523,0.));
#5387=CARTESIAN_POINT('Origin',(-4.78591914531179,-27.938524772101,0.));
#5388=CARTESIAN_POINT('',(-14.905768,-28.175055,6.));
#5389=CARTESIAN_POINT('Origin',(-4.78591914531179,-27.938524772101,6.));
#5390=CARTESIAN_POINT('',(-14.905768,-28.175055,0.));
#5391=CARTESIAN_POINT('Origin',(-0.000732896482003031,-0.00141944113376535,
0.));
#5392=CARTESIAN_POINT('',(-14.032708,-28.619901,6.));
#5393=CARTESIAN_POINT('Origin',(-0.000732896482003031,-0.00141944113376535,
6.));
#5394=CARTESIAN_POINT('',(-14.032708,-28.619901,0.));
#5395=CARTESIAN_POINT('Origin',(-19.7896462393004,-20.2937411380355,0.));
#5396=CARTESIAN_POINT('',(-11.485933,-26.083009,6.));
#5397=CARTESIAN_POINT('Origin',(-19.7896462393004,-20.2937411380355,6.));
#5398=CARTESIAN_POINT('',(-11.485933,-26.083009,0.));
#5399=CARTESIAN_POINT('Origin',(0.000418291775639013,0.00105476355011458,
0.));
#5400=CARTESIAN_POINT('',(-10.321691,-26.565253,6.));
#5401=CARTESIAN_POINT('Origin',(0.000418291775639013,0.00105476355011458,
6.));
#5402=CARTESIAN_POINT('',(-10.321691,-26.565253,0.));
#5403=CARTESIAN_POINT('Origin',(-0.356447526504688,-28.3432383759937,0.));
#5404=CARTESIAN_POINT('',(-10.314704,-30.159949,6.));
#5405=CARTESIAN_POINT('Origin',(-0.356447526504688,-28.3432383759937,6.));
#5406=CARTESIAN_POINT('',(-10.314704,-30.159949,0.));
#5407=CARTESIAN_POINT('Origin',(-0.000486760932117969,-0.0014981045712581,
0.));
#5408=CARTESIAN_POINT('',(-9.382803,-30.462742,6.));
#5409=CARTESIAN_POINT('Origin',(-0.000486760932117969,-0.0014981045712581,
6.));
#5410=CARTESIAN_POINT('',(-9.382803,-30.462742,0.));
#5411=CARTESIAN_POINT('Origin',(-16.3713651314576,-23.1396758012806,0.));
#5412=CARTESIAN_POINT('',(-7.264241,-27.558679,6.));
#5413=CARTESIAN_POINT('Origin',(-16.3713651314576,-23.1396758012806,6.));
#5414=CARTESIAN_POINT('',(-7.264241,-27.558679,0.));
#5415=CARTESIAN_POINT('Origin',(0.000265821625817786,0.0011112920440004,
0.));
#5416=CARTESIAN_POINT('',(-6.03889300000004,-27.852859,6.));
#5417=CARTESIAN_POINT('Origin',(0.000265821625817786,0.0011112920440004,
6.));
#5418=CARTESIAN_POINT('',(-6.03889300000004,-27.852859,0.));
#5419=CARTESIAN_POINT('Origin',(4.08179943339455,-28.0500448611953,0.));
#5420=CARTESIAN_POINT('',(-5.469657,-31.402205,6.));
#5421=CARTESIAN_POINT('Origin',(4.08179943339455,-28.0500448611953,6.));
#5422=CARTESIAN_POINT('',(-5.469657,-31.402205,0.));
#5423=CARTESIAN_POINT('Origin',(-0.000235664142428371,-0.00155621476715773,
0.));
#5424=CARTESIAN_POINT('',(-4.501862,-31.555489,6.));
#5425=CARTESIAN_POINT('Origin',(-0.000235664142428371,-0.00155621476715773,
6.));
#5426=CARTESIAN_POINT('',(-4.501862,-31.555489,0.));
#5427=CARTESIAN_POINT('Origin',(-12.5499622282,-25.4158324760881,0.));
#5428=CARTESIAN_POINT('',(-2.863678,-28.355764,6.));
#5429=CARTESIAN_POINT('Origin',(-12.5499622282,-25.4158324760881,6.));
#5430=CARTESIAN_POINT('',(-2.863678,-28.355764,0.));
#5431=CARTESIAN_POINT('Origin',(7.79834002626045E-5,0.00112040271913472,
0.));
#5432=CARTESIAN_POINT('',(-1.607397,-28.454635,6.));
#5433=CARTESIAN_POINT('Origin',(7.79834002626045E-5,0.00112040271913472,
6.));
#5434=CARTESIAN_POINT('',(-1.607397,-28.454635,0.));
#5435=CARTESIAN_POINT('Origin',(8.4195409759257,-27.0661677575456,0.));
#5436=CARTESIAN_POINT('',(-0.489928999999999,-31.871235,6.));
#5437=CARTESIAN_POINT('Origin',(8.4195409759257,-27.0661677575456,6.));
#5438=CARTESIAN_POINT('',(-0.489928999999999,-31.871235,0.));
#5439=CARTESIAN_POINT('Origin',(-6.93889390390723E-17,-0.00159815102427796,
0.));
#5440=CARTESIAN_POINT('',(0.489928999999999,-31.871235,6.));
#5441=CARTESIAN_POINT('Origin',(-6.93889390390723E-17,-0.00159815102427796,
6.));
#5442=CARTESIAN_POINT('',(0.489928999999999,-31.871235,0.));
#5443=CARTESIAN_POINT('Origin',(-8.41954097592565,-27.0661677575456,0.));
#5444=CARTESIAN_POINT('',(1.607397,-28.454635,6.));
#5445=CARTESIAN_POINT('Origin',(-8.41954097592565,-27.0661677575456,6.));
#5446=CARTESIAN_POINT('',(1.607397,-28.454635,0.));
#5447=CARTESIAN_POINT('Origin',(-7.79834005226743E-5,0.00112040272243874,
0.));
#5448=CARTESIAN_POINT('',(2.863678,-28.355764,6.));
#5449=CARTESIAN_POINT('Origin',(-7.79834005226743E-5,0.00112040272243874,
6.));
#5450=CARTESIAN_POINT('',(2.863678,-28.355764,0.));
#5451=CARTESIAN_POINT('Origin',(12.5499622282001,-25.415832476088,0.));
#5452=CARTESIAN_POINT('',(4.501862,-31.555489,6.));
#5453=CARTESIAN_POINT('Origin',(12.5499622282001,-25.415832476088,6.));
#5454=CARTESIAN_POINT('',(4.501862,-31.555489,0.));
#5455=CARTESIAN_POINT('Origin',(0.000235664145809,-0.00155621478850065,
0.));
#5456=CARTESIAN_POINT('',(5.469657,-31.402205,6.));
#5457=CARTESIAN_POINT('Origin',(0.000235664145809,-0.00155621478850065,
6.));
#5458=CARTESIAN_POINT('',(5.469657,-31.402205,0.));
#5459=CARTESIAN_POINT('Origin',(-4.08179943339442,-28.0500448611954,0.));
#5460=CARTESIAN_POINT('',(6.03889300000001,-27.852859,6.));
#5461=CARTESIAN_POINT('Origin',(-4.08179943339442,-28.0500448611954,6.));
#5462=CARTESIAN_POINT('',(6.03889300000001,-27.852859,0.));
#5463=CARTESIAN_POINT('Origin',(-0.000265821623908202,0.00111129203603788,
0.));
#5464=CARTESIAN_POINT('',(7.26424100000003,-27.558679,6.));
#5465=CARTESIAN_POINT('Origin',(-0.000265821623908202,0.00111129203603788,
6.));
#5466=CARTESIAN_POINT('',(7.26424100000003,-27.558679,0.));
#5467=CARTESIAN_POINT('Origin',(16.3713651314578,-23.1396758012805,0.));
#5468=CARTESIAN_POINT('',(9.382803,-30.462742,6.));
#5469=CARTESIAN_POINT('Origin',(16.3713651314578,-23.1396758012805,6.));
#5470=CARTESIAN_POINT('',(9.382803,-30.462742,0.));
#5471=CARTESIAN_POINT('Origin',(0.000486760934157449,-0.00149810457753308,
0.));
#5472=CARTESIAN_POINT('',(10.314704,-30.159949,6.));
#5473=CARTESIAN_POINT('Origin',(0.000486760934157449,-0.00149810457753308,
6.));
#5474=CARTESIAN_POINT('',(10.314704,-30.159949,0.));
#5475=CARTESIAN_POINT('Origin',(0.356447526504713,-28.3432383759937,0.));
#5476=CARTESIAN_POINT('',(10.321691,-26.565253,6.));
#5477=CARTESIAN_POINT('Origin',(0.356447526504713,-28.3432383759937,6.));
#5478=CARTESIAN_POINT('',(10.321691,-26.565253,0.));
#5479=CARTESIAN_POINT('Origin',(-0.000418291768062851,0.00105476353182254,
0.));
#5480=CARTESIAN_POINT('',(11.485933,-26.083009,6.));
#5481=CARTESIAN_POINT('Origin',(-0.000418291768062851,0.00105476353182254,
6.));
#5482=CARTESIAN_POINT('',(11.485933,-26.083009,0.));
#5483=CARTESIAN_POINT('Origin',(19.7896462393004,-20.2937411380355,0.));
#5484=CARTESIAN_POINT('',(14.032708,-28.619901,6.));
#5485=CARTESIAN_POINT('Origin',(19.7896462393004,-20.2937411380355,6.));
#5486=CARTESIAN_POINT('',(14.032708,-28.619901,0.));
#5487=CARTESIAN_POINT('Origin',(0.00073289651206343,-0.0014194411927626,
0.));
#5488=CARTESIAN_POINT('',(14.9057680000003,-28.1750549999999,6.));
#5489=CARTESIAN_POINT('Origin',(0.00073289651206343,-0.0014194411927626,
6.));
#5490=CARTESIAN_POINT('',(14.9057680000003,-28.1750549999999,0.));
#5491=CARTESIAN_POINT('Origin',(4.78591914531202,-27.938524772101,0.));
#5492=CARTESIAN_POINT('',(14.350335,-24.623523,6.));
#5493=CARTESIAN_POINT('Origin',(4.78591914531202,-27.938524772101,6.));
#5494=CARTESIAN_POINT('',(14.350335,-24.623523,0.));
#5495=CARTESIAN_POINT('Origin',(-0.000592658913554089,0.000983642778882299,
0.));
#5496=CARTESIAN_POINT('',(15.4248039999999,-23.9650880000001,6.));
#5497=CARTESIAN_POINT('Origin',(-0.000592658913554089,0.000983642778882299,
6.));
#5498=CARTESIAN_POINT('',(15.4248039999999,-23.9650880000001,0.));
#5499=CARTESIAN_POINT('Origin',(22.7206456076196,-16.9481099383021,0.));
#5500=CARTESIAN_POINT('',(18.337081,-26.072344,6.));
#5501=CARTESIAN_POINT('Origin',(22.7206456076196,-16.9481099383021,6.));
#5502=CARTESIAN_POINT('',(18.337081,-26.072344,0.));
#5503=CARTESIAN_POINT('Origin',(0.000909598116531907,-0.00128533645921802,
0.));
#5504=CARTESIAN_POINT('',(19.129803,-25.496397,6.));
#5505=CARTESIAN_POINT('Origin',(0.000909598116531907,-0.00128533645921802,
6.));
#5506=CARTESIAN_POINT('',(19.129803,-25.496397,0.));
#5507=CARTESIAN_POINT('Origin',(9.09754432821661,-26.8458727484416,0.));
#5508=CARTESIAN_POINT('',(18.025626,-22.075479,6.));
#5509=CARTESIAN_POINT('Origin',(9.09754432821661,-26.8458727484416,6.));
#5510=CARTESIAN_POINT('',(18.025626,-22.075479,0.));
#5511=CARTESIAN_POINT('Origin',(-0.000727170822809597,0.000866096231337821,
0.));
#5512=CARTESIAN_POINT('',(18.983864,-21.257067,6.));
#5513=CARTESIAN_POINT('Origin',(-0.000727170822809597,0.000866096231337821,
6.));
#5514=CARTESIAN_POINT('',(18.983864,-21.257067,0.));
#5515=CARTESIAN_POINT('Origin',(25.0921828254363,-13.1851567811286,0.));
#5516=CARTESIAN_POINT('',(22.189934,-22.882798,6.));
#5517=CARTESIAN_POINT('Origin',(25.0921828254363,-13.1851567811286,6.));
#5518=CARTESIAN_POINT('',(22.189934,-22.882798,0.));
#5519=CARTESIAN_POINT('Origin',(0.00113735900155287,-0.00113735900155287,
0.));
#5520=CARTESIAN_POINT('',(22.8827980000001,-22.1899339999999,6.));
#5521=CARTESIAN_POINT('Origin',(0.00113735900155287,-0.00113735900155287,
6.));
#5522=CARTESIAN_POINT('',(22.8827980000001,-22.1899339999999,0.));
#5523=CARTESIAN_POINT('Origin',(13.1851567811286,-25.0921828254363,0.));
#5524=CARTESIAN_POINT('',(21.257067,-18.983864,6.));
#5525=CARTESIAN_POINT('Origin',(13.1851567811286,-25.0921828254363,6.));
#5526=CARTESIAN_POINT('',(21.257067,-18.983864,0.));
#5527=CARTESIAN_POINT('Origin',(-0.00086609624049494,0.000727170830634449,
0.));
#5528=CARTESIAN_POINT('',(22.075479,-18.025626,6.));
#5529=CARTESIAN_POINT('Origin',(-0.00086609624049494,0.000727170830634449,
6.));
#5530=CARTESIAN_POINT('',(22.075479,-18.025626,0.));
#5531=CARTESIAN_POINT('Origin',(26.8458727484416,-9.09754432821661,0.));
#5532=CARTESIAN_POINT('',(25.496397,-19.129803,6.));
#5533=CARTESIAN_POINT('Origin',(26.8458727484416,-9.09754432821661,6.));
#5534=CARTESIAN_POINT('',(25.496397,-19.129803,0.));
#5535=CARTESIAN_POINT('Origin',(0.00128533645479934,-0.000909598113316701,
0.));
#5536=CARTESIAN_POINT('',(26.072344,-18.337081,6.));
#5537=CARTESIAN_POINT('Origin',(0.00128533645479934,-0.000909598113316701,
6.));
#5538=CARTESIAN_POINT('',(26.072344,-18.337081,0.));
#5539=CARTESIAN_POINT('Origin',(16.9481099383021,-22.7206456076197,0.));
#5540=CARTESIAN_POINT('',(23.965088,-15.424804,6.));
#5541=CARTESIAN_POINT('Origin',(16.9481099383021,-22.7206456076197,6.));
#5542=CARTESIAN_POINT('',(23.965088,-15.424804,0.));
#5543=CARTESIAN_POINT('Origin',(-0.000983642768068727,0.000592658906926058,
0.));
#5544=CARTESIAN_POINT('',(24.623523,-14.350335,6.));
#5545=CARTESIAN_POINT('Origin',(-0.000983642768068727,0.000592658906926058,
6.));
#5546=CARTESIAN_POINT('',(24.623523,-14.350335,0.));
#5547=CARTESIAN_POINT('Origin',(27.938524772101,-4.78591914531179,0.));
#5548=CARTESIAN_POINT('',(28.175055,-14.905768,6.));
#5549=CARTESIAN_POINT('Origin',(27.938524772101,-4.78591914531179,6.));
#5550=CARTESIAN_POINT('',(28.175055,-14.905768,0.));
#5551=CARTESIAN_POINT('Origin',(0.00141944114117276,-0.00073289648577779,
0.));
#5552=CARTESIAN_POINT('',(28.619901,-14.032708,6.));
#5553=CARTESIAN_POINT('Origin',(0.00141944114117276,-0.00073289648577779,
6.));
#5554=CARTESIAN_POINT('',(28.619901,-14.032708,0.));
#5555=CARTESIAN_POINT('Origin',(20.2937411380354,-19.7896462393005,0.));
#5556=CARTESIAN_POINT('',(26.083009,-11.485933,6.));
#5557=CARTESIAN_POINT('Origin',(20.2937411380354,-19.7896462393005,6.));
#5558=CARTESIAN_POINT('',(26.083009,-11.485933,0.));
#5559=CARTESIAN_POINT('Origin',(-0.00105476354255618,0.000418291772508184,
0.));
#5560=CARTESIAN_POINT('',(26.565253,-10.321691,6.));
#5561=CARTESIAN_POINT('Origin',(-0.00105476354255618,0.000418291772508184,
6.));
#5562=CARTESIAN_POINT('',(26.565253,-10.321691,0.));
#5563=CARTESIAN_POINT('Origin',(28.3432383759937,-0.356447526504688,0.));
#5564=CARTESIAN_POINT('',(30.159949,-10.314704,6.));
#5565=CARTESIAN_POINT('Origin',(28.3432383759937,-0.356447526504688,6.));
#5566=CARTESIAN_POINT('',(30.159949,-10.314704,0.));
#5567=CARTESIAN_POINT('Origin',(0.00149810457401589,-0.000486760933012809,
0.));
#5568=CARTESIAN_POINT('',(30.462742,-9.38280299999996,6.));
#5569=CARTESIAN_POINT('Origin',(0.00149810457401589,-0.000486760933012809,
6.));
#5570=CARTESIAN_POINT('',(30.462742,-9.38280299999996,0.));
#5571=CARTESIAN_POINT('Origin',(23.1396758012806,-16.3713651314576,0.));
#5572=CARTESIAN_POINT('',(27.558679,-7.264241,6.));
#5573=CARTESIAN_POINT('Origin',(23.1396758012806,-16.3713651314576,6.));
#5574=CARTESIAN_POINT('',(27.558679,-7.264241,0.));
#5575=CARTESIAN_POINT('Origin',(-0.00111129204293459,0.000265821625563545,
0.));
#5576=CARTESIAN_POINT('',(27.852859,-6.038893,6.));
#5577=CARTESIAN_POINT('Origin',(-0.00111129204293459,0.000265821625563545,
6.));
#5578=CARTESIAN_POINT('',(27.852859,-6.038893,0.));
#5579=CARTESIAN_POINT('Origin',(28.0500448611953,4.08179943339462,0.));
#5580=CARTESIAN_POINT('',(31.402205,-5.469657,6.));
#5581=CARTESIAN_POINT('Origin',(28.0500448611953,4.08179943339462,6.));
#5582=CARTESIAN_POINT('',(31.402205,-5.469657,0.));
#5583=CARTESIAN_POINT('Origin',(0.00155621477074153,-0.00023566414299625,
0.));
#5584=CARTESIAN_POINT('',(31.555489,-4.50186199999997,6.));
#5585=CARTESIAN_POINT('Origin',(0.00155621477074153,-0.00023566414299625,
6.));
#5586=CARTESIAN_POINT('',(31.555489,-4.50186199999997,0.));
#5587=CARTESIAN_POINT('Origin',(25.415832476088,-12.5499622282001,0.));
#5588=CARTESIAN_POINT('',(28.355764,-2.863678,6.));
#5589=CARTESIAN_POINT('Origin',(25.415832476088,-12.5499622282001,6.));
#5590=CARTESIAN_POINT('',(28.355764,-2.863678,0.));
#5591=CARTESIAN_POINT('Origin',(-0.00112040271869507,7.79834002276325E-5,
0.));
#5592=CARTESIAN_POINT('',(28.454635,-1.60739700000007,6.));
#5593=CARTESIAN_POINT('Origin',(-0.00112040271869507,7.79834002276325E-5,
6.));
#5594=CARTESIAN_POINT('',(28.454635,-1.60739700000007,0.));
#5595=CARTESIAN_POINT('Origin',(27.0661677575456,8.4195409759257,0.));
#5596=CARTESIAN_POINT('',(31.871235,-0.489928999999996,6.));
#5597=CARTESIAN_POINT('Origin',(27.0661677575456,8.4195409759257,6.));
#5598=CARTESIAN_POINT('',(31.871235,-0.489928999999998,0.));
#5599=CARTESIAN_POINT('Origin',(0.00159815102427796,0.,0.));
#5600=CARTESIAN_POINT('',(31.871235,0.489928999999907,6.));
#5601=CARTESIAN_POINT('Origin',(0.00159815102427796,0.,6.));
#5602=CARTESIAN_POINT('',(31.871235,0.489928999999908,0.));
#5603=CARTESIAN_POINT('Origin',(27.0661677575456,-8.41954097592559,0.));
#5604=CARTESIAN_POINT('',(28.454635,1.607397,6.));
#5605=CARTESIAN_POINT('Origin',(27.0661677575456,-8.41954097592559,6.));
#5606=CARTESIAN_POINT('',(28.454635,1.607397,0.));
#5607=CARTESIAN_POINT('Origin',(-0.00112040270786373,-7.79833993758139E-5,
0.));
#5608=CARTESIAN_POINT('',(28.355764,2.863678,6.));
#5609=CARTESIAN_POINT('Origin',(-0.00112040270786373,-7.79833993758139E-5,
6.));
#5610=CARTESIAN_POINT('',(28.355764,2.863678,0.));
#5611=CARTESIAN_POINT('Origin',(25.415832476088,12.5499622282001,0.));
#5612=CARTESIAN_POINT('',(31.555489,4.501862,6.));
#5613=CARTESIAN_POINT('Origin',(25.415832476088,12.5499622282001,6.));
#5614=CARTESIAN_POINT('',(31.555489,4.501862,0.));
#5615=CARTESIAN_POINT('Origin',(0.00155621478307832,0.000235664144949688,
0.));
#5616=CARTESIAN_POINT('',(31.402205,5.469657,6.));
#5617=CARTESIAN_POINT('Origin',(0.00155621478307832,0.000235664144949688,
6.));
#5618=CARTESIAN_POINT('',(31.402205,5.469657,0.));
#5619=CARTESIAN_POINT('Origin',(28.0500448611953,-4.08179943339449,0.));
#5620=CARTESIAN_POINT('',(27.852859,6.038893,6.));
#5621=CARTESIAN_POINT('Origin',(28.0500448611953,-4.08179943339449,6.));
#5622=CARTESIAN_POINT('',(27.852859,6.038893,0.));
#5623=CARTESIAN_POINT('Origin',(-0.00111129204605209,-0.000265821626311835,
0.));
#5624=CARTESIAN_POINT('',(27.558679,7.264241,6.));
#5625=CARTESIAN_POINT('Origin',(-0.00111129204605209,-0.000265821626311835,
6.));
#5626=CARTESIAN_POINT('',(27.558679,7.264241,0.));
#5627=CARTESIAN_POINT('Origin',(23.1396758012804,16.3713651314579,0.));
#5628=CARTESIAN_POINT('',(30.462742,9.382803,6.));
#5629=CARTESIAN_POINT('Origin',(23.1396758012804,16.3713651314579,6.));
#5630=CARTESIAN_POINT('',(30.462742,9.382803,0.));
#5631=CARTESIAN_POINT('Origin',(0.00149810458318633,0.000486760935993757,
0.));
#5632=CARTESIAN_POINT('',(30.159949,10.3147040000001,6.));
#5633=CARTESIAN_POINT('Origin',(0.00149810458318633,0.000486760935993757,
6.));
#5634=CARTESIAN_POINT('',(30.159949,10.3147040000001,0.));
#5635=CARTESIAN_POINT('Origin',(28.3432383759937,0.356447526504688,0.));
#5636=CARTESIAN_POINT('',(26.565253,10.321691,6.));
#5637=CARTESIAN_POINT('Origin',(28.3432383759937,0.356447526504688,6.));
#5638=CARTESIAN_POINT('',(26.565253,10.321691,0.));
#5639=CARTESIAN_POINT('Origin',(-0.00105476353670753,-0.000418291770087897,
0.));
#5640=CARTESIAN_POINT('',(26.083009,11.485933,6.));
#5641=CARTESIAN_POINT('Origin',(-0.00105476353670753,-0.000418291770087897,
6.));
#5642=CARTESIAN_POINT('',(26.083009,11.485933,0.));
#5643=CARTESIAN_POINT('Origin',(20.2937411380354,19.7896462393005,0.));
#5644=CARTESIAN_POINT('',(28.619901,14.032708,6.));
#5645=CARTESIAN_POINT('Origin',(20.2937411380354,19.7896462393005,6.));
#5646=CARTESIAN_POINT('',(28.619901,14.032708,0.));
#5647=CARTESIAN_POINT('Origin',(0.0014194411780144,0.000732896504551661,
0.));
#5648=CARTESIAN_POINT('',(28.175055,14.905768,6.));
#5649=CARTESIAN_POINT('Origin',(0.0014194411780144,0.000732896504551661,
6.));
#5650=CARTESIAN_POINT('',(28.175055,14.905768,0.));
#5651=CARTESIAN_POINT('Origin',(27.938524772101,4.78591914531179,0.));
#5652=CARTESIAN_POINT('',(24.623523,14.350335,6.));
#5653=CARTESIAN_POINT('Origin',(27.938524772101,4.78591914531179,6.));
#5654=CARTESIAN_POINT('',(24.623523,14.350335,0.));
#5655=CARTESIAN_POINT('Origin',(-0.000983642766825277,-0.000592658906164445,
0.));
#5656=CARTESIAN_POINT('',(23.965088,15.424804,6.));
#5657=CARTESIAN_POINT('Origin',(-0.000983642766825277,-0.000592658906164445,
6.));
#5658=CARTESIAN_POINT('',(23.965088,15.424804,0.));
#5659=CARTESIAN_POINT('Origin',(16.9481099383021,22.7206456076196,0.));
#5660=CARTESIAN_POINT('',(26.072344,18.337081,6.));
#5661=CARTESIAN_POINT('Origin',(16.9481099383021,22.7206456076196,6.));
#5662=CARTESIAN_POINT('',(26.072344,18.337081,0.));
#5663=CARTESIAN_POINT('Origin',(0.00128533647041795,0.000909598124665401,
0.));
#5664=CARTESIAN_POINT('',(25.496397,19.129803,6.));
#5665=CARTESIAN_POINT('Origin',(0.00128533647041795,0.000909598124665401,
6.));
#5666=CARTESIAN_POINT('',(25.496397,19.129803,0.));
#5667=CARTESIAN_POINT('Origin',(26.8458727484416,9.09754432821661,0.));
#5668=CARTESIAN_POINT('',(22.075479,18.025626,6.));
#5669=CARTESIAN_POINT('Origin',(26.8458727484416,9.09754432821661,6.));
#5670=CARTESIAN_POINT('',(22.075479,18.025626,0.));
#5671=CARTESIAN_POINT('Origin',(-0.000866096234335423,-0.000727170825371992,
0.));
#5672=CARTESIAN_POINT('',(21.257067,18.983864,6.));
#5673=CARTESIAN_POINT('Origin',(-0.000866096234335423,-0.000727170825371992,
6.));
#5674=CARTESIAN_POINT('',(21.257067,18.983864,0.));
#5675=CARTESIAN_POINT('Origin',(13.1851567811286,25.0921828254363,0.));
#5676=CARTESIAN_POINT('',(22.882798,22.189934,6.));
#5677=CARTESIAN_POINT('Origin',(13.1851567811286,25.0921828254363,6.));
#5678=CARTESIAN_POINT('',(22.882798,22.189934,0.));
#5679=CARTESIAN_POINT('Origin',(0.00113735900126422,0.00113735900126422,
0.));
#5680=CARTESIAN_POINT('',(22.189934,22.882798,6.));
#5681=CARTESIAN_POINT('Origin',(0.00113735900126422,0.00113735900126422,
6.));
#5682=CARTESIAN_POINT('',(22.189934,22.882798,0.));
#5683=CARTESIAN_POINT('Origin',(25.0921828254363,13.1851567811286,0.));
#5684=CARTESIAN_POINT('',(18.983864,21.257067,6.));
#5685=CARTESIAN_POINT('Origin',(25.0921828254363,13.1851567811286,6.));
#5686=CARTESIAN_POINT('',(18.983864,21.257067,0.));
#5687=CARTESIAN_POINT('Origin',(-0.000727170825367551,-0.000866096234330982,
0.));
#5688=CARTESIAN_POINT('',(18.0256260000001,22.0754789999999,6.));
#5689=CARTESIAN_POINT('Origin',(-0.000727170825367551,-0.000866096234330982,
6.));
#5690=CARTESIAN_POINT('',(18.0256260000001,22.0754789999999,0.));
#5691=CARTESIAN_POINT('Origin',(9.09754432821661,26.8458727484416,0.));
#5692=CARTESIAN_POINT('',(19.129803,25.496397,6.));
#5693=CARTESIAN_POINT('Origin',(9.09754432821661,26.8458727484416,6.));
#5694=CARTESIAN_POINT('',(19.129803,25.496397,0.));
#5695=CARTESIAN_POINT('Origin',(0.00090959812466318,0.00128533647041351,
0.));
#5696=CARTESIAN_POINT('',(18.337081,26.072344,6.));
#5697=CARTESIAN_POINT('Origin',(0.00090959812466318,0.00128533647041351,
6.));
#5698=CARTESIAN_POINT('',(18.337081,26.072344,0.));
#5699=CARTESIAN_POINT('Origin',(22.7206456076197,16.9481099383021,0.));
#5700=CARTESIAN_POINT('',(15.424804,23.965088,6.));
#5701=CARTESIAN_POINT('Origin',(22.7206456076197,16.9481099383021,6.));
#5702=CARTESIAN_POINT('',(15.424804,23.965088,0.));
#5703=CARTESIAN_POINT('Origin',(-0.000592658906162224,-0.000983642766825277,
0.));
#5704=CARTESIAN_POINT('',(14.350335,24.623523,6.));
#5705=CARTESIAN_POINT('Origin',(-0.000592658906162224,-0.000983642766825277,
6.));
#5706=CARTESIAN_POINT('',(14.350335,24.623523,0.));
#5707=CARTESIAN_POINT('Origin',(4.78591914531179,27.938524772101,0.));
#5708=CARTESIAN_POINT('',(14.905768,28.175055,6.));
#5709=CARTESIAN_POINT('Origin',(4.78591914531179,27.938524772101,6.));
#5710=CARTESIAN_POINT('',(14.905768,28.175055,0.));
#5711=CARTESIAN_POINT('Origin',(0.000732896489328283,0.00141944114814052,
0.));
#5712=CARTESIAN_POINT('',(14.0327079999999,28.619901,6.));
#5713=CARTESIAN_POINT('Origin',(0.000732896489328283,0.00141944114814052,
6.));
#5714=CARTESIAN_POINT('',(14.0327079999999,28.619901,0.));
#5715=CARTESIAN_POINT('Origin',(19.7896462393006,20.2937411380354,0.));
#5716=CARTESIAN_POINT('',(11.485933,26.083009,6.));
#5717=CARTESIAN_POINT('Origin',(19.7896462393006,20.2937411380354,6.));
#5718=CARTESIAN_POINT('',(11.485933,26.083009,0.));
#5719=CARTESIAN_POINT('Origin',(-0.000418291768702339,-0.00105476353336798,
0.));
#5720=CARTESIAN_POINT('',(10.321691,26.565253,6.));
#5721=CARTESIAN_POINT('Origin',(-0.000418291768702339,-0.00105476353336798,
6.));
#5722=CARTESIAN_POINT('',(10.321691,26.565253,0.));
#5723=CARTESIAN_POINT('Origin',(0.356447526504688,28.3432383759937,0.));
#5724=CARTESIAN_POINT('',(10.314704,30.159949,6.));
#5725=CARTESIAN_POINT('Origin',(0.356447526504688,28.3432383759937,6.));
#5726=CARTESIAN_POINT('',(10.314704,30.159949,0.));
#5727=CARTESIAN_POINT('Origin',(0.000486760934156338,0.00149810457753308,
0.));
#5728=CARTESIAN_POINT('',(9.382803,30.462742,6.));
#5729=CARTESIAN_POINT('Origin',(0.000486760934156338,0.00149810457753308,
6.));
#5730=CARTESIAN_POINT('',(9.382803,30.462742,0.));
#5731=CARTESIAN_POINT('Origin',(16.3713651314576,23.1396758012806,0.));
#5732=CARTESIAN_POINT('Origin',(16.3713651314576,23.1396758012806,6.));
#5733=CARTESIAN_POINT('Origin',(0.,0.,0.));
#5734=CARTESIAN_POINT('',(-35.,-4.44089209850063E-15,6.));
#5735=CARTESIAN_POINT('Origin',(0.,0.,6.));
#5736=CARTESIAN_POINT('',(-35.,-4.28626379701574E-15,0.));
#5737=CARTESIAN_POINT('Origin',(0.,0.,6.));
#5738=UNCERTAINTY_MEASURE_WITH_UNIT(LENGTH_MEASURE(0.01),#5742,
'DISTANCE_ACCURACY_VALUE',
'Maximum model space distance between geometric entities at asserted c
onnectivities');
#5739=UNCERTAINTY_MEASURE_WITH_UNIT(LENGTH_MEASURE(0.01),#5742,
'DISTANCE_ACCURACY_VALUE',
'Maximum model space distance between geometric entities at asserted c
onnectivities');
#5740=(
GEOMETRIC_REPRESENTATION_CONTEXT(3)
GLOBAL_UNCERTAINTY_ASSIGNED_CONTEXT((#5738))
GLOBAL_UNIT_ASSIGNED_CONTEXT((#5742,#5744,#5745))
REPRESENTATION_CONTEXT('','3D')
);
#5741=(
GEOMETRIC_REPRESENTATION_CONTEXT(3)
GLOBAL_UNCERTAINTY_ASSIGNED_CONTEXT((#5739))
GLOBAL_UNIT_ASSIGNED_CONTEXT((#5742,#5744,#5745))
REPRESENTATION_CONTEXT('','3D')
);
#5742=(
LENGTH_UNIT()
NAMED_UNIT(*)
SI_UNIT(.MILLI.,.METRE.)
);
#5743=(
LENGTH_UNIT()
NAMED_UNIT(*)
SI_UNIT($,.METRE.)
);
#5744=(
NAMED_UNIT(*)
PLANE_ANGLE_UNIT()
SI_UNIT($,.RADIAN.)
);
#5745=(
NAMED_UNIT(*)
SI_UNIT($,.STERADIAN.)
SOLID_ANGLE_UNIT()
);
#5746=SHAPE_DEFINITION_REPRESENTATION(#5747,#5748);
#5747=PRODUCT_DEFINITION_SHAPE('',$,#5750);
#5748=SHAPE_REPRESENTATION('',(#3126),#5740);
#5749=PRODUCT_DEFINITION_CONTEXT('part definition',#5754,'design');
#5750=PRODUCT_DEFINITION('2026-09-20-16-45-15-112',
'InternalGear_Yaw_Final',#5751,#5749);
#5751=PRODUCT_DEFINITION_FORMATION('',$,#5756);
#5752=PRODUCT_RELATED_PRODUCT_CATEGORY('InternalGear_Yaw_Final',
'InternalGear_Yaw_Final',(#5756));
#5753=APPLICATION_PROTOCOL_DEFINITION('international standard',
'automotive_design',2009,#5754);
#5754=APPLICATION_CONTEXT(
'Core Data for Automotive Mechanical Design Process');
#5755=PRODUCT_CONTEXT('part definition',#5754,'mechanical');
#5756=PRODUCT('2026-09-20-16-45-15-112','InternalGear_Yaw_Final',$,(#5755));
#5757=PRESENTATION_STYLE_ASSIGNMENT((#5758));
#5758=SURFACE_STYLE_USAGE(.BOTH.,#5759);
#5759=SURFACE_SIDE_STYLE('',(#5760));
#5760=SURFACE_STYLE_FILL_AREA(#5761);
#5761=FILL_AREA_STYLE('Steel - Satin',(#5762));
#5762=FILL_AREA_STYLE_COLOUR('Steel - Satin',#5763);
#5763=COLOUR_RGB('Steel - Satin',0.627450980392157,0.627450980392157,0.627450980392157);
ENDSEC;
END-ISO-10303-21;
