ISO-10303-21;
HEADER;
/* Generated by software containing ST-Developer
 * from STEP Tools, Inc. (www.steptools.com) 
 */

FILE_DESCRIPTION(
/* description */ (''),
/* implementation_level */ '2;1');

FILE_NAME(
/* name */ 'Shooting_Enclosure_Ver2.step',
/* time_stamp */ '2026-09-24T09:49:13+05:30',
/* author */ (''),
/* organization */ (''),
/* preprocessor_version */ 'ST-DEVELOPER v20.2',
/* originating_system */ 'Autodesk Translation Framework v15.15.0.0',
/* authorisation */ '');

FILE_SCHEMA (('AUTOMOTIVE_DESIGN { 1 0 10303 214 3 1 1 }'));
ENDSEC;

DATA;
#10=MECHANICAL_DESIGN_GEOMETRIC_PRESENTATION_REPRESENTATION('',(#13,#14),
#3768);
#11=SHAPE_REPRESENTATION_RELATIONSHIP('SRR','None',#3775,#12);
#12=ADVANCED_BREP_SHAPE_REPRESENTATION('',(#15,#16),#3767);
#13=STYLED_ITEM('',(#3784),#15);
#14=STYLED_ITEM('',(#3784),#16);
#15=MANIFOLD_SOLID_BREP('Body1',#2309);
#16=MANIFOLD_SOLID_BREP('Body14',#2310);
#17=CYLINDRICAL_SURFACE('',#2334,0.5);
#18=CYLINDRICAL_SURFACE('',#2338,0.5);
#19=CYLINDRICAL_SURFACE('',#2342,2.25);
#20=CYLINDRICAL_SURFACE('',#2345,2.25);
#21=CYLINDRICAL_SURFACE('',#2354,1.5);
#22=CYLINDRICAL_SURFACE('',#2366,6.);
#23=CYLINDRICAL_SURFACE('',#2368,1.25);
#24=CYLINDRICAL_SURFACE('',#2371,2.25);
#25=CYLINDRICAL_SURFACE('',#2373,1.25);
#26=CYLINDRICAL_SURFACE('',#2375,1.25);
#27=CYLINDRICAL_SURFACE('',#2381,4.5);
#28=CYLINDRICAL_SURFACE('',#2387,4.);
#29=CYLINDRICAL_SURFACE('',#2400,2.9);
#30=CYLINDRICAL_SURFACE('',#2422,2.25);
#31=CYLINDRICAL_SURFACE('',#2425,0.5);
#32=CYLINDRICAL_SURFACE('',#2428,0.5);
#33=CYLINDRICAL_SURFACE('',#2431,2.25);
#34=CYLINDRICAL_SURFACE('',#2436,4.5);
#35=CYLINDRICAL_SURFACE('',#2444,1.25);
#36=CYLINDRICAL_SURFACE('',#2446,6.);
#37=CYLINDRICAL_SURFACE('',#2449,2.9);
#38=CYLINDRICAL_SURFACE('',#2461,1.25);
#39=CYLINDRICAL_SURFACE('',#2464,1.25);
#40=CYLINDRICAL_SURFACE('',#2476,4.);
#41=CYLINDRICAL_SURFACE('',#2483,1.25);
#42=CYLINDRICAL_SURFACE('',#2495,1.25);
#43=CYLINDRICAL_SURFACE('',#2496,2.25);
#44=FACE_BOUND('',#244,.T.);
#45=FACE_BOUND('',#245,.T.);
#46=FACE_BOUND('',#246,.T.);
#47=FACE_BOUND('',#266,.T.);
#48=FACE_BOUND('',#267,.T.);
#49=FACE_BOUND('',#273,.T.);
#50=FACE_BOUND('',#277,.T.);
#51=FACE_BOUND('',#299,.T.);
#52=FACE_BOUND('',#304,.T.);
#53=FACE_BOUND('',#306,.T.);
#54=FACE_BOUND('',#308,.T.);
#55=FACE_BOUND('',#310,.T.);
#56=FACE_BOUND('',#331,.T.);
#57=FACE_BOUND('',#335,.T.);
#58=FACE_BOUND('',#351,.T.);
#59=FACE_BOUND('',#352,.T.);
#60=FACE_BOUND('',#355,.T.);
#61=FACE_BOUND('',#356,.T.);
#62=FACE_BOUND('',#364,.T.);
#63=FACE_BOUND('',#365,.T.);
#64=FACE_BOUND('',#375,.T.);
#65=FACE_BOUND('',#380,.T.);
#66=FACE_BOUND('',#381,.T.);
#67=FACE_BOUND('',#382,.T.);
#68=FACE_BOUND('',#383,.T.);
#69=CIRCLE('',#2326,1.25);
#70=CIRCLE('',#2327,1.25);
#71=CIRCLE('',#2328,1.5);
#72=CIRCLE('',#2335,0.5);
#73=CIRCLE('',#2336,0.5);
#74=CIRCLE('',#2339,0.5);
#75=CIRCLE('',#2340,0.5);
#76=CIRCLE('',#2343,2.25);
#77=CIRCLE('',#2344,2.25);
#78=CIRCLE('',#2346,2.25);
#79=CIRCLE('',#2347,2.25);
#80=CIRCLE('',#2352,2.9);
#81=CIRCLE('',#2355,1.5);
#82=CIRCLE('',#2358,2.25);
#83=CIRCLE('',#2364,6.);
#84=CIRCLE('',#2365,1.25);
#85=CIRCLE('',#2367,6.);
#86=CIRCLE('',#2369,1.25);
#87=CIRCLE('',#2372,2.25);
#88=CIRCLE('',#2374,1.25);
#89=CIRCLE('',#2376,1.25);
#90=CIRCLE('',#2379,4.5);
#91=CIRCLE('',#2382,4.5);
#92=CIRCLE('',#2385,4.);
#93=CIRCLE('',#2388,4.);
#94=CIRCLE('',#2401,2.9);
#95=CIRCLE('',#2406,2.25);
#96=CIRCLE('',#2407,0.5);
#97=CIRCLE('',#2408,0.5);
#98=CIRCLE('',#2409,2.25);
#99=CIRCLE('',#2410,1.25);
#100=CIRCLE('',#2412,2.25);
#101=CIRCLE('',#2413,1.25);
#102=CIRCLE('',#2418,2.9);
#103=CIRCLE('',#2423,2.25);
#104=CIRCLE('',#2426,0.5);
#105=CIRCLE('',#2429,0.5);
#106=CIRCLE('',#2432,2.25);
#107=CIRCLE('',#2437,4.5);
#108=CIRCLE('',#2438,4.5);
#109=CIRCLE('',#2440,4.);
#110=CIRCLE('',#2442,6.);
#111=CIRCLE('',#2443,1.25);
#112=CIRCLE('',#2445,1.25);
#113=CIRCLE('',#2447,6.);
#114=CIRCLE('',#2450,2.9);
#115=CIRCLE('',#2462,1.25);
#116=CIRCLE('',#2463,1.25);
#117=CIRCLE('',#2465,1.25);
#118=CIRCLE('',#2466,1.25);
#119=CIRCLE('',#2477,4.);
#120=CIRCLE('',#2479,2.25);
#121=CIRCLE('',#2484,1.25);
#122=CIRCLE('',#2494,1.25);
#123=FACE_OUTER_BOUND('',#242,.T.);
#124=FACE_OUTER_BOUND('',#243,.T.);
#125=FACE_OUTER_BOUND('',#247,.T.);
#126=FACE_OUTER_BOUND('',#248,.T.);
#127=FACE_OUTER_BOUND('',#249,.T.);
#128=FACE_OUTER_BOUND('',#250,.T.);
#129=FACE_OUTER_BOUND('',#251,.T.);
#130=FACE_OUTER_BOUND('',#252,.T.);
#131=FACE_OUTER_BOUND('',#253,.T.);
#132=FACE_OUTER_BOUND('',#254,.T.);
#133=FACE_OUTER_BOUND('',#255,.T.);
#134=FACE_OUTER_BOUND('',#256,.T.);
#135=FACE_OUTER_BOUND('',#257,.T.);
#136=FACE_OUTER_BOUND('',#258,.T.);
#137=FACE_OUTER_BOUND('',#259,.T.);
#138=FACE_OUTER_BOUND('',#260,.T.);
#139=FACE_OUTER_BOUND('',#261,.T.);
#140=FACE_OUTER_BOUND('',#262,.T.);
#141=FACE_OUTER_BOUND('',#263,.T.);
#142=FACE_OUTER_BOUND('',#264,.T.);
#143=FACE_OUTER_BOUND('',#265,.T.);
#144=FACE_OUTER_BOUND('',#268,.T.);
#145=FACE_OUTER_BOUND('',#269,.T.);
#146=FACE_OUTER_BOUND('',#270,.T.);
#147=FACE_OUTER_BOUND('',#271,.T.);
#148=FACE_OUTER_BOUND('',#272,.T.);
#149=FACE_OUTER_BOUND('',#274,.T.);
#150=FACE_OUTER_BOUND('',#275,.T.);
#151=FACE_OUTER_BOUND('',#276,.T.);
#152=FACE_OUTER_BOUND('',#278,.T.);
#153=FACE_OUTER_BOUND('',#279,.T.);
#154=FACE_OUTER_BOUND('',#280,.T.);
#155=FACE_OUTER_BOUND('',#281,.T.);
#156=FACE_OUTER_BOUND('',#282,.T.);
#157=FACE_OUTER_BOUND('',#283,.T.);
#158=FACE_OUTER_BOUND('',#284,.T.);
#159=FACE_OUTER_BOUND('',#285,.T.);
#160=FACE_OUTER_BOUND('',#286,.T.);
#161=FACE_OUTER_BOUND('',#287,.T.);
#162=FACE_OUTER_BOUND('',#288,.T.);
#163=FACE_OUTER_BOUND('',#289,.T.);
#164=FACE_OUTER_BOUND('',#290,.T.);
#165=FACE_OUTER_BOUND('',#291,.T.);
#166=FACE_OUTER_BOUND('',#292,.T.);
#167=FACE_OUTER_BOUND('',#293,.T.);
#168=FACE_OUTER_BOUND('',#294,.T.);
#169=FACE_OUTER_BOUND('',#295,.T.);
#170=FACE_OUTER_BOUND('',#296,.T.);
#171=FACE_OUTER_BOUND('',#297,.T.);
#172=FACE_OUTER_BOUND('',#298,.T.);
#173=FACE_OUTER_BOUND('',#300,.T.);
#174=FACE_OUTER_BOUND('',#301,.T.);
#175=FACE_OUTER_BOUND('',#302,.T.);
#176=FACE_OUTER_BOUND('',#303,.T.);
#177=FACE_OUTER_BOUND('',#305,.T.);
#178=FACE_OUTER_BOUND('',#307,.T.);
#179=FACE_OUTER_BOUND('',#309,.T.);
#180=FACE_OUTER_BOUND('',#311,.T.);
#181=FACE_OUTER_BOUND('',#312,.T.);
#182=FACE_OUTER_BOUND('',#313,.T.);
#183=FACE_OUTER_BOUND('',#314,.T.);
#184=FACE_OUTER_BOUND('',#315,.T.);
#185=FACE_OUTER_BOUND('',#316,.T.);
#186=FACE_OUTER_BOUND('',#317,.T.);
#187=FACE_OUTER_BOUND('',#318,.T.);
#188=FACE_OUTER_BOUND('',#319,.T.);
#189=FACE_OUTER_BOUND('',#320,.T.);
#190=FACE_OUTER_BOUND('',#321,.T.);
#191=FACE_OUTER_BOUND('',#322,.T.);
#192=FACE_OUTER_BOUND('',#323,.T.);
#193=FACE_OUTER_BOUND('',#324,.T.);
#194=FACE_OUTER_BOUND('',#325,.T.);
#195=FACE_OUTER_BOUND('',#326,.T.);
#196=FACE_OUTER_BOUND('',#327,.T.);
#197=FACE_OUTER_BOUND('',#328,.T.);
#198=FACE_OUTER_BOUND('',#329,.T.);
#199=FACE_OUTER_BOUND('',#330,.T.);
#200=FACE_OUTER_BOUND('',#332,.T.);
#201=FACE_OUTER_BOUND('',#333,.T.);
#202=FACE_OUTER_BOUND('',#334,.T.);
#203=FACE_OUTER_BOUND('',#336,.T.);
#204=FACE_OUTER_BOUND('',#337,.T.);
#205=FACE_OUTER_BOUND('',#338,.T.);
#206=FACE_OUTER_BOUND('',#339,.T.);
#207=FACE_OUTER_BOUND('',#340,.T.);
#208=FACE_OUTER_BOUND('',#341,.T.);
#209=FACE_OUTER_BOUND('',#342,.T.);
#210=FACE_OUTER_BOUND('',#343,.T.);
#211=FACE_OUTER_BOUND('',#344,.T.);
#212=FACE_OUTER_BOUND('',#345,.T.);
#213=FACE_OUTER_BOUND('',#346,.T.);
#214=FACE_OUTER_BOUND('',#347,.T.);
#215=FACE_OUTER_BOUND('',#348,.T.);
#216=FACE_OUTER_BOUND('',#349,.T.);
#217=FACE_OUTER_BOUND('',#350,.T.);
#218=FACE_OUTER_BOUND('',#353,.T.);
#219=FACE_OUTER_BOUND('',#354,.T.);
#220=FACE_OUTER_BOUND('',#357,.T.);
#221=FACE_OUTER_BOUND('',#358,.T.);
#222=FACE_OUTER_BOUND('',#359,.T.);
#223=FACE_OUTER_BOUND('',#360,.T.);
#224=FACE_OUTER_BOUND('',#361,.T.);
#225=FACE_OUTER_BOUND('',#362,.T.);
#226=FACE_OUTER_BOUND('',#363,.T.);
#227=FACE_OUTER_BOUND('',#366,.T.);
#228=FACE_OUTER_BOUND('',#367,.T.);
#229=FACE_OUTER_BOUND('',#368,.T.);
#230=FACE_OUTER_BOUND('',#369,.T.);
#231=FACE_OUTER_BOUND('',#370,.T.);
#232=FACE_OUTER_BOUND('',#371,.T.);
#233=FACE_OUTER_BOUND('',#372,.T.);
#234=FACE_OUTER_BOUND('',#373,.T.);
#235=FACE_OUTER_BOUND('',#374,.T.);
#236=FACE_OUTER_BOUND('',#376,.T.);
#237=FACE_OUTER_BOUND('',#377,.T.);
#238=FACE_OUTER_BOUND('',#378,.T.);
#239=FACE_OUTER_BOUND('',#379,.T.);
#240=FACE_OUTER_BOUND('',#384,.T.);
#241=FACE_OUTER_BOUND('',#385,.T.);
#242=EDGE_LOOP('',(#1454,#1455,#1456,#1457));
#243=EDGE_LOOP('',(#1458,#1459,#1460,#1461,#1462,#1463));
#244=EDGE_LOOP('',(#1464));
#245=EDGE_LOOP('',(#1465));
#246=EDGE_LOOP('',(#1466));
#247=EDGE_LOOP('',(#1467,#1468,#1469,#1470));
#248=EDGE_LOOP('',(#1471,#1472,#1473,#1474));
#249=EDGE_LOOP('',(#1475,#1476,#1477,#1478));
#250=EDGE_LOOP('',(#1479,#1480,#1481,#1482));
#251=EDGE_LOOP('',(#1483,#1484,#1485,#1486));
#252=EDGE_LOOP('',(#1487,#1488,#1489,#1490));
#253=EDGE_LOOP('',(#1491,#1492,#1493,#1494));
#254=EDGE_LOOP('',(#1495,#1496,#1497,#1498));
#255=EDGE_LOOP('',(#1499,#1500,#1501,#1502));
#256=EDGE_LOOP('',(#1503,#1504,#1505,#1506));
#257=EDGE_LOOP('',(#1507,#1508,#1509,#1510));
#258=EDGE_LOOP('',(#1511,#1512,#1513,#1514));
#259=EDGE_LOOP('',(#1515,#1516,#1517,#1518));
#260=EDGE_LOOP('',(#1519,#1520,#1521,#1522));
#261=EDGE_LOOP('',(#1523,#1524,#1525,#1526,#1527,#1528));
#262=EDGE_LOOP('',(#1529,#1530,#1531,#1532));
#263=EDGE_LOOP('',(#1533,#1534,#1535,#1536));
#264=EDGE_LOOP('',(#1537,#1538,#1539,#1540));
#265=EDGE_LOOP('',(#1541,#1542,#1543,#1544,#1545,#1546,#1547,#1548,#1549,
#1550,#1551,#1552,#1553,#1554,#1555,#1556,#1557));
#266=EDGE_LOOP('',(#1558));
#267=EDGE_LOOP('',(#1559));
#268=EDGE_LOOP('',(#1560,#1561,#1562,#1563,#1564));
#269=EDGE_LOOP('',(#1565,#1566,#1567,#1568));
#270=EDGE_LOOP('',(#1569,#1570,#1571,#1572));
#271=EDGE_LOOP('',(#1573,#1574,#1575,#1576));
#272=EDGE_LOOP('',(#1577,#1578));
#273=EDGE_LOOP('',(#1579));
#274=EDGE_LOOP('',(#1580,#1581,#1582,#1583));
#275=EDGE_LOOP('',(#1584,#1585,#1586,#1587));
#276=EDGE_LOOP('',(#1588,#1589));
#277=EDGE_LOOP('',(#1590));
#278=EDGE_LOOP('',(#1591,#1592,#1593,#1594));
#279=EDGE_LOOP('',(#1595,#1596,#1597,#1598));
#280=EDGE_LOOP('',(#1599,#1600,#1601,#1602));
#281=EDGE_LOOP('',(#1603,#1604,#1605,#1606));
#282=EDGE_LOOP('',(#1607,#1608,#1609,#1610,#1611,#1612));
#283=EDGE_LOOP('',(#1613,#1614,#1615,#1616,#1617));
#284=EDGE_LOOP('',(#1618,#1619,#1620,#1621));
#285=EDGE_LOOP('',(#1622,#1623,#1624,#1625));
#286=EDGE_LOOP('',(#1626,#1627,#1628,#1629));
#287=EDGE_LOOP('',(#1630,#1631,#1632,#1633,#1634,#1635,#1636,#1637));
#288=EDGE_LOOP('',(#1638,#1639,#1640,#1641));
#289=EDGE_LOOP('',(#1642,#1643,#1644,#1645));
#290=EDGE_LOOP('',(#1646,#1647,#1648,#1649,#1650,#1651));
#291=EDGE_LOOP('',(#1652,#1653,#1654,#1655));
#292=EDGE_LOOP('',(#1656,#1657,#1658,#1659,#1660,#1661));
#293=EDGE_LOOP('',(#1662,#1663,#1664,#1665));
#294=EDGE_LOOP('',(#1666,#1667,#1668,#1669,#1670,#1671));
#295=EDGE_LOOP('',(#1672,#1673,#1674,#1675));
#296=EDGE_LOOP('',(#1676,#1677,#1678,#1679,#1680,#1681));
#297=EDGE_LOOP('',(#1682,#1683,#1684,#1685));
#298=EDGE_LOOP('',(#1686,#1687,#1688,#1689));
#299=EDGE_LOOP('',(#1690,#1691,#1692,#1693));
#300=EDGE_LOOP('',(#1694,#1695,#1696,#1697));
#301=EDGE_LOOP('',(#1698,#1699,#1700,#1701));
#302=EDGE_LOOP('',(#1702,#1703));
#303=EDGE_LOOP('',(#1704,#1705,#1706,#1707,#1708,#1709,#1710,#1711,#1712,
#1713,#1714,#1715,#1716,#1717,#1718,#1719,#1720,#1721,#1722,#1723,#1724,
#1725,#1726,#1727,#1728,#1729,#1730,#1731,#1732,#1733,#1734,#1735,#1736,
#1737,#1738,#1739,#1740,#1741,#1742,#1743,#1744,#1745,#1746,#1747,#1748));
#304=EDGE_LOOP('',(#1749));
#305=EDGE_LOOP('',(#1750));
#306=EDGE_LOOP('',(#1751));
#307=EDGE_LOOP('',(#1752,#1753,#1754,#1755,#1756,#1757,#1758,#1759,#1760,
#1761,#1762,#1763,#1764,#1765,#1766,#1767,#1768,#1769,#1770,#1771,#1772,
#1773,#1774,#1775,#1776,#1777,#1778,#1779,#1780,#1781,#1782,#1783,#1784,
#1785,#1786,#1787,#1788,#1789,#1790,#1791,#1792,#1793,#1794,#1795,#1796));
#308=EDGE_LOOP('',(#1797));
#309=EDGE_LOOP('',(#1798));
#310=EDGE_LOOP('',(#1799));
#311=EDGE_LOOP('',(#1800,#1801,#1802,#1803));
#312=EDGE_LOOP('',(#1804,#1805,#1806,#1807));
#313=EDGE_LOOP('',(#1808,#1809,#1810,#1811));
#314=EDGE_LOOP('',(#1812,#1813,#1814,#1815,#1816,#1817));
#315=EDGE_LOOP('',(#1818,#1819,#1820,#1821));
#316=EDGE_LOOP('',(#1822,#1823,#1824,#1825));
#317=EDGE_LOOP('',(#1826,#1827,#1828,#1829));
#318=EDGE_LOOP('',(#1830,#1831,#1832,#1833));
#319=EDGE_LOOP('',(#1834,#1835,#1836,#1837));
#320=EDGE_LOOP('',(#1838,#1839,#1840,#1841));
#321=EDGE_LOOP('',(#1842,#1843,#1844,#1845));
#322=EDGE_LOOP('',(#1846,#1847,#1848,#1849));
#323=EDGE_LOOP('',(#1850,#1851,#1852,#1853));
#324=EDGE_LOOP('',(#1854,#1855,#1856,#1857));
#325=EDGE_LOOP('',(#1858,#1859,#1860,#1861));
#326=EDGE_LOOP('',(#1862,#1863,#1864,#1865));
#327=EDGE_LOOP('',(#1866,#1867,#1868,#1869));
#328=EDGE_LOOP('',(#1870,#1871,#1872,#1873));
#329=EDGE_LOOP('',(#1874,#1875,#1876,#1877));
#330=EDGE_LOOP('',(#1878,#1879));
#331=EDGE_LOOP('',(#1880));
#332=EDGE_LOOP('',(#1881,#1882,#1883,#1884));
#333=EDGE_LOOP('',(#1885,#1886,#1887,#1888));
#334=EDGE_LOOP('',(#1889,#1890));
#335=EDGE_LOOP('',(#1891));
#336=EDGE_LOOP('',(#1892,#1893,#1894,#1895));
#337=EDGE_LOOP('',(#1896,#1897));
#338=EDGE_LOOP('',(#1898,#1899,#1900,#1901,#1902,#1903));
#339=EDGE_LOOP('',(#1904,#1905,#1906,#1907));
#340=EDGE_LOOP('',(#1908,#1909,#1910,#1911));
#341=EDGE_LOOP('',(#1912,#1913,#1914,#1915,#1916,#1917));
#342=EDGE_LOOP('',(#1918,#1919,#1920,#1921));
#343=EDGE_LOOP('',(#1922,#1923,#1924,#1925));
#344=EDGE_LOOP('',(#1926,#1927,#1928,#1929,#1930));
#345=EDGE_LOOP('',(#1931,#1932,#1933,#1934,#1935,#1936));
#346=EDGE_LOOP('',(#1937,#1938,#1939,#1940));
#347=EDGE_LOOP('',(#1941,#1942,#1943,#1944));
#348=EDGE_LOOP('',(#1945,#1946,#1947,#1948));
#349=EDGE_LOOP('',(#1949,#1950,#1951,#1952));
#350=EDGE_LOOP('',(#1953,#1954,#1955,#1956));
#351=EDGE_LOOP('',(#1957));
#352=EDGE_LOOP('',(#1958));
#353=EDGE_LOOP('',(#1959,#1960,#1961,#1962));
#354=EDGE_LOOP('',(#1963,#1964,#1965,#1966));
#355=EDGE_LOOP('',(#1967));
#356=EDGE_LOOP('',(#1968));
#357=EDGE_LOOP('',(#1969,#1970,#1971,#1972));
#358=EDGE_LOOP('',(#1973,#1974,#1975,#1976));
#359=EDGE_LOOP('',(#1977,#1978,#1979,#1980));
#360=EDGE_LOOP('',(#1981,#1982,#1983,#1984));
#361=EDGE_LOOP('',(#1985,#1986,#1987,#1988));
#362=EDGE_LOOP('',(#1989,#1990,#1991,#1992));
#363=EDGE_LOOP('',(#1993,#1994,#1995,#1996,#1997,#1998,#1999,#2000,#2001,
#2002,#2003,#2004,#2005,#2006,#2007,#2008,#2009));
#364=EDGE_LOOP('',(#2010,#2011,#2012,#2013));
#365=EDGE_LOOP('',(#2014));
#366=EDGE_LOOP('',(#2015,#2016,#2017,#2018));
#367=EDGE_LOOP('',(#2019,#2020,#2021,#2022));
#368=EDGE_LOOP('',(#2023,#2024,#2025,#2026,#2027,#2028));
#369=EDGE_LOOP('',(#2029,#2030,#2031,#2032));
#370=EDGE_LOOP('',(#2033,#2034,#2035,#2036));
#371=EDGE_LOOP('',(#2037,#2038,#2039,#2040));
#372=EDGE_LOOP('',(#2041,#2042,#2043,#2044));
#373=EDGE_LOOP('',(#2045,#2046,#2047,#2048,#2049,#2050));
#374=EDGE_LOOP('',(#2051,#2052,#2053,#2054));
#375=EDGE_LOOP('',(#2055,#2056,#2057,#2058));
#376=EDGE_LOOP('',(#2059,#2060,#2061,#2062));
#377=EDGE_LOOP('',(#2063,#2064,#2065,#2066,#2067,#2068));
#378=EDGE_LOOP('',(#2069,#2070,#2071,#2072,#2073));
#379=EDGE_LOOP('',(#2074,#2075,#2076,#2077,#2078,#2079));
#380=EDGE_LOOP('',(#2080,#2081,#2082,#2083));
#381=EDGE_LOOP('',(#2084,#2085,#2086,#2087));
#382=EDGE_LOOP('',(#2088));
#383=EDGE_LOOP('',(#2089));
#384=EDGE_LOOP('',(#2090,#2091,#2092,#2093));
#385=EDGE_LOOP('',(#2094,#2095,#2096,#2097));
#386=LINE('',#3117,#654);
#387=LINE('',#3119,#655);
#388=LINE('',#3121,#656);
#389=LINE('',#3122,#657);
#390=LINE('',#3126,#658);
#391=LINE('',#3128,#659);
#392=LINE('',#3130,#660);
#393=LINE('',#3132,#661);
#394=LINE('',#3134,#662);
#395=LINE('',#3135,#663);
#396=LINE('',#3144,#664);
#397=LINE('',#3146,#665);
#398=LINE('',#3147,#666);
#399=LINE('',#3148,#667);
#400=LINE('',#3152,#668);
#401=LINE('',#3154,#669);
#402=LINE('',#3156,#670);
#403=LINE('',#3157,#671);
#404=LINE('',#3160,#672);
#405=LINE('',#3162,#673);
#406=LINE('',#3163,#674);
#407=LINE('',#3166,#675);
#408=LINE('',#3168,#676);
#409=LINE('',#3169,#677);
#410=LINE('',#3172,#678);
#411=LINE('',#3174,#679);
#412=LINE('',#3175,#680);
#413=LINE('',#3180,#681);
#414=LINE('',#3184,#682);
#415=LINE('',#3186,#683);
#416=LINE('',#3187,#684);
#417=LINE('',#3192,#685);
#418=LINE('',#3196,#686);
#419=LINE('',#3198,#687);
#420=LINE('',#3199,#688);
#421=LINE('',#3204,#689);
#422=LINE('',#3210,#690);
#423=LINE('',#3214,#691);
#424=LINE('',#3216,#692);
#425=LINE('',#3217,#693);
#426=LINE('',#3220,#694);
#427=LINE('',#3222,#695);
#428=LINE('',#3223,#696);
#429=LINE('',#3226,#697);
#430=LINE('',#3228,#698);
#431=LINE('',#3229,#699);
#432=LINE('',#3232,#700);
#433=LINE('',#3236,#701);
#434=LINE('',#3238,#702);
#435=LINE('',#3239,#703);
#436=LINE('',#3241,#704);
#437=LINE('',#3242,#705);
#438=LINE('',#3245,#706);
#439=LINE('',#3249,#707);
#440=LINE('',#3250,#708);
#441=LINE('',#3253,#709);
#442=LINE('',#3254,#710);
#443=LINE('',#3260,#711);
#444=LINE('',#3262,#712);
#445=LINE('',#3264,#713);
#446=LINE('',#3266,#714);
#447=LINE('',#3267,#715);
#448=LINE('',#3270,#716);
#449=LINE('',#3272,#717);
#450=LINE('',#3273,#718);
#451=LINE('',#3276,#719);
#452=LINE('',#3278,#720);
#453=LINE('',#3279,#721);
#454=LINE('',#3283,#722);
#455=LINE('',#3285,#723);
#456=LINE('',#3287,#724);
#457=LINE('',#3288,#725);
#458=LINE('',#3292,#726);
#459=LINE('',#3298,#727);
#460=LINE('',#3301,#728);
#461=LINE('',#3305,#729);
#462=LINE('',#3307,#730);
#463=LINE('',#3311,#731);
#464=LINE('',#3314,#732);
#465=LINE('',#3318,#733);
#466=LINE('',#3323,#734);
#467=LINE('',#3324,#735);
#468=LINE('',#3325,#736);
#469=LINE('',#3329,#737);
#470=LINE('',#3330,#738);
#471=LINE('',#3332,#739);
#472=LINE('',#3336,#740);
#473=LINE('',#3337,#741);
#474=LINE('',#3338,#742);
#475=LINE('',#3341,#743);
#476=LINE('',#3343,#744);
#477=LINE('',#3347,#745);
#478=LINE('',#3348,#746);
#479=LINE('',#3351,#747);
#480=LINE('',#3353,#748);
#481=LINE('',#3357,#749);
#482=LINE('',#3358,#750);
#483=LINE('',#3359,#751);
#484=LINE('',#3362,#752);
#485=LINE('',#3364,#753);
#486=LINE('',#3368,#754);
#487=LINE('',#3369,#755);
#488=LINE('',#3372,#756);
#489=LINE('',#3373,#757);
#490=LINE('',#3374,#758);
#491=LINE('',#3377,#759);
#492=LINE('',#3378,#760);
#493=LINE('',#3381,#761);
#494=LINE('',#3382,#762);
#495=LINE('',#3385,#763);
#496=LINE('',#3386,#764);
#497=LINE('',#3389,#765);
#498=LINE('',#3390,#766);
#499=LINE('',#3392,#767);
#500=LINE('',#3395,#768);
#501=LINE('',#3396,#769);
#502=LINE('',#3399,#770);
#503=LINE('',#3400,#771);
#504=LINE('',#3402,#772);
#505=LINE('',#3404,#773);
#506=LINE('',#3407,#774);
#507=LINE('',#3410,#775);
#508=LINE('',#3412,#776);
#509=LINE('',#3418,#777);
#510=LINE('',#3420,#778);
#511=LINE('',#3422,#779);
#512=LINE('',#3424,#780);
#513=LINE('',#3426,#781);
#514=LINE('',#3428,#782);
#515=LINE('',#3430,#783);
#516=LINE('',#3432,#784);
#517=LINE('',#3436,#785);
#518=LINE('',#3437,#786);
#519=LINE('',#3439,#787);
#520=LINE('',#3441,#788);
#521=LINE('',#3445,#789);
#522=LINE('',#3449,#790);
#523=LINE('',#3453,#791);
#524=LINE('',#3455,#792);
#525=LINE('',#3457,#793);
#526=LINE('',#3459,#794);
#527=LINE('',#3461,#795);
#528=LINE('',#3463,#796);
#529=LINE('',#3465,#797);
#530=LINE('',#3467,#798);
#531=LINE('',#3469,#799);
#532=LINE('',#3471,#800);
#533=LINE('',#3473,#801);
#534=LINE('',#3475,#802);
#535=LINE('',#3477,#803);
#536=LINE('',#3479,#804);
#537=LINE('',#3481,#805);
#538=LINE('',#3483,#806);
#539=LINE('',#3485,#807);
#540=LINE('',#3487,#808);
#541=LINE('',#3489,#809);
#542=LINE('',#3491,#810);
#543=LINE('',#3493,#811);
#544=LINE('',#3495,#812);
#545=LINE('',#3497,#813);
#546=LINE('',#3499,#814);
#547=LINE('',#3501,#815);
#548=LINE('',#3503,#816);
#549=LINE('',#3504,#817);
#550=LINE('',#3514,#818);
#551=LINE('',#3516,#819);
#552=LINE('',#3517,#820);
#553=LINE('',#3520,#821);
#554=LINE('',#3521,#822);
#555=LINE('',#3524,#823);
#556=LINE('',#3525,#824);
#557=LINE('',#3528,#825);
#558=LINE('',#3529,#826);
#559=LINE('',#3533,#827);
#560=LINE('',#3534,#828);
#561=LINE('',#3537,#829);
#562=LINE('',#3538,#830);
#563=LINE('',#3541,#831);
#564=LINE('',#3542,#832);
#565=LINE('',#3545,#833);
#566=LINE('',#3549,#834);
#567=LINE('',#3550,#835);
#568=LINE('',#3553,#836);
#569=LINE('',#3557,#837);
#570=LINE('',#3558,#838);
#571=LINE('',#3561,#839);
#572=LINE('',#3565,#840);
#573=LINE('',#3566,#841);
#574=LINE('',#3569,#842);
#575=LINE('',#3572,#843);
#576=LINE('',#3575,#844);
#577=LINE('',#3576,#845);
#578=LINE('',#3578,#846);
#579=LINE('',#3579,#847);
#580=LINE('',#3582,#848);
#581=LINE('',#3583,#849);
#582=LINE('',#3592,#850);
#583=LINE('',#3598,#851);
#584=LINE('',#3602,#852);
#585=LINE('',#3604,#853);
#586=LINE('',#3607,#854);
#587=LINE('',#3613,#855);
#588=LINE('',#3615,#856);
#589=LINE('',#3617,#857);
#590=LINE('',#3619,#858);
#591=LINE('',#3620,#859);
#592=LINE('',#3623,#860);
#593=LINE('',#3624,#861);
#594=LINE('',#3627,#862);
#595=LINE('',#3629,#863);
#596=LINE('',#3630,#864);
#597=LINE('',#3634,#865);
#598=LINE('',#3635,#866);
#599=LINE('',#3636,#867);
#600=LINE('',#3638,#868);
#601=LINE('',#3639,#869);
#602=LINE('',#3643,#870);
#603=LINE('',#3645,#871);
#604=LINE('',#3646,#872);
#605=LINE('',#3648,#873);
#606=LINE('',#3650,#874);
#607=LINE('',#3655,#875);
#608=LINE('',#3661,#876);
#609=LINE('',#3666,#877);
#610=LINE('',#3668,#878);
#611=LINE('',#3670,#879);
#612=LINE('',#3671,#880);
#613=LINE('',#3674,#881);
#614=LINE('',#3676,#882);
#615=LINE('',#3677,#883);
#616=LINE('',#3680,#884);
#617=LINE('',#3682,#885);
#618=LINE('',#3683,#886);
#619=LINE('',#3685,#887);
#620=LINE('',#3686,#888);
#621=LINE('',#3691,#889);
#622=LINE('',#3693,#890);
#623=LINE('',#3695,#891);
#624=LINE('',#3696,#892);
#625=LINE('',#3699,#893);
#626=LINE('',#3701,#894);
#627=LINE('',#3702,#895);
#628=LINE('',#3705,#896);
#629=LINE('',#3707,#897);
#630=LINE('',#3708,#898);
#631=LINE('',#3710,#899);
#632=LINE('',#3711,#900);
#633=LINE('',#3716,#901);
#634=LINE('',#3717,#902);
#635=LINE('',#3722,#903);
#636=LINE('',#3723,#904);
#637=LINE('',#3725,#905);
#638=LINE('',#3729,#906);
#639=LINE('',#3732,#907);
#640=LINE('',#3736,#908);
#641=LINE('',#3738,#909);
#642=LINE('',#3739,#910);
#643=LINE('',#3742,#911);
#644=LINE('',#3743,#912);
#645=LINE('',#3746,#913);
#646=LINE('',#3747,#914);
#647=LINE('',#3750,#915);
#648=LINE('',#3751,#916);
#649=LINE('',#3754,#917);
#650=LINE('',#3755,#918);
#651=LINE('',#3757,#919);
#652=LINE('',#3762,#920);
#653=LINE('',#3764,#921);
#654=VECTOR('',#2501,10.);
#655=VECTOR('',#2502,10.);
#656=VECTOR('',#2503,10.);
#657=VECTOR('',#2504,10.);
#658=VECTOR('',#2507,10.);
#659=VECTOR('',#2508,10.);
#660=VECTOR('',#2509,10.);
#661=VECTOR('',#2510,10.);
#662=VECTOR('',#2511,10.);
#663=VECTOR('',#2512,10.);
#664=VECTOR('',#2521,10.);
#665=VECTOR('',#2522,10.);
#666=VECTOR('',#2523,10.);
#667=VECTOR('',#2524,10.);
#668=VECTOR('',#2527,10.);
#669=VECTOR('',#2528,10.);
#670=VECTOR('',#2529,10.);
#671=VECTOR('',#2530,10.);
#672=VECTOR('',#2533,10.);
#673=VECTOR('',#2534,10.);
#674=VECTOR('',#2535,10.);
#675=VECTOR('',#2538,10.);
#676=VECTOR('',#2539,10.);
#677=VECTOR('',#2540,10.);
#678=VECTOR('',#2543,10.);
#679=VECTOR('',#2544,10.);
#680=VECTOR('',#2545,10.);
#681=VECTOR('',#2550,10.);
#682=VECTOR('',#2555,10.);
#683=VECTOR('',#2556,10.);
#684=VECTOR('',#2557,10.);
#685=VECTOR('',#2562,10.);
#686=VECTOR('',#2567,10.);
#687=VECTOR('',#2568,10.);
#688=VECTOR('',#2569,10.);
#689=VECTOR('',#2574,10.);
#690=VECTOR('',#2581,10.);
#691=VECTOR('',#2586,10.);
#692=VECTOR('',#2587,10.);
#693=VECTOR('',#2588,10.);
#694=VECTOR('',#2591,10.);
#695=VECTOR('',#2592,10.);
#696=VECTOR('',#2593,10.);
#697=VECTOR('',#2596,10.);
#698=VECTOR('',#2597,10.);
#699=VECTOR('',#2598,10.);
#700=VECTOR('',#2601,10.);
#701=VECTOR('',#2604,10.);
#702=VECTOR('',#2605,10.);
#703=VECTOR('',#2606,10.);
#704=VECTOR('',#2609,10.);
#705=VECTOR('',#2610,10.);
#706=VECTOR('',#2613,1.5);
#707=VECTOR('',#2618,10.);
#708=VECTOR('',#2619,10.);
#709=VECTOR('',#2622,10.);
#710=VECTOR('',#2623,10.);
#711=VECTOR('',#2628,10.);
#712=VECTOR('',#2629,10.);
#713=VECTOR('',#2630,10.);
#714=VECTOR('',#2631,10.);
#715=VECTOR('',#2632,10.);
#716=VECTOR('',#2635,10.);
#717=VECTOR('',#2636,10.);
#718=VECTOR('',#2637,10.);
#719=VECTOR('',#2640,10.);
#720=VECTOR('',#2641,10.);
#721=VECTOR('',#2642,10.);
#722=VECTOR('',#2645,10.);
#723=VECTOR('',#2646,10.);
#724=VECTOR('',#2647,10.);
#725=VECTOR('',#2648,10.);
#726=VECTOR('',#2651,10.);
#727=VECTOR('',#2658,10.);
#728=VECTOR('',#2661,10.);
#729=VECTOR('',#2666,1.25);
#730=VECTOR('',#2669,10.);
#731=VECTOR('',#2674,1.25);
#732=VECTOR('',#2677,1.25);
#733=VECTOR('',#2682,1.25);
#734=VECTOR('',#2687,10.);
#735=VECTOR('',#2688,10.);
#736=VECTOR('',#2689,10.);
#737=VECTOR('',#2692,10.);
#738=VECTOR('',#2693,10.);
#739=VECTOR('',#2694,10.);
#740=VECTOR('',#2699,10.);
#741=VECTOR('',#2700,10.);
#742=VECTOR('',#2701,10.);
#743=VECTOR('',#2704,10.);
#744=VECTOR('',#2705,10.);
#745=VECTOR('',#2710,10.);
#746=VECTOR('',#2711,10.);
#747=VECTOR('',#2714,10.);
#748=VECTOR('',#2715,10.);
#749=VECTOR('',#2720,10.);
#750=VECTOR('',#2721,10.);
#751=VECTOR('',#2722,10.);
#752=VECTOR('',#2725,10.);
#753=VECTOR('',#2726,10.);
#754=VECTOR('',#2731,10.);
#755=VECTOR('',#2732,10.);
#756=VECTOR('',#2735,10.);
#757=VECTOR('',#2736,10.);
#758=VECTOR('',#2737,10.);
#759=VECTOR('',#2740,10.);
#760=VECTOR('',#2741,10.);
#761=VECTOR('',#2744,10.);
#762=VECTOR('',#2745,10.);
#763=VECTOR('',#2748,10.);
#764=VECTOR('',#2749,10.);
#765=VECTOR('',#2752,10.);
#766=VECTOR('',#2753,10.);
#767=VECTOR('',#2756,10.);
#768=VECTOR('',#2759,10.);
#769=VECTOR('',#2760,10.);
#770=VECTOR('',#2763,10.);
#771=VECTOR('',#2764,10.);
#772=VECTOR('',#2767,10.);
#773=VECTOR('',#2770,10.);
#774=VECTOR('',#2773,10.);
#775=VECTOR('',#2776,10.);
#776=VECTOR('',#2779,10.);
#777=VECTOR('',#2786,10.);
#778=VECTOR('',#2787,10.);
#779=VECTOR('',#2788,10.);
#780=VECTOR('',#2789,10.);
#781=VECTOR('',#2790,10.);
#782=VECTOR('',#2791,10.);
#783=VECTOR('',#2792,10.);
#784=VECTOR('',#2793,10.);
#785=VECTOR('',#2796,10.);
#786=VECTOR('',#2797,10.);
#787=VECTOR('',#2798,10.);
#788=VECTOR('',#2799,10.);
#789=VECTOR('',#2802,10.);
#790=VECTOR('',#2805,10.);
#791=VECTOR('',#2808,10.);
#792=VECTOR('',#2809,10.);
#793=VECTOR('',#2810,10.);
#794=VECTOR('',#2811,10.);
#795=VECTOR('',#2812,10.);
#796=VECTOR('',#2813,10.);
#797=VECTOR('',#2814,10.);
#798=VECTOR('',#2815,10.);
#799=VECTOR('',#2816,10.);
#800=VECTOR('',#2817,10.);
#801=VECTOR('',#2818,10.);
#802=VECTOR('',#2819,10.);
#803=VECTOR('',#2820,10.);
#804=VECTOR('',#2821,10.);
#805=VECTOR('',#2822,10.);
#806=VECTOR('',#2823,10.);
#807=VECTOR('',#2824,10.);
#808=VECTOR('',#2825,10.);
#809=VECTOR('',#2826,10.);
#810=VECTOR('',#2827,10.);
#811=VECTOR('',#2828,10.);
#812=VECTOR('',#2829,10.);
#813=VECTOR('',#2830,10.);
#814=VECTOR('',#2831,10.);
#815=VECTOR('',#2832,10.);
#816=VECTOR('',#2833,10.);
#817=VECTOR('',#2834,10.);
#818=VECTOR('',#2845,10.);
#819=VECTOR('',#2846,10.);
#820=VECTOR('',#2847,10.);
#821=VECTOR('',#2850,10.);
#822=VECTOR('',#2851,10.);
#823=VECTOR('',#2854,10.);
#824=VECTOR('',#2855,10.);
#825=VECTOR('',#2858,10.);
#826=VECTOR('',#2859,10.);
#827=VECTOR('',#2864,10.);
#828=VECTOR('',#2865,10.);
#829=VECTOR('',#2868,10.);
#830=VECTOR('',#2869,10.);
#831=VECTOR('',#2872,10.);
#832=VECTOR('',#2873,10.);
#833=VECTOR('',#2876,10.);
#834=VECTOR('',#2881,10.);
#835=VECTOR('',#2882,10.);
#836=VECTOR('',#2885,10.);
#837=VECTOR('',#2890,10.);
#838=VECTOR('',#2891,10.);
#839=VECTOR('',#2894,10.);
#840=VECTOR('',#2899,10.);
#841=VECTOR('',#2900,10.);
#842=VECTOR('',#2903,10.);
#843=VECTOR('',#2906,10.);
#844=VECTOR('',#2909,10.);
#845=VECTOR('',#2910,10.);
#846=VECTOR('',#2913,10.);
#847=VECTOR('',#2914,10.);
#848=VECTOR('',#2917,10.);
#849=VECTOR('',#2918,10.);
#850=VECTOR('',#2931,10.);
#851=VECTOR('',#2938,1.25);
#852=VECTOR('',#2943,10.);
#853=VECTOR('',#2944,10.);
#854=VECTOR('',#2949,10.);
#855=VECTOR('',#2958,10.);
#856=VECTOR('',#2959,10.);
#857=VECTOR('',#2960,10.);
#858=VECTOR('',#2961,10.);
#859=VECTOR('',#2962,10.);
#860=VECTOR('',#2965,10.);
#861=VECTOR('',#2966,10.);
#862=VECTOR('',#2969,10.);
#863=VECTOR('',#2970,10.);
#864=VECTOR('',#2971,10.);
#865=VECTOR('',#2974,10.);
#866=VECTOR('',#2975,10.);
#867=VECTOR('',#2976,10.);
#868=VECTOR('',#2979,10.);
#869=VECTOR('',#2980,10.);
#870=VECTOR('',#2985,10.);
#871=VECTOR('',#2986,10.);
#872=VECTOR('',#2987,10.);
#873=VECTOR('',#2990,10.);
#874=VECTOR('',#2993,10.);
#875=VECTOR('',#2998,1.25);
#876=VECTOR('',#3005,1.25);
#877=VECTOR('',#3010,10.);
#878=VECTOR('',#3011,10.);
#879=VECTOR('',#3012,10.);
#880=VECTOR('',#3013,10.);
#881=VECTOR('',#3016,10.);
#882=VECTOR('',#3017,10.);
#883=VECTOR('',#3018,10.);
#884=VECTOR('',#3021,10.);
#885=VECTOR('',#3022,10.);
#886=VECTOR('',#3023,10.);
#887=VECTOR('',#3026,10.);
#888=VECTOR('',#3027,10.);
#889=VECTOR('',#3032,10.);
#890=VECTOR('',#3033,10.);
#891=VECTOR('',#3034,10.);
#892=VECTOR('',#3035,10.);
#893=VECTOR('',#3038,10.);
#894=VECTOR('',#3039,10.);
#895=VECTOR('',#3040,10.);
#896=VECTOR('',#3043,10.);
#897=VECTOR('',#3044,10.);
#898=VECTOR('',#3045,10.);
#899=VECTOR('',#3048,10.);
#900=VECTOR('',#3049,10.);
#901=VECTOR('',#3056,10.);
#902=VECTOR('',#3057,10.);
#903=VECTOR('',#3062,10.);
#904=VECTOR('',#3063,10.);
#905=VECTOR('',#3066,10.);
#906=VECTOR('',#3071,1.25);
#907=VECTOR('',#3076,10.);
#908=VECTOR('',#3081,10.);
#909=VECTOR('',#3082,10.);
#910=VECTOR('',#3083,10.);
#911=VECTOR('',#3086,10.);
#912=VECTOR('',#3087,10.);
#913=VECTOR('',#3090,10.);
#914=VECTOR('',#3091,10.);
#915=VECTOR('',#3094,10.);
#916=VECTOR('',#3095,10.);
#917=VECTOR('',#3098,10.);
#918=VECTOR('',#3099,10.);
#919=VECTOR('',#3102,10.);
#920=VECTOR('',#3109,1.25);
#921=VECTOR('',#3112,1.25);
#922=VERTEX_POINT('',#3115);
#923=VERTEX_POINT('',#3116);
#924=VERTEX_POINT('',#3118);
#925=VERTEX_POINT('',#3120);
#926=VERTEX_POINT('',#3124);
#927=VERTEX_POINT('',#3125);
#928=VERTEX_POINT('',#3127);
#929=VERTEX_POINT('',#3129);
#930=VERTEX_POINT('',#3131);
#931=VERTEX_POINT('',#3133);
#932=VERTEX_POINT('',#3136);
#933=VERTEX_POINT('',#3138);
#934=VERTEX_POINT('',#3140);
#935=VERTEX_POINT('',#3143);
#936=VERTEX_POINT('',#3145);
#937=VERTEX_POINT('',#3150);
#938=VERTEX_POINT('',#3151);
#939=VERTEX_POINT('',#3153);
#940=VERTEX_POINT('',#3155);
#941=VERTEX_POINT('',#3159);
#942=VERTEX_POINT('',#3161);
#943=VERTEX_POINT('',#3165);
#944=VERTEX_POINT('',#3167);
#945=VERTEX_POINT('',#3171);
#946=VERTEX_POINT('',#3173);
#947=VERTEX_POINT('',#3177);
#948=VERTEX_POINT('',#3179);
#949=VERTEX_POINT('',#3183);
#950=VERTEX_POINT('',#3185);
#951=VERTEX_POINT('',#3189);
#952=VERTEX_POINT('',#3191);
#953=VERTEX_POINT('',#3195);
#954=VERTEX_POINT('',#3197);
#955=VERTEX_POINT('',#3201);
#956=VERTEX_POINT('',#3203);
#957=VERTEX_POINT('',#3207);
#958=VERTEX_POINT('',#3209);
#959=VERTEX_POINT('',#3213);
#960=VERTEX_POINT('',#3215);
#961=VERTEX_POINT('',#3219);
#962=VERTEX_POINT('',#3221);
#963=VERTEX_POINT('',#3225);
#964=VERTEX_POINT('',#3227);
#965=VERTEX_POINT('',#3231);
#966=VERTEX_POINT('',#3233);
#967=VERTEX_POINT('',#3235);
#968=VERTEX_POINT('',#3237);
#969=VERTEX_POINT('',#3244);
#970=VERTEX_POINT('',#3248);
#971=VERTEX_POINT('',#3252);
#972=VERTEX_POINT('',#3255);
#973=VERTEX_POINT('',#3258);
#974=VERTEX_POINT('',#3259);
#975=VERTEX_POINT('',#3261);
#976=VERTEX_POINT('',#3263);
#977=VERTEX_POINT('',#3265);
#978=VERTEX_POINT('',#3269);
#979=VERTEX_POINT('',#3271);
#980=VERTEX_POINT('',#3275);
#981=VERTEX_POINT('',#3277);
#982=VERTEX_POINT('',#3281);
#983=VERTEX_POINT('',#3282);
#984=VERTEX_POINT('',#3284);
#985=VERTEX_POINT('',#3286);
#986=VERTEX_POINT('',#3290);
#987=VERTEX_POINT('',#3291);
#988=VERTEX_POINT('',#3294);
#989=VERTEX_POINT('',#3297);
#990=VERTEX_POINT('',#3299);
#991=VERTEX_POINT('',#3303);
#992=VERTEX_POINT('',#3309);
#993=VERTEX_POINT('',#3313);
#994=VERTEX_POINT('',#3317);
#995=VERTEX_POINT('',#3321);
#996=VERTEX_POINT('',#3322);
#997=VERTEX_POINT('',#3327);
#998=VERTEX_POINT('',#3328);
#999=VERTEX_POINT('',#3331);
#1000=VERTEX_POINT('',#3335);
#1001=VERTEX_POINT('',#3340);
#1002=VERTEX_POINT('',#3342);
#1003=VERTEX_POINT('',#3346);
#1004=VERTEX_POINT('',#3350);
#1005=VERTEX_POINT('',#3352);
#1006=VERTEX_POINT('',#3356);
#1007=VERTEX_POINT('',#3361);
#1008=VERTEX_POINT('',#3363);
#1009=VERTEX_POINT('',#3367);
#1010=VERTEX_POINT('',#3371);
#1011=VERTEX_POINT('',#3376);
#1012=VERTEX_POINT('',#3380);
#1013=VERTEX_POINT('',#3384);
#1014=VERTEX_POINT('',#3388);
#1015=VERTEX_POINT('',#3394);
#1016=VERTEX_POINT('',#3398);
#1017=VERTEX_POINT('',#3406);
#1018=VERTEX_POINT('',#3408);
#1019=VERTEX_POINT('',#3416);
#1020=VERTEX_POINT('',#3417);
#1021=VERTEX_POINT('',#3419);
#1022=VERTEX_POINT('',#3421);
#1023=VERTEX_POINT('',#3423);
#1024=VERTEX_POINT('',#3425);
#1025=VERTEX_POINT('',#3427);
#1026=VERTEX_POINT('',#3429);
#1027=VERTEX_POINT('',#3431);
#1028=VERTEX_POINT('',#3433);
#1029=VERTEX_POINT('',#3435);
#1030=VERTEX_POINT('',#3438);
#1031=VERTEX_POINT('',#3440);
#1032=VERTEX_POINT('',#3442);
#1033=VERTEX_POINT('',#3444);
#1034=VERTEX_POINT('',#3446);
#1035=VERTEX_POINT('',#3448);
#1036=VERTEX_POINT('',#3450);
#1037=VERTEX_POINT('',#3452);
#1038=VERTEX_POINT('',#3454);
#1039=VERTEX_POINT('',#3456);
#1040=VERTEX_POINT('',#3458);
#1041=VERTEX_POINT('',#3460);
#1042=VERTEX_POINT('',#3462);
#1043=VERTEX_POINT('',#3464);
#1044=VERTEX_POINT('',#3466);
#1045=VERTEX_POINT('',#3468);
#1046=VERTEX_POINT('',#3470);
#1047=VERTEX_POINT('',#3472);
#1048=VERTEX_POINT('',#3474);
#1049=VERTEX_POINT('',#3476);
#1050=VERTEX_POINT('',#3478);
#1051=VERTEX_POINT('',#3480);
#1052=VERTEX_POINT('',#3482);
#1053=VERTEX_POINT('',#3484);
#1054=VERTEX_POINT('',#3486);
#1055=VERTEX_POINT('',#3488);
#1056=VERTEX_POINT('',#3490);
#1057=VERTEX_POINT('',#3492);
#1058=VERTEX_POINT('',#3494);
#1059=VERTEX_POINT('',#3496);
#1060=VERTEX_POINT('',#3498);
#1061=VERTEX_POINT('',#3500);
#1062=VERTEX_POINT('',#3502);
#1063=VERTEX_POINT('',#3505);
#1064=VERTEX_POINT('',#3508);
#1065=VERTEX_POINT('',#3510);
#1066=VERTEX_POINT('',#3513);
#1067=VERTEX_POINT('',#3515);
#1068=VERTEX_POINT('',#3519);
#1069=VERTEX_POINT('',#3523);
#1070=VERTEX_POINT('',#3527);
#1071=VERTEX_POINT('',#3532);
#1072=VERTEX_POINT('',#3536);
#1073=VERTEX_POINT('',#3540);
#1074=VERTEX_POINT('',#3544);
#1075=VERTEX_POINT('',#3548);
#1076=VERTEX_POINT('',#3552);
#1077=VERTEX_POINT('',#3556);
#1078=VERTEX_POINT('',#3560);
#1079=VERTEX_POINT('',#3564);
#1080=VERTEX_POINT('',#3568);
#1081=VERTEX_POINT('',#3570);
#1082=VERTEX_POINT('',#3574);
#1083=VERTEX_POINT('',#3581);
#1084=VERTEX_POINT('',#3590);
#1085=VERTEX_POINT('',#3591);
#1086=VERTEX_POINT('',#3594);
#1087=VERTEX_POINT('',#3597);
#1088=VERTEX_POINT('',#3601);
#1089=VERTEX_POINT('',#3603);
#1090=VERTEX_POINT('',#3612);
#1091=VERTEX_POINT('',#3614);
#1092=VERTEX_POINT('',#3616);
#1093=VERTEX_POINT('',#3618);
#1094=VERTEX_POINT('',#3622);
#1095=VERTEX_POINT('',#3626);
#1096=VERTEX_POINT('',#3628);
#1097=VERTEX_POINT('',#3632);
#1098=VERTEX_POINT('',#3633);
#1099=VERTEX_POINT('',#3642);
#1100=VERTEX_POINT('',#3644);
#1101=VERTEX_POINT('',#3652);
#1102=VERTEX_POINT('',#3654);
#1103=VERTEX_POINT('',#3658);
#1104=VERTEX_POINT('',#3660);
#1105=VERTEX_POINT('',#3664);
#1106=VERTEX_POINT('',#3665);
#1107=VERTEX_POINT('',#3667);
#1108=VERTEX_POINT('',#3669);
#1109=VERTEX_POINT('',#3673);
#1110=VERTEX_POINT('',#3675);
#1111=VERTEX_POINT('',#3679);
#1112=VERTEX_POINT('',#3681);
#1113=VERTEX_POINT('',#3689);
#1114=VERTEX_POINT('',#3690);
#1115=VERTEX_POINT('',#3692);
#1116=VERTEX_POINT('',#3694);
#1117=VERTEX_POINT('',#3698);
#1118=VERTEX_POINT('',#3700);
#1119=VERTEX_POINT('',#3704);
#1120=VERTEX_POINT('',#3706);
#1121=VERTEX_POINT('',#3715);
#1122=VERTEX_POINT('',#3718);
#1123=VERTEX_POINT('',#3721);
#1124=VERTEX_POINT('',#3728);
#1125=VERTEX_POINT('',#3735);
#1126=VERTEX_POINT('',#3737);
#1127=VERTEX_POINT('',#3741);
#1128=VERTEX_POINT('',#3745);
#1129=VERTEX_POINT('',#3749);
#1130=VERTEX_POINT('',#3753);
#1131=VERTEX_POINT('',#3759);
#1132=EDGE_CURVE('',#922,#923,#386,.T.);
#1133=EDGE_CURVE('',#922,#924,#387,.T.);
#1134=EDGE_CURVE('',#924,#925,#388,.T.);
#1135=EDGE_CURVE('',#923,#925,#389,.T.);
#1136=EDGE_CURVE('',#926,#927,#390,.F.);
#1137=EDGE_CURVE('',#927,#928,#391,.F.);
#1138=EDGE_CURVE('',#928,#929,#392,.F.);
#1139=EDGE_CURVE('',#929,#930,#393,.F.);
#1140=EDGE_CURVE('',#930,#931,#394,.F.);
#1141=EDGE_CURVE('',#931,#926,#395,.F.);
#1142=EDGE_CURVE('',#932,#932,#69,.T.);
#1143=EDGE_CURVE('',#933,#933,#70,.T.);
#1144=EDGE_CURVE('',#934,#934,#71,.T.);
#1145=EDGE_CURVE('',#935,#923,#396,.T.);
#1146=EDGE_CURVE('',#936,#935,#397,.T.);
#1147=EDGE_CURVE('',#925,#936,#398,.T.);
#1148=EDGE_CURVE('',#923,#925,#399,.T.);
#1149=EDGE_CURVE('',#937,#938,#400,.T.);
#1150=EDGE_CURVE('',#939,#937,#401,.T.);
#1151=EDGE_CURVE('',#940,#939,#402,.T.);
#1152=EDGE_CURVE('',#940,#938,#403,.T.);
#1153=EDGE_CURVE('',#938,#941,#404,.T.);
#1154=EDGE_CURVE('',#942,#940,#405,.T.);
#1155=EDGE_CURVE('',#942,#941,#406,.T.);
#1156=EDGE_CURVE('',#941,#943,#407,.T.);
#1157=EDGE_CURVE('',#944,#942,#408,.T.);
#1158=EDGE_CURVE('',#943,#944,#409,.T.);
#1159=EDGE_CURVE('',#945,#935,#410,.T.);
#1160=EDGE_CURVE('',#946,#945,#411,.T.);
#1161=EDGE_CURVE('',#936,#946,#412,.T.);
#1162=EDGE_CURVE('',#947,#945,#72,.T.);
#1163=EDGE_CURVE('',#947,#948,#413,.T.);
#1164=EDGE_CURVE('',#948,#946,#73,.T.);
#1165=EDGE_CURVE('',#949,#947,#414,.T.);
#1166=EDGE_CURVE('',#950,#949,#415,.T.);
#1167=EDGE_CURVE('',#948,#950,#416,.T.);
#1168=EDGE_CURVE('',#951,#949,#74,.T.);
#1169=EDGE_CURVE('',#951,#952,#417,.T.);
#1170=EDGE_CURVE('',#952,#950,#75,.T.);
#1171=EDGE_CURVE('',#953,#951,#418,.T.);
#1172=EDGE_CURVE('',#953,#954,#419,.T.);
#1173=EDGE_CURVE('',#952,#954,#420,.T.);
#1174=EDGE_CURVE('',#955,#922,#76,.T.);
#1175=EDGE_CURVE('',#956,#955,#421,.T.);
#1176=EDGE_CURVE('',#924,#956,#77,.T.);
#1177=EDGE_CURVE('',#957,#953,#78,.T.);
#1178=EDGE_CURVE('',#958,#957,#422,.T.);
#1179=EDGE_CURVE('',#954,#958,#79,.T.);
#1180=EDGE_CURVE('',#923,#959,#423,.T.);
#1181=EDGE_CURVE('',#925,#960,#424,.T.);
#1182=EDGE_CURVE('',#960,#959,#425,.T.);
#1183=EDGE_CURVE('',#961,#957,#426,.T.);
#1184=EDGE_CURVE('',#962,#961,#427,.T.);
#1185=EDGE_CURVE('',#962,#958,#428,.T.);
#1186=EDGE_CURVE('',#963,#961,#429,.T.);
#1187=EDGE_CURVE('',#964,#963,#430,.T.);
#1188=EDGE_CURVE('',#964,#962,#431,.T.);
#1189=EDGE_CURVE('',#965,#937,#432,.T.);
#1190=EDGE_CURVE('',#965,#966,#80,.T.);
#1191=EDGE_CURVE('',#967,#966,#433,.T.);
#1192=EDGE_CURVE('',#968,#967,#434,.T.);
#1193=EDGE_CURVE('',#968,#939,#435,.T.);
#1194=EDGE_CURVE('',#943,#963,#436,.T.);
#1195=EDGE_CURVE('',#944,#964,#437,.T.);
#1196=EDGE_CURVE('',#934,#969,#438,.T.);
#1197=EDGE_CURVE('',#969,#969,#81,.T.);
#1198=EDGE_CURVE('',#970,#925,#439,.T.);
#1199=EDGE_CURVE('',#956,#970,#440,.T.);
#1200=EDGE_CURVE('',#971,#968,#441,.T.);
#1201=EDGE_CURVE('',#960,#971,#442,.T.);
#1202=EDGE_CURVE('',#972,#972,#82,.T.);
#1203=EDGE_CURVE('',#973,#974,#443,.T.);
#1204=EDGE_CURVE('',#975,#974,#444,.T.);
#1205=EDGE_CURVE('',#976,#975,#445,.T.);
#1206=EDGE_CURVE('',#976,#977,#446,.T.);
#1207=EDGE_CURVE('',#973,#977,#447,.T.);
#1208=EDGE_CURVE('',#978,#973,#448,.T.);
#1209=EDGE_CURVE('',#977,#979,#449,.T.);
#1210=EDGE_CURVE('',#979,#978,#450,.T.);
#1211=EDGE_CURVE('',#980,#978,#451,.T.);
#1212=EDGE_CURVE('',#979,#981,#452,.T.);
#1213=EDGE_CURVE('',#980,#981,#453,.T.);
#1214=EDGE_CURVE('',#982,#983,#454,.T.);
#1215=EDGE_CURVE('',#983,#984,#455,.T.);
#1216=EDGE_CURVE('',#985,#984,#456,.T.);
#1217=EDGE_CURVE('',#982,#985,#457,.T.);
#1218=EDGE_CURVE('',#986,#987,#458,.T.);
#1219=EDGE_CURVE('',#986,#987,#83,.T.);
#1220=EDGE_CURVE('',#988,#988,#84,.T.);
#1221=EDGE_CURVE('',#989,#986,#459,.T.);
#1222=EDGE_CURVE('',#990,#989,#85,.T.);
#1223=EDGE_CURVE('',#987,#990,#460,.T.);
#1224=EDGE_CURVE('',#991,#991,#86,.T.);
#1225=EDGE_CURVE('',#991,#988,#461,.T.);
#1226=EDGE_CURVE('',#990,#989,#462,.T.);
#1227=EDGE_CURVE('',#992,#992,#87,.T.);
#1228=EDGE_CURVE('',#992,#972,#463,.T.);
#1229=EDGE_CURVE('',#933,#993,#464,.T.);
#1230=EDGE_CURVE('',#993,#993,#88,.T.);
#1231=EDGE_CURVE('',#932,#994,#465,.T.);
#1232=EDGE_CURVE('',#994,#994,#89,.T.);
#1233=EDGE_CURVE('',#995,#996,#466,.T.);
#1234=EDGE_CURVE('',#928,#995,#467,.F.);
#1235=EDGE_CURVE('',#996,#927,#468,.T.);
#1236=EDGE_CURVE('',#997,#998,#469,.T.);
#1237=EDGE_CURVE('',#929,#997,#470,.F.);
#1238=EDGE_CURVE('',#999,#995,#471,.T.);
#1239=EDGE_CURVE('',#999,#998,#90,.T.);
#1240=EDGE_CURVE('',#996,#1000,#472,.T.);
#1241=EDGE_CURVE('',#926,#975,#473,.F.);
#1242=EDGE_CURVE('',#975,#1000,#474,.F.);
#1243=EDGE_CURVE('',#998,#1001,#475,.T.);
#1244=EDGE_CURVE('',#1002,#999,#476,.T.);
#1245=EDGE_CURVE('',#1001,#1002,#91,.T.);
#1246=EDGE_CURVE('',#1000,#1003,#477,.T.);
#1247=EDGE_CURVE('',#974,#1003,#478,.T.);
#1248=EDGE_CURVE('',#1001,#1004,#479,.T.);
#1249=EDGE_CURVE('',#1005,#1002,#480,.T.);
#1250=EDGE_CURVE('',#1005,#1004,#92,.T.);
#1251=EDGE_CURVE('',#1003,#1006,#481,.T.);
#1252=EDGE_CURVE('',#980,#985,#482,.T.);
#1253=EDGE_CURVE('',#984,#1006,#483,.T.);
#1254=EDGE_CURVE('',#1004,#1007,#484,.T.);
#1255=EDGE_CURVE('',#1008,#1005,#485,.T.);
#1256=EDGE_CURVE('',#1007,#1008,#93,.T.);
#1257=EDGE_CURVE('',#1006,#1009,#486,.T.);
#1258=EDGE_CURVE('',#983,#1009,#487,.T.);
#1259=EDGE_CURVE('',#1007,#1010,#488,.T.);
#1260=EDGE_CURVE('',#959,#1008,#489,.T.);
#1261=EDGE_CURVE('',#971,#1010,#490,.T.);
#1262=EDGE_CURVE('',#1009,#1011,#491,.T.);
#1263=EDGE_CURVE('',#1011,#982,#492,.T.);
#1264=EDGE_CURVE('',#1011,#1012,#493,.T.);
#1265=EDGE_CURVE('',#981,#1012,#494,.T.);
#1266=EDGE_CURVE('',#923,#1013,#495,.T.);
#1267=EDGE_CURVE('',#1013,#970,#496,.T.);
#1268=EDGE_CURVE('',#1012,#1014,#497,.T.);
#1269=EDGE_CURVE('',#1014,#976,#498,.T.);
#1270=EDGE_CURVE('',#1013,#955,#499,.T.);
#1271=EDGE_CURVE('',#1014,#1015,#500,.T.);
#1272=EDGE_CURVE('',#931,#1015,#501,.F.);
#1273=EDGE_CURVE('',#1015,#1016,#502,.T.);
#1274=EDGE_CURVE('',#930,#1016,#503,.F.);
#1275=EDGE_CURVE('',#1016,#997,#504,.T.);
#1276=EDGE_CURVE('',#1010,#967,#505,.T.);
#1277=EDGE_CURVE('',#1017,#965,#506,.T.);
#1278=EDGE_CURVE('',#1018,#1017,#94,.T.);
#1279=EDGE_CURVE('',#966,#1018,#507,.T.);
#1280=EDGE_CURVE('',#1018,#1017,#508,.T.);
#1281=EDGE_CURVE('',#1019,#1020,#509,.T.);
#1282=EDGE_CURVE('',#1021,#1019,#510,.T.);
#1283=EDGE_CURVE('',#1022,#1021,#511,.T.);
#1284=EDGE_CURVE('',#1023,#1022,#512,.T.);
#1285=EDGE_CURVE('',#1024,#1023,#513,.T.);
#1286=EDGE_CURVE('',#1025,#1024,#514,.T.);
#1287=EDGE_CURVE('',#1026,#1025,#515,.T.);
#1288=EDGE_CURVE('',#1027,#1026,#516,.T.);
#1289=EDGE_CURVE('',#1028,#1027,#95,.T.);
#1290=EDGE_CURVE('',#1029,#1028,#517,.T.);
#1291=EDGE_CURVE('',#1026,#1029,#518,.T.);
#1292=EDGE_CURVE('',#1030,#1026,#519,.T.);
#1293=EDGE_CURVE('',#1031,#1030,#520,.T.);
#1294=EDGE_CURVE('',#1032,#1031,#96,.T.);
#1295=EDGE_CURVE('',#1033,#1032,#521,.T.);
#1296=EDGE_CURVE('',#1034,#1033,#97,.T.);
#1297=EDGE_CURVE('',#1035,#1034,#522,.T.);
#1298=EDGE_CURVE('',#1036,#1035,#98,.T.);
#1299=EDGE_CURVE('',#1037,#1036,#523,.T.);
#1300=EDGE_CURVE('',#1038,#1037,#524,.T.);
#1301=EDGE_CURVE('',#1039,#1038,#525,.T.);
#1302=EDGE_CURVE('',#1040,#1039,#526,.T.);
#1303=EDGE_CURVE('',#1041,#1040,#527,.T.);
#1304=EDGE_CURVE('',#1042,#1041,#528,.T.);
#1305=EDGE_CURVE('',#1043,#1042,#529,.T.);
#1306=EDGE_CURVE('',#1044,#1043,#530,.T.);
#1307=EDGE_CURVE('',#1045,#1044,#531,.T.);
#1308=EDGE_CURVE('',#1046,#1045,#532,.T.);
#1309=EDGE_CURVE('',#1047,#1046,#533,.T.);
#1310=EDGE_CURVE('',#1048,#1047,#534,.T.);
#1311=EDGE_CURVE('',#1049,#1048,#535,.T.);
#1312=EDGE_CURVE('',#1050,#1049,#536,.T.);
#1313=EDGE_CURVE('',#1051,#1050,#537,.T.);
#1314=EDGE_CURVE('',#1052,#1051,#538,.T.);
#1315=EDGE_CURVE('',#1053,#1052,#539,.T.);
#1316=EDGE_CURVE('',#1054,#1053,#540,.T.);
#1317=EDGE_CURVE('',#1055,#1054,#541,.T.);
#1318=EDGE_CURVE('',#1056,#1055,#542,.T.);
#1319=EDGE_CURVE('',#1057,#1056,#543,.T.);
#1320=EDGE_CURVE('',#1058,#1057,#544,.T.);
#1321=EDGE_CURVE('',#1059,#1058,#545,.T.);
#1322=EDGE_CURVE('',#1060,#1059,#546,.T.);
#1323=EDGE_CURVE('',#1061,#1060,#547,.T.);
#1324=EDGE_CURVE('',#1062,#1061,#548,.T.);
#1325=EDGE_CURVE('',#1020,#1062,#549,.T.);
#1326=EDGE_CURVE('',#1063,#1063,#99,.T.);
#1327=EDGE_CURVE('',#1064,#1064,#100,.T.);
#1328=EDGE_CURVE('',#1065,#1065,#101,.T.);
#1329=EDGE_CURVE('',#1041,#1066,#550,.T.);
#1330=EDGE_CURVE('',#1067,#1066,#551,.T.);
#1331=EDGE_CURVE('',#1042,#1067,#552,.T.);
#1332=EDGE_CURVE('',#1040,#1068,#553,.T.);
#1333=EDGE_CURVE('',#1066,#1068,#554,.T.);
#1334=EDGE_CURVE('',#1069,#1039,#555,.T.);
#1335=EDGE_CURVE('',#1068,#1069,#556,.T.);
#1336=EDGE_CURVE('',#1067,#1070,#557,.T.);
#1337=EDGE_CURVE('',#1047,#1070,#558,.T.);
#1338=EDGE_CURVE('',#1046,#1043,#102,.T.);
#1339=EDGE_CURVE('',#1038,#1071,#559,.T.);
#1340=EDGE_CURVE('',#1071,#1069,#560,.T.);
#1341=EDGE_CURVE('',#1037,#1072,#561,.T.);
#1342=EDGE_CURVE('',#1072,#1071,#562,.T.);
#1343=EDGE_CURVE('',#1036,#1073,#563,.T.);
#1344=EDGE_CURVE('',#1073,#1072,#564,.T.);
#1345=EDGE_CURVE('',#1074,#1035,#565,.T.);
#1346=EDGE_CURVE('',#1073,#1074,#103,.F.);
#1347=EDGE_CURVE('',#1075,#1034,#566,.T.);
#1348=EDGE_CURVE('',#1074,#1075,#567,.T.);
#1349=EDGE_CURVE('',#1033,#1076,#568,.T.);
#1350=EDGE_CURVE('',#1076,#1075,#104,.T.);
#1351=EDGE_CURVE('',#1077,#1032,#569,.T.);
#1352=EDGE_CURVE('',#1076,#1077,#570,.T.);
#1353=EDGE_CURVE('',#1031,#1078,#571,.T.);
#1354=EDGE_CURVE('',#1078,#1077,#105,.T.);
#1355=EDGE_CURVE('',#1030,#1079,#572,.T.);
#1356=EDGE_CURVE('',#1078,#1079,#573,.T.);
#1357=EDGE_CURVE('',#1080,#1027,#574,.T.);
#1358=EDGE_CURVE('',#1081,#1080,#106,.F.);
#1359=EDGE_CURVE('',#1028,#1081,#575,.T.);
#1360=EDGE_CURVE('',#1082,#1026,#576,.T.);
#1361=EDGE_CURVE('',#1079,#1082,#577,.T.);
#1362=EDGE_CURVE('',#1082,#1026,#578,.T.);
#1363=EDGE_CURVE('',#1082,#1080,#579,.T.);
#1364=EDGE_CURVE('',#1025,#1083,#580,.T.);
#1365=EDGE_CURVE('',#1083,#1082,#581,.T.);
#1366=EDGE_CURVE('',#1022,#1051,#107,.T.);
#1367=EDGE_CURVE('',#1052,#1021,#108,.T.);
#1368=EDGE_CURVE('',#1050,#1023,#109,.T.);
#1369=EDGE_CURVE('',#1084,#1085,#582,.T.);
#1370=EDGE_CURVE('',#1084,#1085,#110,.T.);
#1371=EDGE_CURVE('',#1086,#1086,#111,.T.);
#1372=EDGE_CURVE('',#1086,#1087,#583,.T.);
#1373=EDGE_CURVE('',#1087,#1087,#112,.T.);
#1374=EDGE_CURVE('',#1085,#1088,#584,.T.);
#1375=EDGE_CURVE('',#1089,#1084,#585,.T.);
#1376=EDGE_CURVE('',#1088,#1089,#113,.T.);
#1377=EDGE_CURVE('',#1088,#1089,#586,.T.);
#1378=EDGE_CURVE('',#1044,#1045,#114,.T.);
#1379=EDGE_CURVE('',#1060,#1090,#587,.T.);
#1380=EDGE_CURVE('',#1090,#1091,#588,.T.);
#1381=EDGE_CURVE('',#1092,#1091,#589,.T.);
#1382=EDGE_CURVE('',#1093,#1092,#590,.T.);
#1383=EDGE_CURVE('',#1061,#1093,#591,.T.);
#1384=EDGE_CURVE('',#1059,#1094,#592,.T.);
#1385=EDGE_CURVE('',#1094,#1090,#593,.T.);
#1386=EDGE_CURVE('',#1091,#1095,#594,.T.);
#1387=EDGE_CURVE('',#1095,#1096,#595,.T.);
#1388=EDGE_CURVE('',#1096,#1092,#596,.T.);
#1389=EDGE_CURVE('',#1097,#1098,#597,.T.);
#1390=EDGE_CURVE('',#1095,#1097,#598,.T.);
#1391=EDGE_CURVE('',#1094,#1098,#599,.T.);
#1392=EDGE_CURVE('',#1057,#1097,#600,.T.);
#1393=EDGE_CURVE('',#1098,#1058,#601,.T.);
#1394=EDGE_CURVE('',#1099,#1096,#602,.T.);
#1395=EDGE_CURVE('',#1100,#1099,#603,.T.);
#1396=EDGE_CURVE('',#1093,#1100,#604,.T.);
#1397=EDGE_CURVE('',#1099,#1056,#605,.T.);
#1398=EDGE_CURVE('',#1062,#1100,#606,.F.);
#1399=EDGE_CURVE('',#1101,#1101,#115,.T.);
#1400=EDGE_CURVE('',#1101,#1102,#607,.T.);
#1401=EDGE_CURVE('',#1102,#1102,#116,.T.);
#1402=EDGE_CURVE('',#1103,#1103,#117,.T.);
#1403=EDGE_CURVE('',#1103,#1104,#608,.T.);
#1404=EDGE_CURVE('',#1104,#1104,#118,.T.);
#1405=EDGE_CURVE('',#1105,#1106,#609,.T.);
#1406=EDGE_CURVE('',#1105,#1107,#610,.T.);
#1407=EDGE_CURVE('',#1108,#1107,#611,.T.);
#1408=EDGE_CURVE('',#1106,#1108,#612,.T.);
#1409=EDGE_CURVE('',#1106,#1109,#613,.T.);
#1410=EDGE_CURVE('',#1110,#1108,#614,.T.);
#1411=EDGE_CURVE('',#1109,#1110,#615,.T.);
#1412=EDGE_CURVE('',#1109,#1111,#616,.T.);
#1413=EDGE_CURVE('',#1112,#1110,#617,.T.);
#1414=EDGE_CURVE('',#1111,#1112,#618,.T.);
#1415=EDGE_CURVE('',#1111,#1105,#619,.T.);
#1416=EDGE_CURVE('',#1107,#1112,#620,.T.);
#1417=EDGE_CURVE('',#1113,#1114,#621,.T.);
#1418=EDGE_CURVE('',#1113,#1115,#622,.T.);
#1419=EDGE_CURVE('',#1116,#1115,#623,.T.);
#1420=EDGE_CURVE('',#1114,#1116,#624,.T.);
#1421=EDGE_CURVE('',#1117,#1113,#625,.T.);
#1422=EDGE_CURVE('',#1117,#1118,#626,.T.);
#1423=EDGE_CURVE('',#1115,#1118,#627,.T.);
#1424=EDGE_CURVE('',#1119,#1117,#628,.T.);
#1425=EDGE_CURVE('',#1119,#1120,#629,.T.);
#1426=EDGE_CURVE('',#1118,#1120,#630,.T.);
#1427=EDGE_CURVE('',#1114,#1119,#631,.T.);
#1428=EDGE_CURVE('',#1120,#1116,#632,.T.);
#1429=EDGE_CURVE('',#1024,#1049,#119,.T.);
#1430=EDGE_CURVE('',#1121,#1083,#633,.T.);
#1431=EDGE_CURVE('',#1070,#1121,#634,.T.);
#1432=EDGE_CURVE('',#1122,#1122,#120,.F.);
#1433=EDGE_CURVE('',#1082,#1123,#635,.T.);
#1434=EDGE_CURVE('',#1123,#1081,#636,.T.);
#1435=EDGE_CURVE('',#1048,#1121,#637,.T.);
#1436=EDGE_CURVE('',#1063,#1124,#638,.T.);
#1437=EDGE_CURVE('',#1124,#1124,#121,.T.);
#1438=EDGE_CURVE('',#1123,#1029,#639,.T.);
#1439=EDGE_CURVE('',#1125,#1020,#640,.T.);
#1440=EDGE_CURVE('',#1126,#1125,#641,.F.);
#1441=EDGE_CURVE('',#1019,#1126,#642,.F.);
#1442=EDGE_CURVE('',#1127,#1126,#643,.F.);
#1443=EDGE_CURVE('',#1053,#1127,#644,.F.);
#1444=EDGE_CURVE('',#1128,#1127,#645,.F.);
#1445=EDGE_CURVE('',#1054,#1128,#646,.F.);
#1446=EDGE_CURVE('',#1129,#1128,#647,.F.);
#1447=EDGE_CURVE('',#1055,#1129,#648,.F.);
#1448=EDGE_CURVE('',#1130,#1129,#649,.F.);
#1449=EDGE_CURVE('',#1100,#1130,#650,.F.);
#1450=EDGE_CURVE('',#1125,#1130,#651,.F.);
#1451=EDGE_CURVE('',#1131,#1131,#122,.T.);
#1452=EDGE_CURVE('',#1065,#1131,#652,.T.);
#1453=EDGE_CURVE('',#1122,#1064,#653,.T.);
#1454=ORIENTED_EDGE('',*,*,#1132,.F.);
#1455=ORIENTED_EDGE('',*,*,#1133,.T.);
#1456=ORIENTED_EDGE('',*,*,#1134,.T.);
#1457=ORIENTED_EDGE('',*,*,#1135,.F.);
#1458=ORIENTED_EDGE('',*,*,#1136,.T.);
#1459=ORIENTED_EDGE('',*,*,#1137,.T.);
#1460=ORIENTED_EDGE('',*,*,#1138,.T.);
#1461=ORIENTED_EDGE('',*,*,#1139,.T.);
#1462=ORIENTED_EDGE('',*,*,#1140,.T.);
#1463=ORIENTED_EDGE('',*,*,#1141,.T.);
#1464=ORIENTED_EDGE('',*,*,#1142,.T.);
#1465=ORIENTED_EDGE('',*,*,#1143,.T.);
#1466=ORIENTED_EDGE('',*,*,#1144,.T.);
#1467=ORIENTED_EDGE('',*,*,#1145,.F.);
#1468=ORIENTED_EDGE('',*,*,#1146,.F.);
#1469=ORIENTED_EDGE('',*,*,#1147,.F.);
#1470=ORIENTED_EDGE('',*,*,#1148,.F.);
#1471=ORIENTED_EDGE('',*,*,#1149,.F.);
#1472=ORIENTED_EDGE('',*,*,#1150,.F.);
#1473=ORIENTED_EDGE('',*,*,#1151,.F.);
#1474=ORIENTED_EDGE('',*,*,#1152,.T.);
#1475=ORIENTED_EDGE('',*,*,#1153,.F.);
#1476=ORIENTED_EDGE('',*,*,#1152,.F.);
#1477=ORIENTED_EDGE('',*,*,#1154,.F.);
#1478=ORIENTED_EDGE('',*,*,#1155,.T.);
#1479=ORIENTED_EDGE('',*,*,#1156,.F.);
#1480=ORIENTED_EDGE('',*,*,#1155,.F.);
#1481=ORIENTED_EDGE('',*,*,#1157,.F.);
#1482=ORIENTED_EDGE('',*,*,#1158,.F.);
#1483=ORIENTED_EDGE('',*,*,#1159,.F.);
#1484=ORIENTED_EDGE('',*,*,#1160,.F.);
#1485=ORIENTED_EDGE('',*,*,#1161,.F.);
#1486=ORIENTED_EDGE('',*,*,#1146,.T.);
#1487=ORIENTED_EDGE('',*,*,#1162,.F.);
#1488=ORIENTED_EDGE('',*,*,#1163,.T.);
#1489=ORIENTED_EDGE('',*,*,#1164,.T.);
#1490=ORIENTED_EDGE('',*,*,#1160,.T.);
#1491=ORIENTED_EDGE('',*,*,#1165,.F.);
#1492=ORIENTED_EDGE('',*,*,#1166,.F.);
#1493=ORIENTED_EDGE('',*,*,#1167,.F.);
#1494=ORIENTED_EDGE('',*,*,#1163,.F.);
#1495=ORIENTED_EDGE('',*,*,#1168,.F.);
#1496=ORIENTED_EDGE('',*,*,#1169,.T.);
#1497=ORIENTED_EDGE('',*,*,#1170,.T.);
#1498=ORIENTED_EDGE('',*,*,#1166,.T.);
#1499=ORIENTED_EDGE('',*,*,#1171,.F.);
#1500=ORIENTED_EDGE('',*,*,#1172,.T.);
#1501=ORIENTED_EDGE('',*,*,#1173,.F.);
#1502=ORIENTED_EDGE('',*,*,#1169,.F.);
#1503=ORIENTED_EDGE('',*,*,#1174,.F.);
#1504=ORIENTED_EDGE('',*,*,#1175,.F.);
#1505=ORIENTED_EDGE('',*,*,#1176,.F.);
#1506=ORIENTED_EDGE('',*,*,#1133,.F.);
#1507=ORIENTED_EDGE('',*,*,#1177,.F.);
#1508=ORIENTED_EDGE('',*,*,#1178,.F.);
#1509=ORIENTED_EDGE('',*,*,#1179,.F.);
#1510=ORIENTED_EDGE('',*,*,#1172,.F.);
#1511=ORIENTED_EDGE('',*,*,#1180,.F.);
#1512=ORIENTED_EDGE('',*,*,#1135,.T.);
#1513=ORIENTED_EDGE('',*,*,#1181,.T.);
#1514=ORIENTED_EDGE('',*,*,#1182,.T.);
#1515=ORIENTED_EDGE('',*,*,#1183,.F.);
#1516=ORIENTED_EDGE('',*,*,#1184,.F.);
#1517=ORIENTED_EDGE('',*,*,#1185,.T.);
#1518=ORIENTED_EDGE('',*,*,#1178,.T.);
#1519=ORIENTED_EDGE('',*,*,#1186,.F.);
#1520=ORIENTED_EDGE('',*,*,#1187,.F.);
#1521=ORIENTED_EDGE('',*,*,#1188,.T.);
#1522=ORIENTED_EDGE('',*,*,#1184,.T.);
#1523=ORIENTED_EDGE('',*,*,#1189,.F.);
#1524=ORIENTED_EDGE('',*,*,#1190,.T.);
#1525=ORIENTED_EDGE('',*,*,#1191,.F.);
#1526=ORIENTED_EDGE('',*,*,#1192,.F.);
#1527=ORIENTED_EDGE('',*,*,#1193,.T.);
#1528=ORIENTED_EDGE('',*,*,#1150,.T.);
#1529=ORIENTED_EDGE('',*,*,#1194,.F.);
#1530=ORIENTED_EDGE('',*,*,#1158,.T.);
#1531=ORIENTED_EDGE('',*,*,#1195,.T.);
#1532=ORIENTED_EDGE('',*,*,#1187,.T.);
#1533=ORIENTED_EDGE('',*,*,#1144,.F.);
#1534=ORIENTED_EDGE('',*,*,#1196,.T.);
#1535=ORIENTED_EDGE('',*,*,#1197,.F.);
#1536=ORIENTED_EDGE('',*,*,#1196,.F.);
#1537=ORIENTED_EDGE('',*,*,#1198,.T.);
#1538=ORIENTED_EDGE('',*,*,#1134,.F.);
#1539=ORIENTED_EDGE('',*,*,#1176,.T.);
#1540=ORIENTED_EDGE('',*,*,#1199,.T.);
#1541=ORIENTED_EDGE('',*,*,#1151,.T.);
#1542=ORIENTED_EDGE('',*,*,#1193,.F.);
#1543=ORIENTED_EDGE('',*,*,#1200,.F.);
#1544=ORIENTED_EDGE('',*,*,#1201,.F.);
#1545=ORIENTED_EDGE('',*,*,#1181,.F.);
#1546=ORIENTED_EDGE('',*,*,#1147,.T.);
#1547=ORIENTED_EDGE('',*,*,#1161,.T.);
#1548=ORIENTED_EDGE('',*,*,#1164,.F.);
#1549=ORIENTED_EDGE('',*,*,#1167,.T.);
#1550=ORIENTED_EDGE('',*,*,#1170,.F.);
#1551=ORIENTED_EDGE('',*,*,#1173,.T.);
#1552=ORIENTED_EDGE('',*,*,#1179,.T.);
#1553=ORIENTED_EDGE('',*,*,#1185,.F.);
#1554=ORIENTED_EDGE('',*,*,#1188,.F.);
#1555=ORIENTED_EDGE('',*,*,#1195,.F.);
#1556=ORIENTED_EDGE('',*,*,#1157,.T.);
#1557=ORIENTED_EDGE('',*,*,#1154,.T.);
#1558=ORIENTED_EDGE('',*,*,#1197,.T.);
#1559=ORIENTED_EDGE('',*,*,#1202,.T.);
#1560=ORIENTED_EDGE('',*,*,#1203,.T.);
#1561=ORIENTED_EDGE('',*,*,#1204,.F.);
#1562=ORIENTED_EDGE('',*,*,#1205,.F.);
#1563=ORIENTED_EDGE('',*,*,#1206,.T.);
#1564=ORIENTED_EDGE('',*,*,#1207,.F.);
#1565=ORIENTED_EDGE('',*,*,#1208,.T.);
#1566=ORIENTED_EDGE('',*,*,#1207,.T.);
#1567=ORIENTED_EDGE('',*,*,#1209,.T.);
#1568=ORIENTED_EDGE('',*,*,#1210,.T.);
#1569=ORIENTED_EDGE('',*,*,#1211,.T.);
#1570=ORIENTED_EDGE('',*,*,#1210,.F.);
#1571=ORIENTED_EDGE('',*,*,#1212,.T.);
#1572=ORIENTED_EDGE('',*,*,#1213,.F.);
#1573=ORIENTED_EDGE('',*,*,#1214,.T.);
#1574=ORIENTED_EDGE('',*,*,#1215,.T.);
#1575=ORIENTED_EDGE('',*,*,#1216,.F.);
#1576=ORIENTED_EDGE('',*,*,#1217,.F.);
#1577=ORIENTED_EDGE('',*,*,#1218,.F.);
#1578=ORIENTED_EDGE('',*,*,#1219,.T.);
#1579=ORIENTED_EDGE('',*,*,#1220,.T.);
#1580=ORIENTED_EDGE('',*,*,#1221,.F.);
#1581=ORIENTED_EDGE('',*,*,#1222,.F.);
#1582=ORIENTED_EDGE('',*,*,#1223,.F.);
#1583=ORIENTED_EDGE('',*,*,#1219,.F.);
#1584=ORIENTED_EDGE('',*,*,#1224,.F.);
#1585=ORIENTED_EDGE('',*,*,#1225,.T.);
#1586=ORIENTED_EDGE('',*,*,#1220,.F.);
#1587=ORIENTED_EDGE('',*,*,#1225,.F.);
#1588=ORIENTED_EDGE('',*,*,#1226,.F.);
#1589=ORIENTED_EDGE('',*,*,#1222,.T.);
#1590=ORIENTED_EDGE('',*,*,#1224,.T.);
#1591=ORIENTED_EDGE('',*,*,#1227,.F.);
#1592=ORIENTED_EDGE('',*,*,#1228,.T.);
#1593=ORIENTED_EDGE('',*,*,#1202,.F.);
#1594=ORIENTED_EDGE('',*,*,#1228,.F.);
#1595=ORIENTED_EDGE('',*,*,#1143,.F.);
#1596=ORIENTED_EDGE('',*,*,#1229,.T.);
#1597=ORIENTED_EDGE('',*,*,#1230,.F.);
#1598=ORIENTED_EDGE('',*,*,#1229,.F.);
#1599=ORIENTED_EDGE('',*,*,#1142,.F.);
#1600=ORIENTED_EDGE('',*,*,#1231,.T.);
#1601=ORIENTED_EDGE('',*,*,#1232,.F.);
#1602=ORIENTED_EDGE('',*,*,#1231,.F.);
#1603=ORIENTED_EDGE('',*,*,#1233,.F.);
#1604=ORIENTED_EDGE('',*,*,#1234,.F.);
#1605=ORIENTED_EDGE('',*,*,#1137,.F.);
#1606=ORIENTED_EDGE('',*,*,#1235,.F.);
#1607=ORIENTED_EDGE('',*,*,#1236,.F.);
#1608=ORIENTED_EDGE('',*,*,#1237,.F.);
#1609=ORIENTED_EDGE('',*,*,#1138,.F.);
#1610=ORIENTED_EDGE('',*,*,#1234,.T.);
#1611=ORIENTED_EDGE('',*,*,#1238,.F.);
#1612=ORIENTED_EDGE('',*,*,#1239,.T.);
#1613=ORIENTED_EDGE('',*,*,#1240,.F.);
#1614=ORIENTED_EDGE('',*,*,#1235,.T.);
#1615=ORIENTED_EDGE('',*,*,#1136,.F.);
#1616=ORIENTED_EDGE('',*,*,#1241,.T.);
#1617=ORIENTED_EDGE('',*,*,#1242,.T.);
#1618=ORIENTED_EDGE('',*,*,#1243,.F.);
#1619=ORIENTED_EDGE('',*,*,#1239,.F.);
#1620=ORIENTED_EDGE('',*,*,#1244,.F.);
#1621=ORIENTED_EDGE('',*,*,#1245,.F.);
#1622=ORIENTED_EDGE('',*,*,#1246,.F.);
#1623=ORIENTED_EDGE('',*,*,#1242,.F.);
#1624=ORIENTED_EDGE('',*,*,#1204,.T.);
#1625=ORIENTED_EDGE('',*,*,#1247,.T.);
#1626=ORIENTED_EDGE('',*,*,#1248,.F.);
#1627=ORIENTED_EDGE('',*,*,#1245,.T.);
#1628=ORIENTED_EDGE('',*,*,#1249,.F.);
#1629=ORIENTED_EDGE('',*,*,#1250,.T.);
#1630=ORIENTED_EDGE('',*,*,#1251,.F.);
#1631=ORIENTED_EDGE('',*,*,#1247,.F.);
#1632=ORIENTED_EDGE('',*,*,#1203,.F.);
#1633=ORIENTED_EDGE('',*,*,#1208,.F.);
#1634=ORIENTED_EDGE('',*,*,#1211,.F.);
#1635=ORIENTED_EDGE('',*,*,#1252,.T.);
#1636=ORIENTED_EDGE('',*,*,#1216,.T.);
#1637=ORIENTED_EDGE('',*,*,#1253,.T.);
#1638=ORIENTED_EDGE('',*,*,#1254,.F.);
#1639=ORIENTED_EDGE('',*,*,#1250,.F.);
#1640=ORIENTED_EDGE('',*,*,#1255,.F.);
#1641=ORIENTED_EDGE('',*,*,#1256,.F.);
#1642=ORIENTED_EDGE('',*,*,#1257,.F.);
#1643=ORIENTED_EDGE('',*,*,#1253,.F.);
#1644=ORIENTED_EDGE('',*,*,#1215,.F.);
#1645=ORIENTED_EDGE('',*,*,#1258,.T.);
#1646=ORIENTED_EDGE('',*,*,#1259,.F.);
#1647=ORIENTED_EDGE('',*,*,#1256,.T.);
#1648=ORIENTED_EDGE('',*,*,#1260,.F.);
#1649=ORIENTED_EDGE('',*,*,#1182,.F.);
#1650=ORIENTED_EDGE('',*,*,#1201,.T.);
#1651=ORIENTED_EDGE('',*,*,#1261,.T.);
#1652=ORIENTED_EDGE('',*,*,#1262,.F.);
#1653=ORIENTED_EDGE('',*,*,#1258,.F.);
#1654=ORIENTED_EDGE('',*,*,#1214,.F.);
#1655=ORIENTED_EDGE('',*,*,#1263,.F.);
#1656=ORIENTED_EDGE('',*,*,#1264,.F.);
#1657=ORIENTED_EDGE('',*,*,#1263,.T.);
#1658=ORIENTED_EDGE('',*,*,#1217,.T.);
#1659=ORIENTED_EDGE('',*,*,#1252,.F.);
#1660=ORIENTED_EDGE('',*,*,#1213,.T.);
#1661=ORIENTED_EDGE('',*,*,#1265,.T.);
#1662=ORIENTED_EDGE('',*,*,#1266,.F.);
#1663=ORIENTED_EDGE('',*,*,#1148,.T.);
#1664=ORIENTED_EDGE('',*,*,#1198,.F.);
#1665=ORIENTED_EDGE('',*,*,#1267,.F.);
#1666=ORIENTED_EDGE('',*,*,#1268,.F.);
#1667=ORIENTED_EDGE('',*,*,#1265,.F.);
#1668=ORIENTED_EDGE('',*,*,#1212,.F.);
#1669=ORIENTED_EDGE('',*,*,#1209,.F.);
#1670=ORIENTED_EDGE('',*,*,#1206,.F.);
#1671=ORIENTED_EDGE('',*,*,#1269,.F.);
#1672=ORIENTED_EDGE('',*,*,#1270,.F.);
#1673=ORIENTED_EDGE('',*,*,#1267,.T.);
#1674=ORIENTED_EDGE('',*,*,#1199,.F.);
#1675=ORIENTED_EDGE('',*,*,#1175,.T.);
#1676=ORIENTED_EDGE('',*,*,#1271,.F.);
#1677=ORIENTED_EDGE('',*,*,#1269,.T.);
#1678=ORIENTED_EDGE('',*,*,#1205,.T.);
#1679=ORIENTED_EDGE('',*,*,#1241,.F.);
#1680=ORIENTED_EDGE('',*,*,#1141,.F.);
#1681=ORIENTED_EDGE('',*,*,#1272,.T.);
#1682=ORIENTED_EDGE('',*,*,#1273,.F.);
#1683=ORIENTED_EDGE('',*,*,#1272,.F.);
#1684=ORIENTED_EDGE('',*,*,#1140,.F.);
#1685=ORIENTED_EDGE('',*,*,#1274,.T.);
#1686=ORIENTED_EDGE('',*,*,#1275,.F.);
#1687=ORIENTED_EDGE('',*,*,#1274,.F.);
#1688=ORIENTED_EDGE('',*,*,#1139,.F.);
#1689=ORIENTED_EDGE('',*,*,#1237,.T.);
#1690=ORIENTED_EDGE('',*,*,#1223,.T.);
#1691=ORIENTED_EDGE('',*,*,#1226,.T.);
#1692=ORIENTED_EDGE('',*,*,#1221,.T.);
#1693=ORIENTED_EDGE('',*,*,#1218,.T.);
#1694=ORIENTED_EDGE('',*,*,#1276,.F.);
#1695=ORIENTED_EDGE('',*,*,#1261,.F.);
#1696=ORIENTED_EDGE('',*,*,#1200,.T.);
#1697=ORIENTED_EDGE('',*,*,#1192,.T.);
#1698=ORIENTED_EDGE('',*,*,#1277,.F.);
#1699=ORIENTED_EDGE('',*,*,#1278,.F.);
#1700=ORIENTED_EDGE('',*,*,#1279,.F.);
#1701=ORIENTED_EDGE('',*,*,#1190,.F.);
#1702=ORIENTED_EDGE('',*,*,#1280,.F.);
#1703=ORIENTED_EDGE('',*,*,#1278,.T.);
#1704=ORIENTED_EDGE('',*,*,#1233,.T.);
#1705=ORIENTED_EDGE('',*,*,#1240,.T.);
#1706=ORIENTED_EDGE('',*,*,#1246,.T.);
#1707=ORIENTED_EDGE('',*,*,#1251,.T.);
#1708=ORIENTED_EDGE('',*,*,#1257,.T.);
#1709=ORIENTED_EDGE('',*,*,#1262,.T.);
#1710=ORIENTED_EDGE('',*,*,#1264,.T.);
#1711=ORIENTED_EDGE('',*,*,#1268,.T.);
#1712=ORIENTED_EDGE('',*,*,#1271,.T.);
#1713=ORIENTED_EDGE('',*,*,#1273,.T.);
#1714=ORIENTED_EDGE('',*,*,#1275,.T.);
#1715=ORIENTED_EDGE('',*,*,#1236,.T.);
#1716=ORIENTED_EDGE('',*,*,#1243,.T.);
#1717=ORIENTED_EDGE('',*,*,#1248,.T.);
#1718=ORIENTED_EDGE('',*,*,#1254,.T.);
#1719=ORIENTED_EDGE('',*,*,#1259,.T.);
#1720=ORIENTED_EDGE('',*,*,#1276,.T.);
#1721=ORIENTED_EDGE('',*,*,#1191,.T.);
#1722=ORIENTED_EDGE('',*,*,#1279,.T.);
#1723=ORIENTED_EDGE('',*,*,#1280,.T.);
#1724=ORIENTED_EDGE('',*,*,#1277,.T.);
#1725=ORIENTED_EDGE('',*,*,#1189,.T.);
#1726=ORIENTED_EDGE('',*,*,#1149,.T.);
#1727=ORIENTED_EDGE('',*,*,#1153,.T.);
#1728=ORIENTED_EDGE('',*,*,#1156,.T.);
#1729=ORIENTED_EDGE('',*,*,#1194,.T.);
#1730=ORIENTED_EDGE('',*,*,#1186,.T.);
#1731=ORIENTED_EDGE('',*,*,#1183,.T.);
#1732=ORIENTED_EDGE('',*,*,#1177,.T.);
#1733=ORIENTED_EDGE('',*,*,#1171,.T.);
#1734=ORIENTED_EDGE('',*,*,#1168,.T.);
#1735=ORIENTED_EDGE('',*,*,#1165,.T.);
#1736=ORIENTED_EDGE('',*,*,#1162,.T.);
#1737=ORIENTED_EDGE('',*,*,#1159,.T.);
#1738=ORIENTED_EDGE('',*,*,#1145,.T.);
#1739=ORIENTED_EDGE('',*,*,#1266,.T.);
#1740=ORIENTED_EDGE('',*,*,#1270,.T.);
#1741=ORIENTED_EDGE('',*,*,#1174,.T.);
#1742=ORIENTED_EDGE('',*,*,#1132,.T.);
#1743=ORIENTED_EDGE('',*,*,#1180,.T.);
#1744=ORIENTED_EDGE('',*,*,#1260,.T.);
#1745=ORIENTED_EDGE('',*,*,#1255,.T.);
#1746=ORIENTED_EDGE('',*,*,#1249,.T.);
#1747=ORIENTED_EDGE('',*,*,#1244,.T.);
#1748=ORIENTED_EDGE('',*,*,#1238,.T.);
#1749=ORIENTED_EDGE('',*,*,#1232,.T.);
#1750=ORIENTED_EDGE('',*,*,#1227,.T.);
#1751=ORIENTED_EDGE('',*,*,#1230,.T.);
#1752=ORIENTED_EDGE('',*,*,#1281,.F.);
#1753=ORIENTED_EDGE('',*,*,#1282,.F.);
#1754=ORIENTED_EDGE('',*,*,#1283,.F.);
#1755=ORIENTED_EDGE('',*,*,#1284,.F.);
#1756=ORIENTED_EDGE('',*,*,#1285,.F.);
#1757=ORIENTED_EDGE('',*,*,#1286,.F.);
#1758=ORIENTED_EDGE('',*,*,#1287,.F.);
#1759=ORIENTED_EDGE('',*,*,#1288,.F.);
#1760=ORIENTED_EDGE('',*,*,#1289,.F.);
#1761=ORIENTED_EDGE('',*,*,#1290,.F.);
#1762=ORIENTED_EDGE('',*,*,#1291,.F.);
#1763=ORIENTED_EDGE('',*,*,#1292,.F.);
#1764=ORIENTED_EDGE('',*,*,#1293,.F.);
#1765=ORIENTED_EDGE('',*,*,#1294,.F.);
#1766=ORIENTED_EDGE('',*,*,#1295,.F.);
#1767=ORIENTED_EDGE('',*,*,#1296,.F.);
#1768=ORIENTED_EDGE('',*,*,#1297,.F.);
#1769=ORIENTED_EDGE('',*,*,#1298,.F.);
#1770=ORIENTED_EDGE('',*,*,#1299,.F.);
#1771=ORIENTED_EDGE('',*,*,#1300,.F.);
#1772=ORIENTED_EDGE('',*,*,#1301,.F.);
#1773=ORIENTED_EDGE('',*,*,#1302,.F.);
#1774=ORIENTED_EDGE('',*,*,#1303,.F.);
#1775=ORIENTED_EDGE('',*,*,#1304,.F.);
#1776=ORIENTED_EDGE('',*,*,#1305,.F.);
#1777=ORIENTED_EDGE('',*,*,#1306,.F.);
#1778=ORIENTED_EDGE('',*,*,#1307,.F.);
#1779=ORIENTED_EDGE('',*,*,#1308,.F.);
#1780=ORIENTED_EDGE('',*,*,#1309,.F.);
#1781=ORIENTED_EDGE('',*,*,#1310,.F.);
#1782=ORIENTED_EDGE('',*,*,#1311,.F.);
#1783=ORIENTED_EDGE('',*,*,#1312,.F.);
#1784=ORIENTED_EDGE('',*,*,#1313,.F.);
#1785=ORIENTED_EDGE('',*,*,#1314,.F.);
#1786=ORIENTED_EDGE('',*,*,#1315,.F.);
#1787=ORIENTED_EDGE('',*,*,#1316,.F.);
#1788=ORIENTED_EDGE('',*,*,#1317,.F.);
#1789=ORIENTED_EDGE('',*,*,#1318,.F.);
#1790=ORIENTED_EDGE('',*,*,#1319,.F.);
#1791=ORIENTED_EDGE('',*,*,#1320,.F.);
#1792=ORIENTED_EDGE('',*,*,#1321,.F.);
#1793=ORIENTED_EDGE('',*,*,#1322,.F.);
#1794=ORIENTED_EDGE('',*,*,#1323,.F.);
#1795=ORIENTED_EDGE('',*,*,#1324,.F.);
#1796=ORIENTED_EDGE('',*,*,#1325,.F.);
#1797=ORIENTED_EDGE('',*,*,#1326,.F.);
#1798=ORIENTED_EDGE('',*,*,#1327,.F.);
#1799=ORIENTED_EDGE('',*,*,#1328,.F.);
#1800=ORIENTED_EDGE('',*,*,#1304,.T.);
#1801=ORIENTED_EDGE('',*,*,#1329,.T.);
#1802=ORIENTED_EDGE('',*,*,#1330,.F.);
#1803=ORIENTED_EDGE('',*,*,#1331,.F.);
#1804=ORIENTED_EDGE('',*,*,#1303,.T.);
#1805=ORIENTED_EDGE('',*,*,#1332,.T.);
#1806=ORIENTED_EDGE('',*,*,#1333,.F.);
#1807=ORIENTED_EDGE('',*,*,#1329,.F.);
#1808=ORIENTED_EDGE('',*,*,#1302,.T.);
#1809=ORIENTED_EDGE('',*,*,#1334,.F.);
#1810=ORIENTED_EDGE('',*,*,#1335,.F.);
#1811=ORIENTED_EDGE('',*,*,#1332,.F.);
#1812=ORIENTED_EDGE('',*,*,#1305,.T.);
#1813=ORIENTED_EDGE('',*,*,#1331,.T.);
#1814=ORIENTED_EDGE('',*,*,#1336,.T.);
#1815=ORIENTED_EDGE('',*,*,#1337,.F.);
#1816=ORIENTED_EDGE('',*,*,#1309,.T.);
#1817=ORIENTED_EDGE('',*,*,#1338,.T.);
#1818=ORIENTED_EDGE('',*,*,#1301,.T.);
#1819=ORIENTED_EDGE('',*,*,#1339,.T.);
#1820=ORIENTED_EDGE('',*,*,#1340,.T.);
#1821=ORIENTED_EDGE('',*,*,#1334,.T.);
#1822=ORIENTED_EDGE('',*,*,#1300,.T.);
#1823=ORIENTED_EDGE('',*,*,#1341,.T.);
#1824=ORIENTED_EDGE('',*,*,#1342,.T.);
#1825=ORIENTED_EDGE('',*,*,#1339,.F.);
#1826=ORIENTED_EDGE('',*,*,#1299,.T.);
#1827=ORIENTED_EDGE('',*,*,#1343,.T.);
#1828=ORIENTED_EDGE('',*,*,#1344,.T.);
#1829=ORIENTED_EDGE('',*,*,#1341,.F.);
#1830=ORIENTED_EDGE('',*,*,#1298,.T.);
#1831=ORIENTED_EDGE('',*,*,#1345,.F.);
#1832=ORIENTED_EDGE('',*,*,#1346,.F.);
#1833=ORIENTED_EDGE('',*,*,#1343,.F.);
#1834=ORIENTED_EDGE('',*,*,#1297,.T.);
#1835=ORIENTED_EDGE('',*,*,#1347,.F.);
#1836=ORIENTED_EDGE('',*,*,#1348,.F.);
#1837=ORIENTED_EDGE('',*,*,#1345,.T.);
#1838=ORIENTED_EDGE('',*,*,#1296,.T.);
#1839=ORIENTED_EDGE('',*,*,#1349,.T.);
#1840=ORIENTED_EDGE('',*,*,#1350,.T.);
#1841=ORIENTED_EDGE('',*,*,#1347,.T.);
#1842=ORIENTED_EDGE('',*,*,#1295,.T.);
#1843=ORIENTED_EDGE('',*,*,#1351,.F.);
#1844=ORIENTED_EDGE('',*,*,#1352,.F.);
#1845=ORIENTED_EDGE('',*,*,#1349,.F.);
#1846=ORIENTED_EDGE('',*,*,#1294,.T.);
#1847=ORIENTED_EDGE('',*,*,#1353,.T.);
#1848=ORIENTED_EDGE('',*,*,#1354,.T.);
#1849=ORIENTED_EDGE('',*,*,#1351,.T.);
#1850=ORIENTED_EDGE('',*,*,#1293,.T.);
#1851=ORIENTED_EDGE('',*,*,#1355,.T.);
#1852=ORIENTED_EDGE('',*,*,#1356,.F.);
#1853=ORIENTED_EDGE('',*,*,#1353,.F.);
#1854=ORIENTED_EDGE('',*,*,#1289,.T.);
#1855=ORIENTED_EDGE('',*,*,#1357,.F.);
#1856=ORIENTED_EDGE('',*,*,#1358,.F.);
#1857=ORIENTED_EDGE('',*,*,#1359,.F.);
#1858=ORIENTED_EDGE('',*,*,#1292,.T.);
#1859=ORIENTED_EDGE('',*,*,#1360,.F.);
#1860=ORIENTED_EDGE('',*,*,#1361,.F.);
#1861=ORIENTED_EDGE('',*,*,#1355,.F.);
#1862=ORIENTED_EDGE('',*,*,#1288,.T.);
#1863=ORIENTED_EDGE('',*,*,#1362,.F.);
#1864=ORIENTED_EDGE('',*,*,#1363,.T.);
#1865=ORIENTED_EDGE('',*,*,#1357,.T.);
#1866=ORIENTED_EDGE('',*,*,#1287,.T.);
#1867=ORIENTED_EDGE('',*,*,#1364,.T.);
#1868=ORIENTED_EDGE('',*,*,#1365,.T.);
#1869=ORIENTED_EDGE('',*,*,#1362,.T.);
#1870=ORIENTED_EDGE('',*,*,#1314,.T.);
#1871=ORIENTED_EDGE('',*,*,#1366,.F.);
#1872=ORIENTED_EDGE('',*,*,#1283,.T.);
#1873=ORIENTED_EDGE('',*,*,#1367,.F.);
#1874=ORIENTED_EDGE('',*,*,#1313,.T.);
#1875=ORIENTED_EDGE('',*,*,#1368,.T.);
#1876=ORIENTED_EDGE('',*,*,#1284,.T.);
#1877=ORIENTED_EDGE('',*,*,#1366,.T.);
#1878=ORIENTED_EDGE('',*,*,#1369,.F.);
#1879=ORIENTED_EDGE('',*,*,#1370,.T.);
#1880=ORIENTED_EDGE('',*,*,#1371,.T.);
#1881=ORIENTED_EDGE('',*,*,#1371,.F.);
#1882=ORIENTED_EDGE('',*,*,#1372,.T.);
#1883=ORIENTED_EDGE('',*,*,#1373,.F.);
#1884=ORIENTED_EDGE('',*,*,#1372,.F.);
#1885=ORIENTED_EDGE('',*,*,#1374,.F.);
#1886=ORIENTED_EDGE('',*,*,#1370,.F.);
#1887=ORIENTED_EDGE('',*,*,#1375,.F.);
#1888=ORIENTED_EDGE('',*,*,#1376,.F.);
#1889=ORIENTED_EDGE('',*,*,#1377,.F.);
#1890=ORIENTED_EDGE('',*,*,#1376,.T.);
#1891=ORIENTED_EDGE('',*,*,#1373,.T.);
#1892=ORIENTED_EDGE('',*,*,#1306,.T.);
#1893=ORIENTED_EDGE('',*,*,#1338,.F.);
#1894=ORIENTED_EDGE('',*,*,#1308,.T.);
#1895=ORIENTED_EDGE('',*,*,#1378,.F.);
#1896=ORIENTED_EDGE('',*,*,#1307,.T.);
#1897=ORIENTED_EDGE('',*,*,#1378,.T.);
#1898=ORIENTED_EDGE('',*,*,#1323,.T.);
#1899=ORIENTED_EDGE('',*,*,#1379,.T.);
#1900=ORIENTED_EDGE('',*,*,#1380,.T.);
#1901=ORIENTED_EDGE('',*,*,#1381,.F.);
#1902=ORIENTED_EDGE('',*,*,#1382,.F.);
#1903=ORIENTED_EDGE('',*,*,#1383,.F.);
#1904=ORIENTED_EDGE('',*,*,#1322,.T.);
#1905=ORIENTED_EDGE('',*,*,#1384,.T.);
#1906=ORIENTED_EDGE('',*,*,#1385,.T.);
#1907=ORIENTED_EDGE('',*,*,#1379,.F.);
#1908=ORIENTED_EDGE('',*,*,#1381,.T.);
#1909=ORIENTED_EDGE('',*,*,#1386,.T.);
#1910=ORIENTED_EDGE('',*,*,#1387,.T.);
#1911=ORIENTED_EDGE('',*,*,#1388,.T.);
#1912=ORIENTED_EDGE('',*,*,#1389,.F.);
#1913=ORIENTED_EDGE('',*,*,#1390,.F.);
#1914=ORIENTED_EDGE('',*,*,#1386,.F.);
#1915=ORIENTED_EDGE('',*,*,#1380,.F.);
#1916=ORIENTED_EDGE('',*,*,#1385,.F.);
#1917=ORIENTED_EDGE('',*,*,#1391,.T.);
#1918=ORIENTED_EDGE('',*,*,#1320,.T.);
#1919=ORIENTED_EDGE('',*,*,#1392,.T.);
#1920=ORIENTED_EDGE('',*,*,#1389,.T.);
#1921=ORIENTED_EDGE('',*,*,#1393,.T.);
#1922=ORIENTED_EDGE('',*,*,#1321,.T.);
#1923=ORIENTED_EDGE('',*,*,#1393,.F.);
#1924=ORIENTED_EDGE('',*,*,#1391,.F.);
#1925=ORIENTED_EDGE('',*,*,#1384,.F.);
#1926=ORIENTED_EDGE('',*,*,#1382,.T.);
#1927=ORIENTED_EDGE('',*,*,#1388,.F.);
#1928=ORIENTED_EDGE('',*,*,#1394,.F.);
#1929=ORIENTED_EDGE('',*,*,#1395,.F.);
#1930=ORIENTED_EDGE('',*,*,#1396,.F.);
#1931=ORIENTED_EDGE('',*,*,#1319,.T.);
#1932=ORIENTED_EDGE('',*,*,#1397,.F.);
#1933=ORIENTED_EDGE('',*,*,#1394,.T.);
#1934=ORIENTED_EDGE('',*,*,#1387,.F.);
#1935=ORIENTED_EDGE('',*,*,#1390,.T.);
#1936=ORIENTED_EDGE('',*,*,#1392,.F.);
#1937=ORIENTED_EDGE('',*,*,#1324,.T.);
#1938=ORIENTED_EDGE('',*,*,#1383,.T.);
#1939=ORIENTED_EDGE('',*,*,#1396,.T.);
#1940=ORIENTED_EDGE('',*,*,#1398,.F.);
#1941=ORIENTED_EDGE('',*,*,#1399,.F.);
#1942=ORIENTED_EDGE('',*,*,#1400,.T.);
#1943=ORIENTED_EDGE('',*,*,#1401,.F.);
#1944=ORIENTED_EDGE('',*,*,#1400,.F.);
#1945=ORIENTED_EDGE('',*,*,#1402,.F.);
#1946=ORIENTED_EDGE('',*,*,#1403,.T.);
#1947=ORIENTED_EDGE('',*,*,#1404,.F.);
#1948=ORIENTED_EDGE('',*,*,#1403,.F.);
#1949=ORIENTED_EDGE('',*,*,#1405,.F.);
#1950=ORIENTED_EDGE('',*,*,#1406,.T.);
#1951=ORIENTED_EDGE('',*,*,#1407,.F.);
#1952=ORIENTED_EDGE('',*,*,#1408,.F.);
#1953=ORIENTED_EDGE('',*,*,#1409,.F.);
#1954=ORIENTED_EDGE('',*,*,#1408,.T.);
#1955=ORIENTED_EDGE('',*,*,#1410,.F.);
#1956=ORIENTED_EDGE('',*,*,#1411,.F.);
#1957=ORIENTED_EDGE('',*,*,#1401,.T.);
#1958=ORIENTED_EDGE('',*,*,#1404,.T.);
#1959=ORIENTED_EDGE('',*,*,#1412,.F.);
#1960=ORIENTED_EDGE('',*,*,#1411,.T.);
#1961=ORIENTED_EDGE('',*,*,#1413,.F.);
#1962=ORIENTED_EDGE('',*,*,#1414,.F.);
#1963=ORIENTED_EDGE('',*,*,#1415,.F.);
#1964=ORIENTED_EDGE('',*,*,#1414,.T.);
#1965=ORIENTED_EDGE('',*,*,#1416,.F.);
#1966=ORIENTED_EDGE('',*,*,#1406,.F.);
#1967=ORIENTED_EDGE('',*,*,#1399,.T.);
#1968=ORIENTED_EDGE('',*,*,#1402,.T.);
#1969=ORIENTED_EDGE('',*,*,#1416,.T.);
#1970=ORIENTED_EDGE('',*,*,#1413,.T.);
#1971=ORIENTED_EDGE('',*,*,#1410,.T.);
#1972=ORIENTED_EDGE('',*,*,#1407,.T.);
#1973=ORIENTED_EDGE('',*,*,#1417,.F.);
#1974=ORIENTED_EDGE('',*,*,#1418,.T.);
#1975=ORIENTED_EDGE('',*,*,#1419,.F.);
#1976=ORIENTED_EDGE('',*,*,#1420,.F.);
#1977=ORIENTED_EDGE('',*,*,#1421,.F.);
#1978=ORIENTED_EDGE('',*,*,#1422,.T.);
#1979=ORIENTED_EDGE('',*,*,#1423,.F.);
#1980=ORIENTED_EDGE('',*,*,#1418,.F.);
#1981=ORIENTED_EDGE('',*,*,#1424,.F.);
#1982=ORIENTED_EDGE('',*,*,#1425,.T.);
#1983=ORIENTED_EDGE('',*,*,#1426,.F.);
#1984=ORIENTED_EDGE('',*,*,#1422,.F.);
#1985=ORIENTED_EDGE('',*,*,#1427,.F.);
#1986=ORIENTED_EDGE('',*,*,#1420,.T.);
#1987=ORIENTED_EDGE('',*,*,#1428,.F.);
#1988=ORIENTED_EDGE('',*,*,#1425,.F.);
#1989=ORIENTED_EDGE('',*,*,#1312,.T.);
#1990=ORIENTED_EDGE('',*,*,#1429,.F.);
#1991=ORIENTED_EDGE('',*,*,#1285,.T.);
#1992=ORIENTED_EDGE('',*,*,#1368,.F.);
#1993=ORIENTED_EDGE('',*,*,#1330,.T.);
#1994=ORIENTED_EDGE('',*,*,#1333,.T.);
#1995=ORIENTED_EDGE('',*,*,#1335,.T.);
#1996=ORIENTED_EDGE('',*,*,#1340,.F.);
#1997=ORIENTED_EDGE('',*,*,#1342,.F.);
#1998=ORIENTED_EDGE('',*,*,#1344,.F.);
#1999=ORIENTED_EDGE('',*,*,#1346,.T.);
#2000=ORIENTED_EDGE('',*,*,#1348,.T.);
#2001=ORIENTED_EDGE('',*,*,#1350,.F.);
#2002=ORIENTED_EDGE('',*,*,#1352,.T.);
#2003=ORIENTED_EDGE('',*,*,#1354,.F.);
#2004=ORIENTED_EDGE('',*,*,#1356,.T.);
#2005=ORIENTED_EDGE('',*,*,#1361,.T.);
#2006=ORIENTED_EDGE('',*,*,#1365,.F.);
#2007=ORIENTED_EDGE('',*,*,#1430,.F.);
#2008=ORIENTED_EDGE('',*,*,#1431,.F.);
#2009=ORIENTED_EDGE('',*,*,#1336,.F.);
#2010=ORIENTED_EDGE('',*,*,#1419,.T.);
#2011=ORIENTED_EDGE('',*,*,#1423,.T.);
#2012=ORIENTED_EDGE('',*,*,#1426,.T.);
#2013=ORIENTED_EDGE('',*,*,#1428,.T.);
#2014=ORIENTED_EDGE('',*,*,#1432,.T.);
#2015=ORIENTED_EDGE('',*,*,#1433,.T.);
#2016=ORIENTED_EDGE('',*,*,#1434,.T.);
#2017=ORIENTED_EDGE('',*,*,#1358,.T.);
#2018=ORIENTED_EDGE('',*,*,#1363,.F.);
#2019=ORIENTED_EDGE('',*,*,#1310,.T.);
#2020=ORIENTED_EDGE('',*,*,#1337,.T.);
#2021=ORIENTED_EDGE('',*,*,#1431,.T.);
#2022=ORIENTED_EDGE('',*,*,#1435,.F.);
#2023=ORIENTED_EDGE('',*,*,#1311,.T.);
#2024=ORIENTED_EDGE('',*,*,#1435,.T.);
#2025=ORIENTED_EDGE('',*,*,#1430,.T.);
#2026=ORIENTED_EDGE('',*,*,#1364,.F.);
#2027=ORIENTED_EDGE('',*,*,#1286,.T.);
#2028=ORIENTED_EDGE('',*,*,#1429,.T.);
#2029=ORIENTED_EDGE('',*,*,#1326,.T.);
#2030=ORIENTED_EDGE('',*,*,#1436,.T.);
#2031=ORIENTED_EDGE('',*,*,#1437,.F.);
#2032=ORIENTED_EDGE('',*,*,#1436,.F.);
#2033=ORIENTED_EDGE('',*,*,#1291,.T.);
#2034=ORIENTED_EDGE('',*,*,#1438,.F.);
#2035=ORIENTED_EDGE('',*,*,#1433,.F.);
#2036=ORIENTED_EDGE('',*,*,#1360,.T.);
#2037=ORIENTED_EDGE('',*,*,#1290,.T.);
#2038=ORIENTED_EDGE('',*,*,#1359,.T.);
#2039=ORIENTED_EDGE('',*,*,#1434,.F.);
#2040=ORIENTED_EDGE('',*,*,#1438,.T.);
#2041=ORIENTED_EDGE('',*,*,#1281,.T.);
#2042=ORIENTED_EDGE('',*,*,#1439,.F.);
#2043=ORIENTED_EDGE('',*,*,#1440,.F.);
#2044=ORIENTED_EDGE('',*,*,#1441,.F.);
#2045=ORIENTED_EDGE('',*,*,#1315,.T.);
#2046=ORIENTED_EDGE('',*,*,#1367,.T.);
#2047=ORIENTED_EDGE('',*,*,#1282,.T.);
#2048=ORIENTED_EDGE('',*,*,#1441,.T.);
#2049=ORIENTED_EDGE('',*,*,#1442,.F.);
#2050=ORIENTED_EDGE('',*,*,#1443,.F.);
#2051=ORIENTED_EDGE('',*,*,#1316,.T.);
#2052=ORIENTED_EDGE('',*,*,#1443,.T.);
#2053=ORIENTED_EDGE('',*,*,#1444,.F.);
#2054=ORIENTED_EDGE('',*,*,#1445,.F.);
#2055=ORIENTED_EDGE('',*,*,#1375,.T.);
#2056=ORIENTED_EDGE('',*,*,#1369,.T.);
#2057=ORIENTED_EDGE('',*,*,#1374,.T.);
#2058=ORIENTED_EDGE('',*,*,#1377,.T.);
#2059=ORIENTED_EDGE('',*,*,#1317,.T.);
#2060=ORIENTED_EDGE('',*,*,#1445,.T.);
#2061=ORIENTED_EDGE('',*,*,#1446,.F.);
#2062=ORIENTED_EDGE('',*,*,#1447,.F.);
#2063=ORIENTED_EDGE('',*,*,#1318,.T.);
#2064=ORIENTED_EDGE('',*,*,#1447,.T.);
#2065=ORIENTED_EDGE('',*,*,#1448,.F.);
#2066=ORIENTED_EDGE('',*,*,#1449,.F.);
#2067=ORIENTED_EDGE('',*,*,#1395,.T.);
#2068=ORIENTED_EDGE('',*,*,#1397,.T.);
#2069=ORIENTED_EDGE('',*,*,#1325,.T.);
#2070=ORIENTED_EDGE('',*,*,#1398,.T.);
#2071=ORIENTED_EDGE('',*,*,#1449,.T.);
#2072=ORIENTED_EDGE('',*,*,#1450,.F.);
#2073=ORIENTED_EDGE('',*,*,#1439,.T.);
#2074=ORIENTED_EDGE('',*,*,#1450,.T.);
#2075=ORIENTED_EDGE('',*,*,#1448,.T.);
#2076=ORIENTED_EDGE('',*,*,#1446,.T.);
#2077=ORIENTED_EDGE('',*,*,#1444,.T.);
#2078=ORIENTED_EDGE('',*,*,#1442,.T.);
#2079=ORIENTED_EDGE('',*,*,#1440,.T.);
#2080=ORIENTED_EDGE('',*,*,#1405,.T.);
#2081=ORIENTED_EDGE('',*,*,#1409,.T.);
#2082=ORIENTED_EDGE('',*,*,#1412,.T.);
#2083=ORIENTED_EDGE('',*,*,#1415,.T.);
#2084=ORIENTED_EDGE('',*,*,#1417,.T.);
#2085=ORIENTED_EDGE('',*,*,#1427,.T.);
#2086=ORIENTED_EDGE('',*,*,#1424,.T.);
#2087=ORIENTED_EDGE('',*,*,#1421,.T.);
#2088=ORIENTED_EDGE('',*,*,#1437,.T.);
#2089=ORIENTED_EDGE('',*,*,#1451,.T.);
#2090=ORIENTED_EDGE('',*,*,#1328,.T.);
#2091=ORIENTED_EDGE('',*,*,#1452,.T.);
#2092=ORIENTED_EDGE('',*,*,#1451,.F.);
#2093=ORIENTED_EDGE('',*,*,#1452,.F.);
#2094=ORIENTED_EDGE('',*,*,#1432,.F.);
#2095=ORIENTED_EDGE('',*,*,#1453,.T.);
#2096=ORIENTED_EDGE('',*,*,#1327,.T.);
#2097=ORIENTED_EDGE('',*,*,#1453,.F.);
#2098=PLANE('',#2324);
#2099=PLANE('',#2325);
#2100=PLANE('',#2329);
#2101=PLANE('',#2330);
#2102=PLANE('',#2331);
#2103=PLANE('',#2332);
#2104=PLANE('',#2333);
#2105=PLANE('',#2337);
#2106=PLANE('',#2341);
#2107=PLANE('',#2348);
#2108=PLANE('',#2349);
#2109=PLANE('',#2350);
#2110=PLANE('',#2351);
#2111=PLANE('',#2353);
#2112=PLANE('',#2356);
#2113=PLANE('',#2357);
#2114=PLANE('',#2359);
#2115=PLANE('',#2360);
#2116=PLANE('',#2361);
#2117=PLANE('',#2362);
#2118=PLANE('',#2363);
#2119=PLANE('',#2370);
#2120=PLANE('',#2377);
#2121=PLANE('',#2378);
#2122=PLANE('',#2380);
#2123=PLANE('',#2383);
#2124=PLANE('',#2384);
#2125=PLANE('',#2386);
#2126=PLANE('',#2389);
#2127=PLANE('',#2390);
#2128=PLANE('',#2391);
#2129=PLANE('',#2392);
#2130=PLANE('',#2393);
#2131=PLANE('',#2394);
#2132=PLANE('',#2395);
#2133=PLANE('',#2396);
#2134=PLANE('',#2397);
#2135=PLANE('',#2398);
#2136=PLANE('',#2399);
#2137=PLANE('',#2402);
#2138=PLANE('',#2403);
#2139=PLANE('',#2404);
#2140=PLANE('',#2405);
#2141=PLANE('',#2411);
#2142=PLANE('',#2414);
#2143=PLANE('',#2415);
#2144=PLANE('',#2416);
#2145=PLANE('',#2417);
#2146=PLANE('',#2419);
#2147=PLANE('',#2420);
#2148=PLANE('',#2421);
#2149=PLANE('',#2424);
#2150=PLANE('',#2427);
#2151=PLANE('',#2430);
#2152=PLANE('',#2433);
#2153=PLANE('',#2434);
#2154=PLANE('',#2435);
#2155=PLANE('',#2439);
#2156=PLANE('',#2441);
#2157=PLANE('',#2448);
#2158=PLANE('',#2451);
#2159=PLANE('',#2452);
#2160=PLANE('',#2453);
#2161=PLANE('',#2454);
#2162=PLANE('',#2455);
#2163=PLANE('',#2456);
#2164=PLANE('',#2457);
#2165=PLANE('',#2458);
#2166=PLANE('',#2459);
#2167=PLANE('',#2460);
#2168=PLANE('',#2467);
#2169=PLANE('',#2468);
#2170=PLANE('',#2469);
#2171=PLANE('',#2470);
#2172=PLANE('',#2471);
#2173=PLANE('',#2472);
#2174=PLANE('',#2473);
#2175=PLANE('',#2474);
#2176=PLANE('',#2475);
#2177=PLANE('',#2478);
#2178=PLANE('',#2480);
#2179=PLANE('',#2481);
#2180=PLANE('',#2482);
#2181=PLANE('',#2485);
#2182=PLANE('',#2486);
#2183=PLANE('',#2487);
#2184=PLANE('',#2488);
#2185=PLANE('',#2489);
#2186=PLANE('',#2490);
#2187=PLANE('',#2491);
#2188=PLANE('',#2492);
#2189=PLANE('',#2493);
#2190=ADVANCED_FACE('',(#123),#2098,.F.);
#2191=ADVANCED_FACE('',(#124,#44,#45,#46),#2099,.T.);
#2192=ADVANCED_FACE('',(#125),#2100,.T.);
#2193=ADVANCED_FACE('',(#126),#2101,.T.);
#2194=ADVANCED_FACE('',(#127),#2102,.T.);
#2195=ADVANCED_FACE('',(#128),#2103,.T.);
#2196=ADVANCED_FACE('',(#129),#2104,.T.);
#2197=ADVANCED_FACE('',(#130),#17,.T.);
#2198=ADVANCED_FACE('',(#131),#2105,.T.);
#2199=ADVANCED_FACE('',(#132),#18,.T.);
#2200=ADVANCED_FACE('',(#133),#2106,.T.);
#2201=ADVANCED_FACE('',(#134),#19,.T.);
#2202=ADVANCED_FACE('',(#135),#20,.T.);
#2203=ADVANCED_FACE('',(#136),#2107,.F.);
#2204=ADVANCED_FACE('',(#137),#2108,.F.);
#2205=ADVANCED_FACE('',(#138),#2109,.F.);
#2206=ADVANCED_FACE('',(#139),#2110,.F.);
#2207=ADVANCED_FACE('',(#140),#2111,.F.);
#2208=ADVANCED_FACE('',(#141),#21,.F.);
#2209=ADVANCED_FACE('',(#142),#2112,.T.);
#2210=ADVANCED_FACE('',(#143,#47,#48),#2113,.T.);
#2211=ADVANCED_FACE('',(#144),#2114,.T.);
#2212=ADVANCED_FACE('',(#145),#2115,.F.);
#2213=ADVANCED_FACE('',(#146),#2116,.T.);
#2214=ADVANCED_FACE('',(#147),#2117,.T.);
#2215=ADVANCED_FACE('',(#148,#49),#2118,.T.);
#2216=ADVANCED_FACE('',(#149),#22,.T.);
#2217=ADVANCED_FACE('',(#150),#23,.F.);
#2218=ADVANCED_FACE('',(#151,#50),#2119,.F.);
#2219=ADVANCED_FACE('',(#152),#24,.T.);
#2220=ADVANCED_FACE('',(#153),#25,.F.);
#2221=ADVANCED_FACE('',(#154),#26,.F.);
#2222=ADVANCED_FACE('',(#155),#2120,.T.);
#2223=ADVANCED_FACE('',(#156),#2121,.T.);
#2224=ADVANCED_FACE('',(#157),#2122,.T.);
#2225=ADVANCED_FACE('',(#158),#27,.T.);
#2226=ADVANCED_FACE('',(#159),#2123,.F.);
#2227=ADVANCED_FACE('',(#160),#2124,.T.);
#2228=ADVANCED_FACE('',(#161),#2125,.T.);
#2229=ADVANCED_FACE('',(#162),#28,.F.);
#2230=ADVANCED_FACE('',(#163),#2126,.T.);
#2231=ADVANCED_FACE('',(#164),#2127,.F.);
#2232=ADVANCED_FACE('',(#165),#2128,.T.);
#2233=ADVANCED_FACE('',(#166),#2129,.T.);
#2234=ADVANCED_FACE('',(#167),#2130,.T.);
#2235=ADVANCED_FACE('',(#168),#2131,.T.);
#2236=ADVANCED_FACE('',(#169),#2132,.T.);
#2237=ADVANCED_FACE('',(#170),#2133,.T.);
#2238=ADVANCED_FACE('',(#171),#2134,.T.);
#2239=ADVANCED_FACE('',(#172,#51),#2135,.T.);
#2240=ADVANCED_FACE('',(#173),#2136,.F.);
#2241=ADVANCED_FACE('',(#174),#29,.T.);
#2242=ADVANCED_FACE('',(#175),#2137,.F.);
#2243=ADVANCED_FACE('',(#176,#52),#2138,.T.);
#2244=ADVANCED_FACE('',(#177,#53),#2139,.T.);
#2245=ADVANCED_FACE('',(#178,#54),#2140,.F.);
#2246=ADVANCED_FACE('',(#179,#55),#2141,.F.);
#2247=ADVANCED_FACE('',(#180),#2142,.T.);
#2248=ADVANCED_FACE('',(#181),#2143,.T.);
#2249=ADVANCED_FACE('',(#182),#2144,.T.);
#2250=ADVANCED_FACE('',(#183),#2145,.F.);
#2251=ADVANCED_FACE('',(#184),#2146,.F.);
#2252=ADVANCED_FACE('',(#185),#2147,.F.);
#2253=ADVANCED_FACE('',(#186),#2148,.F.);
#2254=ADVANCED_FACE('',(#187),#30,.T.);
#2255=ADVANCED_FACE('',(#188),#2149,.T.);
#2256=ADVANCED_FACE('',(#189),#31,.T.);
#2257=ADVANCED_FACE('',(#190),#2150,.T.);
#2258=ADVANCED_FACE('',(#191),#32,.T.);
#2259=ADVANCED_FACE('',(#192),#2151,.T.);
#2260=ADVANCED_FACE('',(#193),#33,.T.);
#2261=ADVANCED_FACE('',(#194),#2152,.T.);
#2262=ADVANCED_FACE('',(#195),#2153,.F.);
#2263=ADVANCED_FACE('',(#196),#2154,.F.);
#2264=ADVANCED_FACE('',(#197),#34,.T.);
#2265=ADVANCED_FACE('',(#198),#2155,.T.);
#2266=ADVANCED_FACE('',(#199,#56),#2156,.F.);
#2267=ADVANCED_FACE('',(#200),#35,.F.);
#2268=ADVANCED_FACE('',(#201),#36,.T.);
#2269=ADVANCED_FACE('',(#202,#57),#2157,.T.);
#2270=ADVANCED_FACE('',(#203),#37,.T.);
#2271=ADVANCED_FACE('',(#204),#2158,.F.);
#2272=ADVANCED_FACE('',(#205),#2159,.T.);
#2273=ADVANCED_FACE('',(#206),#2160,.T.);
#2274=ADVANCED_FACE('',(#207),#2161,.F.);
#2275=ADVANCED_FACE('',(#208),#2162,.T.);
#2276=ADVANCED_FACE('',(#209),#2163,.T.);
#2277=ADVANCED_FACE('',(#210),#2164,.T.);
#2278=ADVANCED_FACE('',(#211),#2165,.T.);
#2279=ADVANCED_FACE('',(#212),#2166,.T.);
#2280=ADVANCED_FACE('',(#213),#2167,.F.);
#2281=ADVANCED_FACE('',(#214),#38,.F.);
#2282=ADVANCED_FACE('',(#215),#39,.F.);
#2283=ADVANCED_FACE('',(#216),#2168,.T.);
#2284=ADVANCED_FACE('',(#217,#58,#59),#2169,.T.);
#2285=ADVANCED_FACE('',(#218),#2170,.T.);
#2286=ADVANCED_FACE('',(#219,#60,#61),#2171,.T.);
#2287=ADVANCED_FACE('',(#220),#2172,.T.);
#2288=ADVANCED_FACE('',(#221),#2173,.F.);
#2289=ADVANCED_FACE('',(#222),#2174,.F.);
#2290=ADVANCED_FACE('',(#223),#2175,.F.);
#2291=ADVANCED_FACE('',(#224),#2176,.F.);
#2292=ADVANCED_FACE('',(#225),#40,.F.);
#2293=ADVANCED_FACE('',(#226,#62,#63),#2177,.F.);
#2294=ADVANCED_FACE('',(#227),#2178,.F.);
#2295=ADVANCED_FACE('',(#228),#2179,.F.);
#2296=ADVANCED_FACE('',(#229),#2180,.F.);
#2297=ADVANCED_FACE('',(#230),#41,.F.);
#2298=ADVANCED_FACE('',(#231),#2181,.T.);
#2299=ADVANCED_FACE('',(#232),#2182,.T.);
#2300=ADVANCED_FACE('',(#233),#2183,.T.);
#2301=ADVANCED_FACE('',(#234),#2184,.T.);
#2302=ADVANCED_FACE('',(#235,#64),#2185,.T.);
#2303=ADVANCED_FACE('',(#236),#2186,.T.);
#2304=ADVANCED_FACE('',(#237),#2187,.T.);
#2305=ADVANCED_FACE('',(#238),#2188,.T.);
#2306=ADVANCED_FACE('',(#239,#65,#66,#67,#68),#2189,.T.);
#2307=ADVANCED_FACE('',(#240),#42,.F.);
#2308=ADVANCED_FACE('',(#241),#43,.T.);
#2309=CLOSED_SHELL('',(#2190,#2191,#2192,#2193,#2194,#2195,#2196,#2197,
#2198,#2199,#2200,#2201,#2202,#2203,#2204,#2205,#2206,#2207,#2208,#2209,
#2210,#2211,#2212,#2213,#2214,#2215,#2216,#2217,#2218,#2219,#2220,#2221,
#2222,#2223,#2224,#2225,#2226,#2227,#2228,#2229,#2230,#2231,#2232,#2233,
#2234,#2235,#2236,#2237,#2238,#2239,#2240,#2241,#2242,#2243,#2244));
#2310=CLOSED_SHELL('',(#2245,#2246,#2247,#2248,#2249,#2250,#2251,#2252,
#2253,#2254,#2255,#2256,#2257,#2258,#2259,#2260,#2261,#2262,#2263,#2264,
#2265,#2266,#2267,#2268,#2269,#2270,#2271,#2272,#2273,#2274,#2275,#2276,
#2277,#2278,#2279,#2280,#2281,#2282,#2283,#2284,#2285,#2286,#2287,#2288,
#2289,#2290,#2291,#2292,#2293,#2294,#2295,#2296,#2297,#2298,#2299,#2300,
#2301,#2302,#2303,#2304,#2305,#2306,#2307,#2308));
#2311=DERIVED_UNIT_ELEMENT(#2313,1.);
#2312=DERIVED_UNIT_ELEMENT(#3770,-3.);
#2313=(
MASS_UNIT()
NAMED_UNIT(*)
SI_UNIT(.KILO.,.GRAM.)
);
#2314=DERIVED_UNIT((#2311,#2312));
#2315=MEASURE_REPRESENTATION_ITEM('density measure',
POSITIVE_RATIO_MEASURE(7850.),#2314);
#2316=PROPERTY_DEFINITION_REPRESENTATION(#2321,#2318);
#2317=PROPERTY_DEFINITION_REPRESENTATION(#2322,#2319);
#2318=REPRESENTATION('material name',(#2320),#3767);
#2319=REPRESENTATION('density',(#2315),#3767);
#2320=DESCRIPTIVE_REPRESENTATION_ITEM('Steel','Steel');
#2321=PROPERTY_DEFINITION('material property','material name',#3777);
#2322=PROPERTY_DEFINITION('material property','density of part',#3777);
#2323=AXIS2_PLACEMENT_3D('',#3113,#2497,#2498);
#2324=AXIS2_PLACEMENT_3D('',#3114,#2499,#2500);
#2325=AXIS2_PLACEMENT_3D('',#3123,#2505,#2506);
#2326=AXIS2_PLACEMENT_3D('',#3137,#2513,#2514);
#2327=AXIS2_PLACEMENT_3D('',#3139,#2515,#2516);
#2328=AXIS2_PLACEMENT_3D('',#3141,#2517,#2518);
#2329=AXIS2_PLACEMENT_3D('',#3142,#2519,#2520);
#2330=AXIS2_PLACEMENT_3D('',#3149,#2525,#2526);
#2331=AXIS2_PLACEMENT_3D('',#3158,#2531,#2532);
#2332=AXIS2_PLACEMENT_3D('',#3164,#2536,#2537);
#2333=AXIS2_PLACEMENT_3D('',#3170,#2541,#2542);
#2334=AXIS2_PLACEMENT_3D('',#3176,#2546,#2547);
#2335=AXIS2_PLACEMENT_3D('',#3178,#2548,#2549);
#2336=AXIS2_PLACEMENT_3D('',#3181,#2551,#2552);
#2337=AXIS2_PLACEMENT_3D('',#3182,#2553,#2554);
#2338=AXIS2_PLACEMENT_3D('',#3188,#2558,#2559);
#2339=AXIS2_PLACEMENT_3D('',#3190,#2560,#2561);
#2340=AXIS2_PLACEMENT_3D('',#3193,#2563,#2564);
#2341=AXIS2_PLACEMENT_3D('',#3194,#2565,#2566);
#2342=AXIS2_PLACEMENT_3D('',#3200,#2570,#2571);
#2343=AXIS2_PLACEMENT_3D('',#3202,#2572,#2573);
#2344=AXIS2_PLACEMENT_3D('',#3205,#2575,#2576);
#2345=AXIS2_PLACEMENT_3D('',#3206,#2577,#2578);
#2346=AXIS2_PLACEMENT_3D('',#3208,#2579,#2580);
#2347=AXIS2_PLACEMENT_3D('',#3211,#2582,#2583);
#2348=AXIS2_PLACEMENT_3D('',#3212,#2584,#2585);
#2349=AXIS2_PLACEMENT_3D('',#3218,#2589,#2590);
#2350=AXIS2_PLACEMENT_3D('',#3224,#2594,#2595);
#2351=AXIS2_PLACEMENT_3D('',#3230,#2599,#2600);
#2352=AXIS2_PLACEMENT_3D('',#3234,#2602,#2603);
#2353=AXIS2_PLACEMENT_3D('',#3240,#2607,#2608);
#2354=AXIS2_PLACEMENT_3D('',#3243,#2611,#2612);
#2355=AXIS2_PLACEMENT_3D('',#3246,#2614,#2615);
#2356=AXIS2_PLACEMENT_3D('',#3247,#2616,#2617);
#2357=AXIS2_PLACEMENT_3D('',#3251,#2620,#2621);
#2358=AXIS2_PLACEMENT_3D('',#3256,#2624,#2625);
#2359=AXIS2_PLACEMENT_3D('',#3257,#2626,#2627);
#2360=AXIS2_PLACEMENT_3D('',#3268,#2633,#2634);
#2361=AXIS2_PLACEMENT_3D('',#3274,#2638,#2639);
#2362=AXIS2_PLACEMENT_3D('',#3280,#2643,#2644);
#2363=AXIS2_PLACEMENT_3D('',#3289,#2649,#2650);
#2364=AXIS2_PLACEMENT_3D('',#3293,#2652,#2653);
#2365=AXIS2_PLACEMENT_3D('',#3295,#2654,#2655);
#2366=AXIS2_PLACEMENT_3D('',#3296,#2656,#2657);
#2367=AXIS2_PLACEMENT_3D('',#3300,#2659,#2660);
#2368=AXIS2_PLACEMENT_3D('',#3302,#2662,#2663);
#2369=AXIS2_PLACEMENT_3D('',#3304,#2664,#2665);
#2370=AXIS2_PLACEMENT_3D('',#3306,#2667,#2668);
#2371=AXIS2_PLACEMENT_3D('',#3308,#2670,#2671);
#2372=AXIS2_PLACEMENT_3D('',#3310,#2672,#2673);
#2373=AXIS2_PLACEMENT_3D('',#3312,#2675,#2676);
#2374=AXIS2_PLACEMENT_3D('',#3315,#2678,#2679);
#2375=AXIS2_PLACEMENT_3D('',#3316,#2680,#2681);
#2376=AXIS2_PLACEMENT_3D('',#3319,#2683,#2684);
#2377=AXIS2_PLACEMENT_3D('',#3320,#2685,#2686);
#2378=AXIS2_PLACEMENT_3D('',#3326,#2690,#2691);
#2379=AXIS2_PLACEMENT_3D('',#3333,#2695,#2696);
#2380=AXIS2_PLACEMENT_3D('',#3334,#2697,#2698);
#2381=AXIS2_PLACEMENT_3D('',#3339,#2702,#2703);
#2382=AXIS2_PLACEMENT_3D('',#3344,#2706,#2707);
#2383=AXIS2_PLACEMENT_3D('',#3345,#2708,#2709);
#2384=AXIS2_PLACEMENT_3D('',#3349,#2712,#2713);
#2385=AXIS2_PLACEMENT_3D('',#3354,#2716,#2717);
#2386=AXIS2_PLACEMENT_3D('',#3355,#2718,#2719);
#2387=AXIS2_PLACEMENT_3D('',#3360,#2723,#2724);
#2388=AXIS2_PLACEMENT_3D('',#3365,#2727,#2728);
#2389=AXIS2_PLACEMENT_3D('',#3366,#2729,#2730);
#2390=AXIS2_PLACEMENT_3D('',#3370,#2733,#2734);
#2391=AXIS2_PLACEMENT_3D('',#3375,#2738,#2739);
#2392=AXIS2_PLACEMENT_3D('',#3379,#2742,#2743);
#2393=AXIS2_PLACEMENT_3D('',#3383,#2746,#2747);
#2394=AXIS2_PLACEMENT_3D('',#3387,#2750,#2751);
#2395=AXIS2_PLACEMENT_3D('',#3391,#2754,#2755);
#2396=AXIS2_PLACEMENT_3D('',#3393,#2757,#2758);
#2397=AXIS2_PLACEMENT_3D('',#3397,#2761,#2762);
#2398=AXIS2_PLACEMENT_3D('',#3401,#2765,#2766);
#2399=AXIS2_PLACEMENT_3D('',#3403,#2768,#2769);
#2400=AXIS2_PLACEMENT_3D('',#3405,#2771,#2772);
#2401=AXIS2_PLACEMENT_3D('',#3409,#2774,#2775);
#2402=AXIS2_PLACEMENT_3D('',#3411,#2777,#2778);
#2403=AXIS2_PLACEMENT_3D('',#3413,#2780,#2781);
#2404=AXIS2_PLACEMENT_3D('',#3414,#2782,#2783);
#2405=AXIS2_PLACEMENT_3D('',#3415,#2784,#2785);
#2406=AXIS2_PLACEMENT_3D('',#3434,#2794,#2795);
#2407=AXIS2_PLACEMENT_3D('',#3443,#2800,#2801);
#2408=AXIS2_PLACEMENT_3D('',#3447,#2803,#2804);
#2409=AXIS2_PLACEMENT_3D('',#3451,#2806,#2807);
#2410=AXIS2_PLACEMENT_3D('',#3506,#2835,#2836);
#2411=AXIS2_PLACEMENT_3D('',#3507,#2837,#2838);
#2412=AXIS2_PLACEMENT_3D('',#3509,#2839,#2840);
#2413=AXIS2_PLACEMENT_3D('',#3511,#2841,#2842);
#2414=AXIS2_PLACEMENT_3D('',#3512,#2843,#2844);
#2415=AXIS2_PLACEMENT_3D('',#3518,#2848,#2849);
#2416=AXIS2_PLACEMENT_3D('',#3522,#2852,#2853);
#2417=AXIS2_PLACEMENT_3D('',#3526,#2856,#2857);
#2418=AXIS2_PLACEMENT_3D('',#3530,#2860,#2861);
#2419=AXIS2_PLACEMENT_3D('',#3531,#2862,#2863);
#2420=AXIS2_PLACEMENT_3D('',#3535,#2866,#2867);
#2421=AXIS2_PLACEMENT_3D('',#3539,#2870,#2871);
#2422=AXIS2_PLACEMENT_3D('',#3543,#2874,#2875);
#2423=AXIS2_PLACEMENT_3D('',#3546,#2877,#2878);
#2424=AXIS2_PLACEMENT_3D('',#3547,#2879,#2880);
#2425=AXIS2_PLACEMENT_3D('',#3551,#2883,#2884);
#2426=AXIS2_PLACEMENT_3D('',#3554,#2886,#2887);
#2427=AXIS2_PLACEMENT_3D('',#3555,#2888,#2889);
#2428=AXIS2_PLACEMENT_3D('',#3559,#2892,#2893);
#2429=AXIS2_PLACEMENT_3D('',#3562,#2895,#2896);
#2430=AXIS2_PLACEMENT_3D('',#3563,#2897,#2898);
#2431=AXIS2_PLACEMENT_3D('',#3567,#2901,#2902);
#2432=AXIS2_PLACEMENT_3D('',#3571,#2904,#2905);
#2433=AXIS2_PLACEMENT_3D('',#3573,#2907,#2908);
#2434=AXIS2_PLACEMENT_3D('',#3577,#2911,#2912);
#2435=AXIS2_PLACEMENT_3D('',#3580,#2915,#2916);
#2436=AXIS2_PLACEMENT_3D('',#3584,#2919,#2920);
#2437=AXIS2_PLACEMENT_3D('',#3585,#2921,#2922);
#2438=AXIS2_PLACEMENT_3D('',#3586,#2923,#2924);
#2439=AXIS2_PLACEMENT_3D('',#3587,#2925,#2926);
#2440=AXIS2_PLACEMENT_3D('',#3588,#2927,#2928);
#2441=AXIS2_PLACEMENT_3D('',#3589,#2929,#2930);
#2442=AXIS2_PLACEMENT_3D('',#3593,#2932,#2933);
#2443=AXIS2_PLACEMENT_3D('',#3595,#2934,#2935);
#2444=AXIS2_PLACEMENT_3D('',#3596,#2936,#2937);
#2445=AXIS2_PLACEMENT_3D('',#3599,#2939,#2940);
#2446=AXIS2_PLACEMENT_3D('',#3600,#2941,#2942);
#2447=AXIS2_PLACEMENT_3D('',#3605,#2945,#2946);
#2448=AXIS2_PLACEMENT_3D('',#3606,#2947,#2948);
#2449=AXIS2_PLACEMENT_3D('',#3608,#2950,#2951);
#2450=AXIS2_PLACEMENT_3D('',#3609,#2952,#2953);
#2451=AXIS2_PLACEMENT_3D('',#3610,#2954,#2955);
#2452=AXIS2_PLACEMENT_3D('',#3611,#2956,#2957);
#2453=AXIS2_PLACEMENT_3D('',#3621,#2963,#2964);
#2454=AXIS2_PLACEMENT_3D('',#3625,#2967,#2968);
#2455=AXIS2_PLACEMENT_3D('',#3631,#2972,#2973);
#2456=AXIS2_PLACEMENT_3D('',#3637,#2977,#2978);
#2457=AXIS2_PLACEMENT_3D('',#3640,#2981,#2982);
#2458=AXIS2_PLACEMENT_3D('',#3641,#2983,#2984);
#2459=AXIS2_PLACEMENT_3D('',#3647,#2988,#2989);
#2460=AXIS2_PLACEMENT_3D('',#3649,#2991,#2992);
#2461=AXIS2_PLACEMENT_3D('',#3651,#2994,#2995);
#2462=AXIS2_PLACEMENT_3D('',#3653,#2996,#2997);
#2463=AXIS2_PLACEMENT_3D('',#3656,#2999,#3000);
#2464=AXIS2_PLACEMENT_3D('',#3657,#3001,#3002);
#2465=AXIS2_PLACEMENT_3D('',#3659,#3003,#3004);
#2466=AXIS2_PLACEMENT_3D('',#3662,#3006,#3007);
#2467=AXIS2_PLACEMENT_3D('',#3663,#3008,#3009);
#2468=AXIS2_PLACEMENT_3D('',#3672,#3014,#3015);
#2469=AXIS2_PLACEMENT_3D('',#3678,#3019,#3020);
#2470=AXIS2_PLACEMENT_3D('',#3684,#3024,#3025);
#2471=AXIS2_PLACEMENT_3D('',#3687,#3028,#3029);
#2472=AXIS2_PLACEMENT_3D('',#3688,#3030,#3031);
#2473=AXIS2_PLACEMENT_3D('',#3697,#3036,#3037);
#2474=AXIS2_PLACEMENT_3D('',#3703,#3041,#3042);
#2475=AXIS2_PLACEMENT_3D('',#3709,#3046,#3047);
#2476=AXIS2_PLACEMENT_3D('',#3712,#3050,#3051);
#2477=AXIS2_PLACEMENT_3D('',#3713,#3052,#3053);
#2478=AXIS2_PLACEMENT_3D('',#3714,#3054,#3055);
#2479=AXIS2_PLACEMENT_3D('',#3719,#3058,#3059);
#2480=AXIS2_PLACEMENT_3D('',#3720,#3060,#3061);
#2481=AXIS2_PLACEMENT_3D('',#3724,#3064,#3065);
#2482=AXIS2_PLACEMENT_3D('',#3726,#3067,#3068);
#2483=AXIS2_PLACEMENT_3D('',#3727,#3069,#3070);
#2484=AXIS2_PLACEMENT_3D('',#3730,#3072,#3073);
#2485=AXIS2_PLACEMENT_3D('',#3731,#3074,#3075);
#2486=AXIS2_PLACEMENT_3D('',#3733,#3077,#3078);
#2487=AXIS2_PLACEMENT_3D('',#3734,#3079,#3080);
#2488=AXIS2_PLACEMENT_3D('',#3740,#3084,#3085);
#2489=AXIS2_PLACEMENT_3D('',#3744,#3088,#3089);
#2490=AXIS2_PLACEMENT_3D('',#3748,#3092,#3093);
#2491=AXIS2_PLACEMENT_3D('',#3752,#3096,#3097);
#2492=AXIS2_PLACEMENT_3D('',#3756,#3100,#3101);
#2493=AXIS2_PLACEMENT_3D('',#3758,#3103,#3104);
#2494=AXIS2_PLACEMENT_3D('',#3760,#3105,#3106);
#2495=AXIS2_PLACEMENT_3D('',#3761,#3107,#3108);
#2496=AXIS2_PLACEMENT_3D('',#3763,#3110,#3111);
#2497=DIRECTION('axis',(0.,0.,1.));
#2498=DIRECTION('refdir',(1.,0.,0.));
#2499=DIRECTION('center_axis',(-0.866025403784439,-0.499999999999999,0.));
#2500=DIRECTION('ref_axis',(0.499999999999999,-0.866025403784439,0.));
#2501=DIRECTION('',(-0.499999999999999,0.866025403784439,0.));
#2502=DIRECTION('',(0.,0.,-1.));
#2503=DIRECTION('',(-0.499999999999999,0.866025403784439,0.));
#2504=DIRECTION('',(0.,0.,-1.));
#2505=DIRECTION('center_axis',(0.,0.,-1.));
#2506=DIRECTION('ref_axis',(-1.,0.,0.));
#2507=DIRECTION('',(0.499999999999999,-0.866025403784439,0.));
#2508=DIRECTION('',(1.,0.,0.));
#2509=DIRECTION('',(0.,-1.,0.));
#2510=DIRECTION('',(-1.,0.,0.));
#2511=DIRECTION('',(0.,1.,0.));
#2512=DIRECTION('',(1.,9.95729896136709E-16,0.));
#2513=DIRECTION('center_axis',(0.,0.,1.));
#2514=DIRECTION('ref_axis',(1.,0.,0.));
#2515=DIRECTION('center_axis',(0.,0.,1.));
#2516=DIRECTION('ref_axis',(1.,0.,0.));
#2517=DIRECTION('center_axis',(0.,0.,1.));
#2518=DIRECTION('ref_axis',(1.,0.,0.));
#2519=DIRECTION('center_axis',(-1.,0.,0.));
#2520=DIRECTION('ref_axis',(0.,-1.,0.));
#2521=DIRECTION('',(0.,-1.,0.));
#2522=DIRECTION('',(0.,0.,1.));
#2523=DIRECTION('',(0.,1.,0.));
#2524=DIRECTION('',(0.,0.,-1.));
#2525=DIRECTION('center_axis',(0.,1.,0.));
#2526=DIRECTION('ref_axis',(-1.,0.,0.));
#2527=DIRECTION('',(-1.,0.,0.));
#2528=DIRECTION('',(0.,0.,1.));
#2529=DIRECTION('',(1.,0.,0.));
#2530=DIRECTION('',(0.,0.,1.));
#2531=DIRECTION('center_axis',(-1.,0.,0.));
#2532=DIRECTION('ref_axis',(0.,-1.,0.));
#2533=DIRECTION('',(0.,-1.,0.));
#2534=DIRECTION('',(0.,1.,0.));
#2535=DIRECTION('',(0.,0.,1.));
#2536=DIRECTION('center_axis',(0.,-1.,0.));
#2537=DIRECTION('ref_axis',(1.,0.,0.));
#2538=DIRECTION('',(1.,0.,0.));
#2539=DIRECTION('',(-1.,0.,0.));
#2540=DIRECTION('',(0.,0.,-1.));
#2541=DIRECTION('center_axis',(0.,1.,0.));
#2542=DIRECTION('ref_axis',(-1.,0.,0.));
#2543=DIRECTION('',(-1.,0.,0.));
#2544=DIRECTION('',(0.,0.,1.));
#2545=DIRECTION('',(1.,0.,0.));
#2546=DIRECTION('center_axis',(0.,0.,1.));
#2547=DIRECTION('ref_axis',(0.707106781186551,0.707106781186544,0.));
#2548=DIRECTION('center_axis',(0.,0.,1.));
#2549=DIRECTION('ref_axis',(0.707106781186551,0.707106781186544,0.));
#2550=DIRECTION('',(0.,0.,-1.));
#2551=DIRECTION('center_axis',(0.,0.,1.));
#2552=DIRECTION('ref_axis',(0.707106781186551,0.707106781186544,0.));
#2553=DIRECTION('center_axis',(1.,0.,0.));
#2554=DIRECTION('ref_axis',(0.,1.,0.));
#2555=DIRECTION('',(0.,1.,0.));
#2556=DIRECTION('',(0.,0.,1.));
#2557=DIRECTION('',(0.,-1.,0.));
#2558=DIRECTION('center_axis',(0.,0.,1.));
#2559=DIRECTION('ref_axis',(0.707106773438961,-0.707106788934134,0.));
#2560=DIRECTION('center_axis',(0.,0.,1.));
#2561=DIRECTION('ref_axis',(0.707106773438961,-0.707106788934134,0.));
#2562=DIRECTION('',(0.,0.,-1.));
#2563=DIRECTION('center_axis',(0.,0.,1.));
#2564=DIRECTION('ref_axis',(0.707106773438961,-0.707106788934134,0.));
#2565=DIRECTION('center_axis',(-2.19134751819802E-8,-1.,0.));
#2566=DIRECTION('ref_axis',(1.,-2.19134751819802E-8,0.));
#2567=DIRECTION('',(1.,-2.19134751819802E-8,0.));
#2568=DIRECTION('',(0.,0.,-1.));
#2569=DIRECTION('',(-1.,2.19134751819802E-8,0.));
#2570=DIRECTION('center_axis',(0.,0.,1.));
#2571=DIRECTION('ref_axis',(-0.981529002922588,0.191313398437722,0.));
#2572=DIRECTION('center_axis',(0.,0.,1.));
#2573=DIRECTION('ref_axis',(1.,0.,0.));
#2574=DIRECTION('',(0.,0.,1.));
#2575=DIRECTION('center_axis',(0.,0.,-1.));
#2576=DIRECTION('ref_axis',(1.,0.,0.));
#2577=DIRECTION('center_axis',(0.,0.,1.));
#2578=DIRECTION('ref_axis',(1.,0.,0.));
#2579=DIRECTION('center_axis',(0.,0.,1.));
#2580=DIRECTION('ref_axis',(1.,0.,0.));
#2581=DIRECTION('',(0.,0.,1.));
#2582=DIRECTION('center_axis',(0.,0.,-1.));
#2583=DIRECTION('ref_axis',(1.,0.,0.));
#2584=DIRECTION('center_axis',(0.,-1.,0.));
#2585=DIRECTION('ref_axis',(1.,0.,0.));
#2586=DIRECTION('',(-1.,0.,0.));
#2587=DIRECTION('',(-1.,0.,0.));
#2588=DIRECTION('',(0.,0.,1.));
#2589=DIRECTION('center_axis',(-0.866025403784439,-0.499999999999999,0.));
#2590=DIRECTION('ref_axis',(0.499999999999999,-0.866025403784439,0.));
#2591=DIRECTION('',(-0.499999999999999,0.866025403784439,0.));
#2592=DIRECTION('',(0.,0.,1.));
#2593=DIRECTION('',(-0.499999999999999,0.866025403784439,0.));
#2594=DIRECTION('center_axis',(9.95729896136709E-16,-1.,0.));
#2595=DIRECTION('ref_axis',(1.,9.95729896136709E-16,0.));
#2596=DIRECTION('',(-1.,-9.95729896136709E-16,0.));
#2597=DIRECTION('',(0.,0.,1.));
#2598=DIRECTION('',(-1.,-9.95729896136709E-16,0.));
#2599=DIRECTION('center_axis',(1.,0.,0.));
#2600=DIRECTION('ref_axis',(0.,1.,0.));
#2601=DIRECTION('',(0.,-1.,0.));
#2602=DIRECTION('center_axis',(1.,0.,0.));
#2603=DIRECTION('ref_axis',(0.,0.,-1.));
#2604=DIRECTION('',(0.,-1.,0.));
#2605=DIRECTION('',(0.,0.,1.));
#2606=DIRECTION('',(0.,-1.,0.));
#2607=DIRECTION('center_axis',(1.,0.,0.));
#2608=DIRECTION('ref_axis',(0.,1.,0.));
#2609=DIRECTION('',(0.,-1.,0.));
#2610=DIRECTION('',(0.,-1.,0.));
#2611=DIRECTION('center_axis',(0.,0.,-1.));
#2612=DIRECTION('ref_axis',(1.,0.,0.));
#2613=DIRECTION('',(0.,0.,1.));
#2614=DIRECTION('center_axis',(0.,0.,-1.));
#2615=DIRECTION('ref_axis',(1.,0.,0.));
#2616=DIRECTION('center_axis',(0.,0.,1.));
#2617=DIRECTION('ref_axis',(1.,0.,0.));
#2618=DIRECTION('',(-0.514497742535215,0.8574917334448,0.));
#2619=DIRECTION('',(-1.,2.19134751819802E-8,0.));
#2620=DIRECTION('center_axis',(0.,0.,1.));
#2621=DIRECTION('ref_axis',(1.,0.,0.));
#2622=DIRECTION('',(1.,0.,0.));
#2623=DIRECTION('',(0.,1.,0.));
#2624=DIRECTION('center_axis',(0.,0.,-1.));
#2625=DIRECTION('ref_axis',(1.,0.,0.));
#2626=DIRECTION('center_axis',(0.,0.,-1.));
#2627=DIRECTION('ref_axis',(1.,1.38348285443961E-15,0.));
#2628=DIRECTION('',(0.,1.,0.));
#2629=DIRECTION('',(-1.,-1.38348285443961E-15,0.));
#2630=DIRECTION('',(-1.,-9.95729896136709E-16,0.));
#2631=DIRECTION('',(1.38777878078144E-15,-1.,0.));
#2632=DIRECTION('',(1.,1.38348285443961E-15,0.));
#2633=DIRECTION('center_axis',(1.38348285443961E-15,-1.,0.));
#2634=DIRECTION('ref_axis',(1.,1.38348285443961E-15,0.));
#2635=DIRECTION('',(0.,0.,1.));
#2636=DIRECTION('',(0.,0.,-1.));
#2637=DIRECTION('',(-1.,-1.38348285443961E-15,0.));
#2638=DIRECTION('center_axis',(0.,0.,-1.));
#2639=DIRECTION('ref_axis',(1.,1.38348285443961E-15,0.));
#2640=DIRECTION('',(0.,1.,0.));
#2641=DIRECTION('',(1.58603289232166E-15,-1.,0.));
#2642=DIRECTION('',(1.,1.38348285443961E-15,0.));
#2643=DIRECTION('center_axis',(0.,0.,-1.));
#2644=DIRECTION('ref_axis',(0.,1.,0.));
#2645=DIRECTION('',(0.,1.,0.));
#2646=DIRECTION('',(1.,0.,0.));
#2647=DIRECTION('',(0.,1.,0.));
#2648=DIRECTION('',(1.,0.,0.));
#2649=DIRECTION('center_axis',(0.,0.,1.));
#2650=DIRECTION('ref_axis',(1.,0.,0.));
#2651=DIRECTION('',(-1.,0.,0.));
#2652=DIRECTION('center_axis',(0.,0.,1.));
#2653=DIRECTION('ref_axis',(1.,0.,0.));
#2654=DIRECTION('center_axis',(0.,0.,-1.));
#2655=DIRECTION('ref_axis',(1.,0.,0.));
#2656=DIRECTION('center_axis',(0.,0.,-1.));
#2657=DIRECTION('ref_axis',(1.,0.,0.));
#2658=DIRECTION('',(0.,0.,1.));
#2659=DIRECTION('center_axis',(0.,0.,-1.));
#2660=DIRECTION('ref_axis',(1.,0.,0.));
#2661=DIRECTION('',(0.,0.,-1.));
#2662=DIRECTION('center_axis',(0.,0.,-1.));
#2663=DIRECTION('ref_axis',(1.,0.,0.));
#2664=DIRECTION('center_axis',(0.,0.,1.));
#2665=DIRECTION('ref_axis',(1.,0.,0.));
#2666=DIRECTION('',(0.,0.,1.));
#2667=DIRECTION('center_axis',(0.,0.,1.));
#2668=DIRECTION('ref_axis',(1.,0.,0.));
#2669=DIRECTION('',(1.,0.,0.));
#2670=DIRECTION('center_axis',(0.,0.,1.));
#2671=DIRECTION('ref_axis',(1.,0.,0.));
#2672=DIRECTION('center_axis',(0.,0.,1.));
#2673=DIRECTION('ref_axis',(1.,0.,0.));
#2674=DIRECTION('',(0.,0.,-1.));
#2675=DIRECTION('center_axis',(0.,0.,1.));
#2676=DIRECTION('ref_axis',(1.,0.,0.));
#2677=DIRECTION('',(0.,0.,1.));
#2678=DIRECTION('center_axis',(0.,0.,-1.));
#2679=DIRECTION('ref_axis',(1.,0.,0.));
#2680=DIRECTION('center_axis',(0.,0.,1.));
#2681=DIRECTION('ref_axis',(1.,0.,0.));
#2682=DIRECTION('',(0.,0.,1.));
#2683=DIRECTION('center_axis',(0.,0.,-1.));
#2684=DIRECTION('ref_axis',(1.,0.,0.));
#2685=DIRECTION('center_axis',(0.,-1.,0.));
#2686=DIRECTION('ref_axis',(1.,0.,0.));
#2687=DIRECTION('',(1.,0.,0.));
#2688=DIRECTION('',(0.,0.,-1.));
#2689=DIRECTION('',(0.,0.,-1.));
#2690=DIRECTION('center_axis',(-1.,0.,0.));
#2691=DIRECTION('ref_axis',(0.,-1.,0.));
#2692=DIRECTION('',(0.,-1.,0.));
#2693=DIRECTION('',(0.,0.,-1.));
#2694=DIRECTION('',(0.,-1.,0.));
#2695=DIRECTION('center_axis',(1.,0.,0.));
#2696=DIRECTION('ref_axis',(0.,0.,1.));
#2697=DIRECTION('center_axis',(-0.866025403784439,-0.499999999999999,0.));
#2698=DIRECTION('ref_axis',(0.499999999999999,-0.866025403784439,0.));
#2699=DIRECTION('',(0.499999999999999,-0.866025403784439,0.));
#2700=DIRECTION('',(0.,0.,-1.));
#2701=DIRECTION('',(0.,0.,-1.));
#2702=DIRECTION('center_axis',(-1.,0.,0.));
#2703=DIRECTION('ref_axis',(0.,1.22464679914735E-16,-1.));
#2704=DIRECTION('',(-1.,0.,0.));
#2705=DIRECTION('',(1.,0.,0.));
#2706=DIRECTION('center_axis',(-1.,0.,0.));
#2707=DIRECTION('ref_axis',(0.,0.,1.));
#2708=DIRECTION('center_axis',(1.38348285443961E-15,-1.,0.));
#2709=DIRECTION('ref_axis',(1.,1.38348285443961E-15,0.));
#2710=DIRECTION('',(-1.,-1.38348285443961E-15,0.));
#2711=DIRECTION('',(0.,0.,1.));
#2712=DIRECTION('center_axis',(-1.,0.,0.));
#2713=DIRECTION('ref_axis',(0.,0.,1.));
#2714=DIRECTION('',(0.,-1.,0.));
#2715=DIRECTION('',(0.,-1.,0.));
#2716=DIRECTION('center_axis',(1.,0.,0.));
#2717=DIRECTION('ref_axis',(0.,0.,1.));
#2718=DIRECTION('center_axis',(1.,0.,0.));
#2719=DIRECTION('ref_axis',(0.,0.,-1.));
#2720=DIRECTION('',(0.,1.,0.));
#2721=DIRECTION('',(0.,0.,-1.));
#2722=DIRECTION('',(0.,0.,1.));
#2723=DIRECTION('center_axis',(1.,0.,0.));
#2724=DIRECTION('ref_axis',(0.,-1.,0.));
#2725=DIRECTION('',(1.,0.,0.));
#2726=DIRECTION('',(-1.,0.,0.));
#2727=DIRECTION('center_axis',(-1.,0.,0.));
#2728=DIRECTION('ref_axis',(0.,-1.,0.));
#2729=DIRECTION('center_axis',(0.,1.,0.));
#2730=DIRECTION('ref_axis',(0.,0.,1.));
#2731=DIRECTION('',(-1.,0.,0.));
#2732=DIRECTION('',(0.,0.,1.));
#2733=DIRECTION('center_axis',(-1.,0.,0.));
#2734=DIRECTION('ref_axis',(0.,-1.,0.));
#2735=DIRECTION('',(0.,1.,0.));
#2736=DIRECTION('',(0.,1.,0.));
#2737=DIRECTION('',(0.,0.,1.));
#2738=DIRECTION('center_axis',(-1.,-1.38777878078144E-15,0.));
#2739=DIRECTION('ref_axis',(0.,0.,-1.));
#2740=DIRECTION('',(1.38777878078144E-15,-1.,0.));
#2741=DIRECTION('',(0.,0.,-1.));
#2742=DIRECTION('center_axis',(1.58603289232166E-15,-1.,0.));
#2743=DIRECTION('ref_axis',(0.,0.,-1.));
#2744=DIRECTION('',(1.,1.58603289232166E-15,0.));
#2745=DIRECTION('',(0.,0.,1.));
#2746=DIRECTION('center_axis',(-0.8574917334448,-0.514497742535215,0.));
#2747=DIRECTION('ref_axis',(0.514497742535215,-0.8574917334448,0.));
#2748=DIRECTION('',(0.514497742535215,-0.8574917334448,0.));
#2749=DIRECTION('',(0.,0.,-1.));
#2750=DIRECTION('center_axis',(1.,1.38777878078144E-15,0.));
#2751=DIRECTION('ref_axis',(0.,0.,1.));
#2752=DIRECTION('',(-1.38777878078144E-15,1.,0.));
#2753=DIRECTION('',(0.,0.,-1.));
#2754=DIRECTION('center_axis',(-2.19134751819802E-8,-1.,0.));
#2755=DIRECTION('ref_axis',(1.,-2.19134751819802E-8,0.));
#2756=DIRECTION('',(1.,-2.19134751819802E-8,0.));
#2757=DIRECTION('center_axis',(9.95729896136709E-16,-1.,0.));
#2758=DIRECTION('ref_axis',(1.,9.95729896136709E-16,0.));
#2759=DIRECTION('',(1.,9.95729896136709E-16,0.));
#2760=DIRECTION('',(0.,0.,-1.));
#2761=DIRECTION('center_axis',(1.,0.,0.));
#2762=DIRECTION('ref_axis',(0.,1.,0.));
#2763=DIRECTION('',(0.,1.,0.));
#2764=DIRECTION('',(0.,0.,-1.));
#2765=DIRECTION('center_axis',(0.,1.,0.));
#2766=DIRECTION('ref_axis',(-1.,0.,0.));
#2767=DIRECTION('',(-1.,0.,0.));
#2768=DIRECTION('center_axis',(0.,1.,0.));
#2769=DIRECTION('ref_axis',(-1.,0.,0.));
#2770=DIRECTION('',(1.,0.,0.));
#2771=DIRECTION('center_axis',(-1.,0.,0.));
#2772=DIRECTION('ref_axis',(0.,0.,-1.));
#2773=DIRECTION('',(1.,0.,0.));
#2774=DIRECTION('center_axis',(-1.,0.,0.));
#2775=DIRECTION('ref_axis',(0.,0.,-1.));
#2776=DIRECTION('',(-1.,0.,0.));
#2777=DIRECTION('center_axis',(1.,0.,0.));
#2778=DIRECTION('ref_axis',(0.,0.,-1.));
#2779=DIRECTION('',(0.,-1.,0.));
#2780=DIRECTION('center_axis',(0.,0.,1.));
#2781=DIRECTION('ref_axis',(1.,0.,0.));
#2782=DIRECTION('center_axis',(0.,0.,1.));
#2783=DIRECTION('ref_axis',(1.,0.,0.));
#2784=DIRECTION('center_axis',(0.,0.,1.));
#2785=DIRECTION('ref_axis',(1.,0.,0.));
#2786=DIRECTION('',(1.,0.,0.));
#2787=DIRECTION('',(0.,-1.,0.));
#2788=DIRECTION('',(1.,0.,0.));
#2789=DIRECTION('',(0.,-1.,0.));
#2790=DIRECTION('',(-1.,0.,0.));
#2791=DIRECTION('',(0.,1.,0.));
#2792=DIRECTION('',(-1.,0.,0.));
#2793=DIRECTION('',(-0.499999999999999,0.866025403784439,0.));
#2794=DIRECTION('center_axis',(0.,0.,1.));
#2795=DIRECTION('ref_axis',(1.,0.,0.));
#2796=DIRECTION('',(1.,-2.19134751819802E-8,0.));
#2797=DIRECTION('',(0.514497742535215,-0.8574917334448,0.));
#2798=DIRECTION('',(0.,-1.,0.));
#2799=DIRECTION('',(-1.,0.,0.));
#2800=DIRECTION('center_axis',(0.,0.,1.));
#2801=DIRECTION('ref_axis',(0.707106781186551,0.707106781186544,0.));
#2802=DIRECTION('',(0.,1.,0.));
#2803=DIRECTION('center_axis',(0.,0.,1.));
#2804=DIRECTION('ref_axis',(0.707106773438961,-0.707106788934134,0.));
#2805=DIRECTION('',(1.,-2.19134751819802E-8,0.));
#2806=DIRECTION('center_axis',(0.,0.,1.));
#2807=DIRECTION('ref_axis',(1.,0.,0.));
#2808=DIRECTION('',(-0.499999999999999,0.866025403784439,0.));
#2809=DIRECTION('',(-1.,-9.95729896136709E-16,0.));
#2810=DIRECTION('',(0.,-1.,0.));
#2811=DIRECTION('',(1.,0.,0.));
#2812=DIRECTION('',(0.,-1.,0.));
#2813=DIRECTION('',(-1.,0.,0.));
#2814=DIRECTION('',(0.,-1.,0.));
#2815=DIRECTION('',(1.,0.,0.));
#2816=DIRECTION('',(0.,-1.,0.));
#2817=DIRECTION('',(-1.,0.,0.));
#2818=DIRECTION('',(0.,-1.,0.));
#2819=DIRECTION('',(1.,0.,0.));
#2820=DIRECTION('',(0.,1.,0.));
#2821=DIRECTION('',(1.,0.,0.));
#2822=DIRECTION('',(0.,-1.,0.));
#2823=DIRECTION('',(-1.,0.,0.));
#2824=DIRECTION('',(0.,-1.,0.));
#2825=DIRECTION('',(-1.,0.,0.));
#2826=DIRECTION('',(0.,1.,0.));
#2827=DIRECTION('',(1.,9.95729896136709E-16,0.));
#2828=DIRECTION('',(-1.38777878078144E-15,1.,0.));
#2829=DIRECTION('',(1.,1.58603289232166E-15,0.));
#2830=DIRECTION('',(1.38777878078144E-15,-1.,0.));
#2831=DIRECTION('',(-1.,0.,0.));
#2832=DIRECTION('',(0.,1.,0.));
#2833=DIRECTION('',(-1.,-1.38348285443961E-15,0.));
#2834=DIRECTION('',(0.499999999999999,-0.866025403784439,0.));
#2835=DIRECTION('center_axis',(0.,0.,-1.));
#2836=DIRECTION('ref_axis',(1.,0.,0.));
#2837=DIRECTION('center_axis',(0.,0.,1.));
#2838=DIRECTION('ref_axis',(1.,0.,0.));
#2839=DIRECTION('center_axis',(0.,0.,1.));
#2840=DIRECTION('ref_axis',(1.,0.,0.));
#2841=DIRECTION('center_axis',(0.,0.,-1.));
#2842=DIRECTION('ref_axis',(1.,0.,0.));
#2843=DIRECTION('center_axis',(0.,1.,0.));
#2844=DIRECTION('ref_axis',(-1.,0.,0.));
#2845=DIRECTION('',(0.,0.,1.));
#2846=DIRECTION('',(-1.,0.,0.));
#2847=DIRECTION('',(0.,0.,1.));
#2848=DIRECTION('center_axis',(-1.,0.,0.));
#2849=DIRECTION('ref_axis',(0.,-1.,0.));
#2850=DIRECTION('',(0.,0.,1.));
#2851=DIRECTION('',(0.,-1.,0.));
#2852=DIRECTION('center_axis',(0.,-1.,0.));
#2853=DIRECTION('ref_axis',(1.,0.,0.));
#2854=DIRECTION('',(0.,0.,-1.));
#2855=DIRECTION('',(1.,0.,0.));
#2856=DIRECTION('center_axis',(1.,0.,0.));
#2857=DIRECTION('ref_axis',(0.,1.,0.));
#2858=DIRECTION('',(0.,1.,0.));
#2859=DIRECTION('',(0.,0.,1.));
#2860=DIRECTION('center_axis',(1.,0.,0.));
#2861=DIRECTION('ref_axis',(0.,0.,-1.));
#2862=DIRECTION('center_axis',(1.,0.,0.));
#2863=DIRECTION('ref_axis',(0.,1.,0.));
#2864=DIRECTION('',(0.,0.,1.));
#2865=DIRECTION('',(0.,1.,0.));
#2866=DIRECTION('center_axis',(9.95729896136709E-16,-1.,0.));
#2867=DIRECTION('ref_axis',(1.,9.95729896136709E-16,0.));
#2868=DIRECTION('',(0.,0.,1.));
#2869=DIRECTION('',(1.,9.95729896136709E-16,0.));
#2870=DIRECTION('center_axis',(-0.866025403784439,-0.499999999999999,0.));
#2871=DIRECTION('ref_axis',(0.499999999999999,-0.866025403784439,0.));
#2872=DIRECTION('',(0.,0.,1.));
#2873=DIRECTION('',(0.499999999999999,-0.866025403784439,0.));
#2874=DIRECTION('center_axis',(0.,0.,1.));
#2875=DIRECTION('ref_axis',(1.,0.,0.));
#2876=DIRECTION('',(0.,0.,-1.));
#2877=DIRECTION('center_axis',(0.,0.,-1.));
#2878=DIRECTION('ref_axis',(1.,0.,0.));
#2879=DIRECTION('center_axis',(-2.19134751819802E-8,-1.,0.));
#2880=DIRECTION('ref_axis',(1.,-2.19134751819802E-8,0.));
#2881=DIRECTION('',(0.,0.,-1.));
#2882=DIRECTION('',(1.,-2.19134751819802E-8,0.));
#2883=DIRECTION('center_axis',(0.,0.,1.));
#2884=DIRECTION('ref_axis',(0.707106773438961,-0.707106788934134,0.));
#2885=DIRECTION('',(0.,0.,1.));
#2886=DIRECTION('center_axis',(0.,0.,-1.));
#2887=DIRECTION('ref_axis',(0.707106773438961,-0.707106788934134,0.));
#2888=DIRECTION('center_axis',(1.,0.,0.));
#2889=DIRECTION('ref_axis',(0.,1.,0.));
#2890=DIRECTION('',(0.,0.,-1.));
#2891=DIRECTION('',(0.,1.,0.));
#2892=DIRECTION('center_axis',(0.,0.,1.));
#2893=DIRECTION('ref_axis',(0.707106781186551,0.707106781186544,0.));
#2894=DIRECTION('',(0.,0.,1.));
#2895=DIRECTION('center_axis',(0.,0.,-1.));
#2896=DIRECTION('ref_axis',(0.707106781186551,0.707106781186544,0.));
#2897=DIRECTION('center_axis',(0.,1.,0.));
#2898=DIRECTION('ref_axis',(-1.,0.,0.));
#2899=DIRECTION('',(0.,0.,1.));
#2900=DIRECTION('',(-1.,0.,0.));
#2901=DIRECTION('center_axis',(0.,0.,1.));
#2902=DIRECTION('ref_axis',(-0.981529002922588,0.191313398437722,0.));
#2903=DIRECTION('',(0.,0.,-1.));
#2904=DIRECTION('center_axis',(0.,0.,-1.));
#2905=DIRECTION('ref_axis',(1.,0.,0.));
#2906=DIRECTION('',(0.,0.,1.));
#2907=DIRECTION('center_axis',(-1.,0.,0.));
#2908=DIRECTION('ref_axis',(0.,-1.,0.));
#2909=DIRECTION('',(0.,0.,-1.));
#2910=DIRECTION('',(0.,-1.,0.));
#2911=DIRECTION('center_axis',(-0.866025403784439,-0.499999999999999,0.));
#2912=DIRECTION('ref_axis',(0.499999999999999,-0.866025403784439,0.));
#2913=DIRECTION('',(0.,0.,-1.));
#2914=DIRECTION('',(0.499999999999999,-0.866025403784439,0.));
#2915=DIRECTION('center_axis',(0.,-1.,0.));
#2916=DIRECTION('ref_axis',(1.,0.,0.));
#2917=DIRECTION('',(0.,0.,1.));
#2918=DIRECTION('',(1.,0.,0.));
#2919=DIRECTION('center_axis',(-1.,0.,0.));
#2920=DIRECTION('ref_axis',(0.,0.,1.));
#2921=DIRECTION('center_axis',(-1.,0.,0.));
#2922=DIRECTION('ref_axis',(0.,0.,1.));
#2923=DIRECTION('center_axis',(1.,0.,0.));
#2924=DIRECTION('ref_axis',(0.,0.,1.));
#2925=DIRECTION('center_axis',(-1.,0.,0.));
#2926=DIRECTION('ref_axis',(0.,0.,1.));
#2927=DIRECTION('center_axis',(1.,0.,0.));
#2928=DIRECTION('ref_axis',(0.,0.,1.));
#2929=DIRECTION('center_axis',(0.,0.,1.));
#2930=DIRECTION('ref_axis',(1.,0.,0.));
#2931=DIRECTION('',(1.,0.,0.));
#2932=DIRECTION('center_axis',(0.,0.,-1.));
#2933=DIRECTION('ref_axis',(1.,0.,0.));
#2934=DIRECTION('center_axis',(0.,0.,1.));
#2935=DIRECTION('ref_axis',(1.,0.,0.));
#2936=DIRECTION('center_axis',(0.,0.,-1.));
#2937=DIRECTION('ref_axis',(1.,0.,0.));
#2938=DIRECTION('',(0.,0.,1.));
#2939=DIRECTION('center_axis',(0.,0.,-1.));
#2940=DIRECTION('ref_axis',(1.,0.,0.));
#2941=DIRECTION('center_axis',(0.,0.,-1.));
#2942=DIRECTION('ref_axis',(1.,0.,0.));
#2943=DIRECTION('',(0.,0.,1.));
#2944=DIRECTION('',(0.,0.,-1.));
#2945=DIRECTION('center_axis',(0.,0.,1.));
#2946=DIRECTION('ref_axis',(1.,0.,0.));
#2947=DIRECTION('center_axis',(0.,0.,1.));
#2948=DIRECTION('ref_axis',(1.,0.,0.));
#2949=DIRECTION('',(-1.,0.,0.));
#2950=DIRECTION('center_axis',(-1.,0.,0.));
#2951=DIRECTION('ref_axis',(0.,-1.22464679914735E-16,1.));
#2952=DIRECTION('center_axis',(-1.,0.,0.));
#2953=DIRECTION('ref_axis',(0.,0.,-1.));
#2954=DIRECTION('center_axis',(1.,0.,0.));
#2955=DIRECTION('ref_axis',(0.,0.,-1.));
#2956=DIRECTION('center_axis',(1.,0.,0.));
#2957=DIRECTION('ref_axis',(0.,0.,-1.));
#2958=DIRECTION('',(0.,0.,1.));
#2959=DIRECTION('',(0.,-1.,-1.11022316690025E-16));
#2960=DIRECTION('',(0.,0.,1.));
#2961=DIRECTION('',(0.,-1.,0.));
#2962=DIRECTION('',(0.,0.,1.));
#2963=DIRECTION('center_axis',(0.,1.,0.));
#2964=DIRECTION('ref_axis',(0.,0.,1.));
#2965=DIRECTION('',(0.,0.,1.));
#2966=DIRECTION('',(1.,0.,0.));
#2967=DIRECTION('center_axis',(1.38348285443961E-15,-1.,0.));
#2968=DIRECTION('ref_axis',(1.,1.38348285443961E-15,0.));
#2969=DIRECTION('',(1.,1.38348285443961E-15,0.));
#2970=DIRECTION('',(0.,0.,-1.));
#2971=DIRECTION('',(-1.,-1.38348285443961E-15,0.));
#2972=DIRECTION('center_axis',(0.,0.,1.));
#2973=DIRECTION('ref_axis',(-1.,-1.38348285443961E-15,0.));
#2974=DIRECTION('',(-1.,-1.38348285443961E-15,0.));
#2975=DIRECTION('',(1.58603289232166E-15,-1.,0.));
#2976=DIRECTION('',(1.58603289232166E-15,-1.,0.));
#2977=DIRECTION('center_axis',(1.58603289232166E-15,-1.,0.));
#2978=DIRECTION('ref_axis',(0.,0.,-1.));
#2979=DIRECTION('',(0.,0.,1.));
#2980=DIRECTION('',(0.,0.,-1.));
#2981=DIRECTION('center_axis',(-1.,-1.38777878078144E-15,0.));
#2982=DIRECTION('ref_axis',(0.,0.,-1.));
#2983=DIRECTION('center_axis',(0.,0.,1.));
#2984=DIRECTION('ref_axis',(-1.,-1.38348285443961E-15,0.));
#2985=DIRECTION('',(1.38777878078144E-15,-1.,0.));
#2986=DIRECTION('',(1.,9.95729896136709E-16,0.));
#2987=DIRECTION('',(1.,1.38348285443961E-15,0.));
#2988=DIRECTION('center_axis',(1.,1.38777878078144E-15,0.));
#2989=DIRECTION('ref_axis',(0.,0.,1.));
#2990=DIRECTION('',(0.,0.,-1.));
#2991=DIRECTION('center_axis',(1.38348285443961E-15,-1.,0.));
#2992=DIRECTION('ref_axis',(1.,1.38348285443961E-15,0.));
#2993=DIRECTION('',(0.,0.,-1.));
#2994=DIRECTION('center_axis',(-1.,0.,0.));
#2995=DIRECTION('ref_axis',(0.,0.,-1.));
#2996=DIRECTION('center_axis',(-1.,0.,0.));
#2997=DIRECTION('ref_axis',(0.,0.,-1.));
#2998=DIRECTION('',(-1.,0.,0.));
#2999=DIRECTION('center_axis',(1.,0.,0.));
#3000=DIRECTION('ref_axis',(0.,0.,-1.));
#3001=DIRECTION('center_axis',(-1.,0.,0.));
#3002=DIRECTION('ref_axis',(0.,0.,-1.));
#3003=DIRECTION('center_axis',(-1.,0.,0.));
#3004=DIRECTION('ref_axis',(0.,0.,-1.));
#3005=DIRECTION('',(-1.,0.,0.));
#3006=DIRECTION('center_axis',(1.,0.,0.));
#3007=DIRECTION('ref_axis',(0.,0.,-1.));
#3008=DIRECTION('center_axis',(0.,-1.,0.));
#3009=DIRECTION('ref_axis',(1.,0.,0.));
#3010=DIRECTION('',(-1.,0.,0.));
#3011=DIRECTION('',(0.,0.,1.));
#3012=DIRECTION('',(1.,0.,0.));
#3013=DIRECTION('',(0.,0.,1.));
#3014=DIRECTION('center_axis',(-1.,0.,0.));
#3015=DIRECTION('ref_axis',(0.,-1.,0.));
#3016=DIRECTION('',(0.,1.,0.));
#3017=DIRECTION('',(0.,-1.,0.));
#3018=DIRECTION('',(0.,0.,1.));
#3019=DIRECTION('center_axis',(0.,1.,0.));
#3020=DIRECTION('ref_axis',(-1.,0.,0.));
#3021=DIRECTION('',(1.,0.,0.));
#3022=DIRECTION('',(-1.,0.,0.));
#3023=DIRECTION('',(0.,0.,1.));
#3024=DIRECTION('center_axis',(1.,0.,0.));
#3025=DIRECTION('ref_axis',(0.,1.,0.));
#3026=DIRECTION('',(0.,-1.,0.));
#3027=DIRECTION('',(0.,1.,0.));
#3028=DIRECTION('center_axis',(0.,0.,1.));
#3029=DIRECTION('ref_axis',(1.,0.,0.));
#3030=DIRECTION('center_axis',(-5.79246795456603E-16,1.,0.));
#3031=DIRECTION('ref_axis',(1.,5.79246795456603E-16,0.));
#3032=DIRECTION('',(1.,5.79246795456603E-16,0.));
#3033=DIRECTION('',(0.,0.,-1.));
#3034=DIRECTION('',(-1.,-5.79246795456603E-16,0.));
#3035=DIRECTION('',(0.,0.,-1.));
#3036=DIRECTION('center_axis',(-1.,6.34413156928661E-16,0.));
#3037=DIRECTION('ref_axis',(6.34413156928661E-16,1.,0.));
#3038=DIRECTION('',(6.34413156928661E-16,1.,0.));
#3039=DIRECTION('',(0.,0.,-1.));
#3040=DIRECTION('',(-6.34413156928661E-16,-1.,0.));
#3041=DIRECTION('center_axis',(0.,-1.,0.));
#3042=DIRECTION('ref_axis',(-1.,0.,0.));
#3043=DIRECTION('',(-1.,0.,0.));
#3044=DIRECTION('',(0.,0.,-1.));
#3045=DIRECTION('',(1.,0.,0.));
#3046=DIRECTION('center_axis',(1.,0.,0.));
#3047=DIRECTION('ref_axis',(0.,-1.,0.));
#3048=DIRECTION('',(0.,-1.,0.));
#3049=DIRECTION('',(0.,1.,0.));
#3050=DIRECTION('center_axis',(1.,0.,0.));
#3051=DIRECTION('ref_axis',(0.,-1.,0.));
#3052=DIRECTION('center_axis',(-1.,0.,0.));
#3053=DIRECTION('ref_axis',(0.,-1.,0.));
#3054=DIRECTION('center_axis',(0.,0.,1.));
#3055=DIRECTION('ref_axis',(1.,0.,0.));
#3056=DIRECTION('',(0.,-1.,0.));
#3057=DIRECTION('',(-1.,0.,0.));
#3058=DIRECTION('center_axis',(0.,0.,-1.));
#3059=DIRECTION('ref_axis',(1.,0.,0.));
#3060=DIRECTION('center_axis',(0.,0.,1.));
#3061=DIRECTION('ref_axis',(1.,0.,0.));
#3062=DIRECTION('',(0.514497742535215,-0.8574917334448,0.));
#3063=DIRECTION('',(1.,-2.19134751819802E-8,0.));
#3064=DIRECTION('center_axis',(0.,1.,0.));
#3065=DIRECTION('ref_axis',(-1.,0.,0.));
#3066=DIRECTION('',(0.,0.,1.));
#3067=DIRECTION('center_axis',(-1.,0.,0.));
#3068=DIRECTION('ref_axis',(0.,-1.,0.));
#3069=DIRECTION('center_axis',(0.,0.,1.));
#3070=DIRECTION('ref_axis',(1.,0.,0.));
#3071=DIRECTION('',(0.,0.,1.));
#3072=DIRECTION('center_axis',(0.,0.,-1.));
#3073=DIRECTION('ref_axis',(1.,0.,0.));
#3074=DIRECTION('center_axis',(-0.8574917334448,-0.514497742535215,0.));
#3075=DIRECTION('ref_axis',(0.514497742535215,-0.8574917334448,0.));
#3076=DIRECTION('',(0.,0.,-1.));
#3077=DIRECTION('center_axis',(-2.19134751819802E-8,-1.,0.));
#3078=DIRECTION('ref_axis',(1.,-2.19134751819802E-8,0.));
#3079=DIRECTION('center_axis',(0.,-1.,0.));
#3080=DIRECTION('ref_axis',(1.,0.,0.));
#3081=DIRECTION('',(0.,0.,-1.));
#3082=DIRECTION('',(-1.,0.,0.));
#3083=DIRECTION('',(0.,0.,-1.));
#3084=DIRECTION('center_axis',(-1.,0.,0.));
#3085=DIRECTION('ref_axis',(0.,-1.,0.));
#3086=DIRECTION('',(0.,1.,0.));
#3087=DIRECTION('',(0.,0.,-1.));
#3088=DIRECTION('center_axis',(0.,1.,0.));
#3089=DIRECTION('ref_axis',(-1.,0.,0.));
#3090=DIRECTION('',(1.,0.,0.));
#3091=DIRECTION('',(0.,0.,-1.));
#3092=DIRECTION('center_axis',(1.,0.,0.));
#3093=DIRECTION('ref_axis',(0.,1.,0.));
#3094=DIRECTION('',(0.,-1.,0.));
#3095=DIRECTION('',(0.,0.,-1.));
#3096=DIRECTION('center_axis',(9.95729896136709E-16,-1.,0.));
#3097=DIRECTION('ref_axis',(1.,9.95729896136709E-16,0.));
#3098=DIRECTION('',(-1.,-9.95729896136709E-16,0.));
#3099=DIRECTION('',(0.,0.,-1.));
#3100=DIRECTION('center_axis',(-0.866025403784439,-0.499999999999999,0.));
#3101=DIRECTION('ref_axis',(0.499999999999999,-0.866025403784439,0.));
#3102=DIRECTION('',(-0.499999999999999,0.866025403784439,0.));
#3103=DIRECTION('center_axis',(0.,0.,1.));
#3104=DIRECTION('ref_axis',(1.,0.,0.));
#3105=DIRECTION('center_axis',(0.,0.,-1.));
#3106=DIRECTION('ref_axis',(1.,0.,0.));
#3107=DIRECTION('center_axis',(0.,0.,1.));
#3108=DIRECTION('ref_axis',(1.,0.,0.));
#3109=DIRECTION('',(0.,0.,1.));
#3110=DIRECTION('center_axis',(0.,0.,1.));
#3111=DIRECTION('ref_axis',(1.,0.,0.));
#3112=DIRECTION('',(0.,0.,-1.));
#3113=CARTESIAN_POINT('',(0.,0.,0.));
#3114=CARTESIAN_POINT('Origin',(-53.,-13.,0.));
#3115=CARTESIAN_POINT('',(-51.1176269559495,-16.2603657510936,0.));
#3116=CARTESIAN_POINT('',(-53.,-13.,0.));
#3117=CARTESIAN_POINT('',(-48.6049039027125,-20.6125297446496,0.));
#3118=CARTESIAN_POINT('',(-51.1176269559495,-16.2603657510936,-8.));
#3119=CARTESIAN_POINT('',(-51.1176269559495,-16.2603657510936,0.));
#3120=CARTESIAN_POINT('',(-53.0000011622906,-13.0000001639128,-8.));
#3121=CARTESIAN_POINT('',(-47.9721960169581,-21.7084119491258,-8.));
#3122=CARTESIAN_POINT('',(-53.,-13.,0.));
#3123=CARTESIAN_POINT('Origin',(-27.5,-21.5,-10.));
#3124=CARTESIAN_POINT('',(-36.8341924626905,-45.,-10.));
#3125=CARTESIAN_POINT('',(-54.1547005383793,-15.,-10.));
#3126=CARTESIAN_POINT('',(-41.0439927866826,-37.7084119491258,-10.));
#3127=CARTESIAN_POINT('',(-57.,-15.,-10.));
#3128=CARTESIAN_POINT('',(-40.25,-15.,-10.));
#3129=CARTESIAN_POINT('',(-57.,2.,-10.));
#3130=CARTESIAN_POINT('',(-57.,-17.25,-10.));
#3131=CARTESIAN_POINT('',(2.,2.,-10.));
#3132=CARTESIAN_POINT('',(-41.25,2.,-10.));
#3133=CARTESIAN_POINT('',(2.,-45.,-10.));
#3134=CARTESIAN_POINT('',(2.,-10.75,-10.));
#3135=CARTESIAN_POINT('',(-13.75,-45.,-10.));
#3136=CARTESIAN_POINT('',(-50.25,-15.5,-10.));
#3137=CARTESIAN_POINT('Origin',(-49.,-15.5,-10.));
#3138=CARTESIAN_POINT('',(-9.25,-38.,-10.));
#3139=CARTESIAN_POINT('Origin',(-8.,-38.,-10.));
#3140=CARTESIAN_POINT('',(-20.5,-24.25,-10.));
#3141=CARTESIAN_POINT('Origin',(-19.,-24.25,-10.));
#3142=CARTESIAN_POINT('Origin',(-53.0000011622906,-12.5000001639128,0.));
#3143=CARTESIAN_POINT('',(-53.0000011622906,-12.5000001639128,0.));
#3144=CARTESIAN_POINT('',(-53.0000011622906,-16.2605116458085,0.));
#3145=CARTESIAN_POINT('',(-53.0000011622906,-12.5000001639128,-8.));
#3146=CARTESIAN_POINT('',(-53.0000011622906,-12.5000001639128,0.));
#3147=CARTESIAN_POINT('',(-53.0000011622906,-13.0000001639128,-8.));
#3148=CARTESIAN_POINT('',(-53.,-13.,0.));
#3149=CARTESIAN_POINT('Origin',(0.,-13.,0.));
#3150=CARTESIAN_POINT('',(0.,-13.,0.));
#3151=CARTESIAN_POINT('',(-5.,-13.,0.));
#3152=CARTESIAN_POINT('',(-15.,-13.,0.));
#3153=CARTESIAN_POINT('',(0.,-13.,-8.));
#3154=CARTESIAN_POINT('',(0.,-13.,0.));
#3155=CARTESIAN_POINT('',(-5.,-13.,-8.));
#3156=CARTESIAN_POINT('',(0.,-13.,-8.));
#3157=CARTESIAN_POINT('',(-5.,-13.,0.));
#3158=CARTESIAN_POINT('Origin',(-5.,-13.,0.));
#3159=CARTESIAN_POINT('',(-5.,-14.0000002086163,0.));
#3160=CARTESIAN_POINT('',(-5.,-16.5105115638521,0.));
#3161=CARTESIAN_POINT('',(-5.,-14.0000002086163,-8.));
#3162=CARTESIAN_POINT('',(-5.,-13.,-8.));
#3163=CARTESIAN_POINT('',(-5.,-14.0000002086163,0.));
#3164=CARTESIAN_POINT('Origin',(-5.,-14.0000002086163,0.));
#3165=CARTESIAN_POINT('',(0.,-14.0000002086163,0.));
#3166=CARTESIAN_POINT('',(-17.5,-14.0000002086163,0.));
#3167=CARTESIAN_POINT('',(0.,-14.0000002086163,-8.));
#3168=CARTESIAN_POINT('',(-5.,-14.0000002086163,-8.));
#3169=CARTESIAN_POINT('',(0.,-14.0000002086163,0.));
#3170=CARTESIAN_POINT('Origin',(-43.0000011622906,-12.5000001639128,0.));
#3171=CARTESIAN_POINT('',(-43.5000011622906,-12.5000001639128,0.));
#3172=CARTESIAN_POINT('',(-36.5000005811453,-12.5000001639128,0.));
#3173=CARTESIAN_POINT('',(-43.5000011622906,-12.5000001639128,-8.));
#3174=CARTESIAN_POINT('',(-43.5000011622906,-12.5000001639128,0.));
#3175=CARTESIAN_POINT('',(-53.0000011622906,-12.5000001639128,-8.));
#3176=CARTESIAN_POINT('Origin',(-43.5000011622906,-13.0000001639128,0.));
#3177=CARTESIAN_POINT('',(-43.0000011622906,-13.0000001639128,0.));
#3178=CARTESIAN_POINT('Origin',(-43.5000011622906,-13.0000001639128,0.));
#3179=CARTESIAN_POINT('',(-43.0000011622906,-13.0000001639128,-8.));
#3180=CARTESIAN_POINT('',(-43.0000011622906,-13.0000001639128,0.));
#3181=CARTESIAN_POINT('Origin',(-43.5000011622906,-13.0000001639128,-8.));
#3182=CARTESIAN_POINT('Origin',(-43.0000011622906,-13.9999999377657,0.));
#3183=CARTESIAN_POINT('',(-43.0000011622906,-13.499999926809,0.));
#3184=CARTESIAN_POINT('',(-43.0000011622906,-17.010511532735,0.));
#3185=CARTESIAN_POINT('',(-43.0000011622906,-13.499999926809,-8.));
#3186=CARTESIAN_POINT('',(-43.0000011622906,-13.499999926809,0.));
#3187=CARTESIAN_POINT('',(-43.0000011622906,-12.5000001639128,-8.));
#3188=CARTESIAN_POINT('Origin',(-43.5000011622906,-13.499999926809,0.));
#3189=CARTESIAN_POINT('',(-43.5000011732473,-13.999999926809,0.));
#3190=CARTESIAN_POINT('Origin',(-43.5000011622906,-13.499999926809,0.));
#3191=CARTESIAN_POINT('',(-43.5000011732473,-13.999999926809,-8.));
#3192=CARTESIAN_POINT('',(-43.5000011732473,-13.999999926809,0.));
#3193=CARTESIAN_POINT('Origin',(-43.5000011622906,-13.499999926809,-8.));
#3194=CARTESIAN_POINT('Origin',(-52.3999982699752,-13.9999997317791,0.));
#3195=CARTESIAN_POINT('',(-47.322949157269,-13.9999998430349,0.));
#3196=CARTESIAN_POINT('',(-41.1999990690168,-13.99999997721,0.));
#3197=CARTESIAN_POINT('',(-47.322949157269,-13.9999998430349,-8.));
#3198=CARTESIAN_POINT('',(-47.322949157269,-13.9999998430349,0.));
#3199=CARTESIAN_POINT('',(-52.3999982699752,-13.9999997317791,-8.));
#3200=CARTESIAN_POINT('Origin',(-49.,-15.5,0.));
#3201=CARTESIAN_POINT('',(-50.6770507769905,-13.9999997695349,0.));
#3202=CARTESIAN_POINT('Origin',(-49.,-15.5,0.));
#3203=CARTESIAN_POINT('',(-50.6770507769905,-13.9999997695349,-8.));
#3204=CARTESIAN_POINT('',(-50.6770507769905,-13.9999997695349,0.));
#3205=CARTESIAN_POINT('Origin',(-49.,-15.5,-8.));
#3206=CARTESIAN_POINT('Origin',(-49.,-15.5,0.));
#3207=CARTESIAN_POINT('',(-50.7173095345894,-16.9537358640441,0.));
#3208=CARTESIAN_POINT('Origin',(-49.,-15.5,0.));
#3209=CARTESIAN_POINT('',(-50.7173095345894,-16.9537358640441,-8.));
#3210=CARTESIAN_POINT('',(-50.7173095345894,-16.9537358640441,0.));
#3211=CARTESIAN_POINT('Origin',(-49.,-15.5,-8.));
#3212=CARTESIAN_POINT('Origin',(-55.,-13.,0.));
#3213=CARTESIAN_POINT('',(-55.,-13.,0.));
#3214=CARTESIAN_POINT('',(-42.5,-13.,0.));
#3215=CARTESIAN_POINT('',(-55.,-13.,-8.));
#3216=CARTESIAN_POINT('',(-41.25,-13.,-8.));
#3217=CARTESIAN_POINT('',(-55.,-13.,0.));
#3218=CARTESIAN_POINT('Origin',(-53.,-13.,0.));
#3219=CARTESIAN_POINT('',(-35.6794919243113,-43.,0.));
#3220=CARTESIAN_POINT('',(-48.6049039027125,-20.6125297446496,0.));
#3221=CARTESIAN_POINT('',(-35.6794919243113,-43.,-8.));
#3222=CARTESIAN_POINT('',(-35.6794919243113,-43.,0.));
#3223=CARTESIAN_POINT('',(-47.9721960169581,-21.7084119491258,-8.));
#3224=CARTESIAN_POINT('Origin',(-35.6794919243113,-43.,0.));
#3225=CARTESIAN_POINT('',(0.,-43.,0.));
#3226=CARTESIAN_POINT('',(-32.8397459621556,-43.,0.));
#3227=CARTESIAN_POINT('',(0.,-43.,-8.));
#3228=CARTESIAN_POINT('',(0.,-43.,0.));
#3229=CARTESIAN_POINT('',(-31.5897459621556,-43.,-8.));
#3230=CARTESIAN_POINT('Origin',(0.,-43.,0.));
#3231=CARTESIAN_POINT('',(0.,-7.5,0.));
#3232=CARTESIAN_POINT('',(0.,-31.5105115638521,0.));
#3233=CARTESIAN_POINT('',(0.,-3.5,0.));
#3234=CARTESIAN_POINT('Origin',(0.,-5.5,2.1));
#3235=CARTESIAN_POINT('',(0.,0.,0.));
#3236=CARTESIAN_POINT('',(0.,-31.5105115638521,0.));
#3237=CARTESIAN_POINT('',(0.,0.,-8.));
#3238=CARTESIAN_POINT('',(0.,0.,0.));
#3239=CARTESIAN_POINT('',(0.,-32.25,-8.));
#3240=CARTESIAN_POINT('Origin',(0.,-43.,0.));
#3241=CARTESIAN_POINT('',(0.,-31.5105115638521,0.));
#3242=CARTESIAN_POINT('',(0.,-32.25,-8.));
#3243=CARTESIAN_POINT('Origin',(-19.,-24.25,-8.));
#3244=CARTESIAN_POINT('',(-20.5,-24.25,-8.));
#3245=CARTESIAN_POINT('',(-20.5,-24.25,-8.));
#3246=CARTESIAN_POINT('Origin',(-19.,-24.25,-8.));
#3247=CARTESIAN_POINT('Origin',(-27.5,-21.5,-8.));
#3248=CARTESIAN_POINT('',(-52.3999982699752,-13.9999997317791,-8.));
#3249=CARTESIAN_POINT('',(-52.3999982699752,-13.9999997317791,-8.));
#3250=CARTESIAN_POINT('',(-52.3999982699752,-13.9999997317791,-8.));
#3251=CARTESIAN_POINT('Origin',(-27.5,-21.5,-8.));
#3252=CARTESIAN_POINT('',(-55.,0.,-8.));
#3253=CARTESIAN_POINT('',(-13.75,0.,-8.));
#3254=CARTESIAN_POINT('',(-55.,-10.75,-8.));
#3255=CARTESIAN_POINT('',(-10.25,-38.,-8.));
#3256=CARTESIAN_POINT('Origin',(-8.,-38.,-8.));
#3257=CARTESIAN_POINT('Origin',(-58.8341924626905,-45.,-0.85));
#3258=CARTESIAN_POINT('',(-57.8341924626906,-46.6,-0.85));
#3259=CARTESIAN_POINT('',(-57.8341924626906,-45.,-0.85));
#3260=CARTESIAN_POINT('',(-57.8341924626906,-45.2500001601875,-0.85));
#3261=CARTESIAN_POINT('',(-36.8341924626905,-45.,-0.85));
#3262=CARTESIAN_POINT('',(-8.83419246269051,-45.,-0.85));
#3263=CARTESIAN_POINT('',(-8.83419246269051,-45.,-0.85));
#3264=CARTESIAN_POINT('',(-47.2568421935009,-45.,-0.85));
#3265=CARTESIAN_POINT('',(-8.8341924626905,-46.6,-0.85));
#3266=CARTESIAN_POINT('',(-8.83419246269051,-45.,-0.85));
#3267=CARTESIAN_POINT('',(-8.8341924626905,-46.6,-0.85));
#3268=CARTESIAN_POINT('Origin',(-33.8341924626905,-46.6,0.));
#3269=CARTESIAN_POINT('',(-57.8341924626906,-46.6,-4.8));
#3270=CARTESIAN_POINT('',(-57.8341924626906,-46.6,-0.0500000186264515));
#3271=CARTESIAN_POINT('',(-8.8341924626905,-46.6,-4.8));
#3272=CARTESIAN_POINT('',(-8.8341924626905,-46.6,4.8));
#3273=CARTESIAN_POINT('',(-8.8341924626905,-46.6,-4.8));
#3274=CARTESIAN_POINT('Origin',(-58.8341924626905,-46.6,-4.8));
#3275=CARTESIAN_POINT('',(-57.8341924626906,-48.,-4.8));
#3276=CARTESIAN_POINT('',(-57.8341924626906,-46.0500001601875,-4.8));
#3277=CARTESIAN_POINT('',(-8.8341924626905,-48.,-4.8));
#3278=CARTESIAN_POINT('',(-8.8341924626905,-46.6,-4.8));
#3279=CARTESIAN_POINT('',(-8.8341924626905,-48.,-4.8));
#3280=CARTESIAN_POINT('Origin',(-58.8341924626906,-48.,-5.00000007450581));
#3281=CARTESIAN_POINT('',(-58.8341924626906,-48.,-5.00000007450581));
#3282=CARTESIAN_POINT('',(-58.8341924626906,-43.0000006407499,-5.00000007450581));
#3283=CARTESIAN_POINT('',(-58.8341924626906,-48.,-5.00000007450581));
#3284=CARTESIAN_POINT('',(-57.8341924626906,-43.0000006407499,-5.00000007450581));
#3285=CARTESIAN_POINT('',(-58.8341924626906,-43.0000006407499,-5.00000007450581));
#3286=CARTESIAN_POINT('',(-57.8341924626906,-48.,-5.00000007450581));
#3287=CARTESIAN_POINT('',(-57.8341924626906,-48.,-5.00000007450581));
#3288=CARTESIAN_POINT('',(-58.8341924626906,-48.,-5.00000007450581));
#3289=CARTESIAN_POINT('Origin',(-26.,4.9579537445916,-6.));
#3290=CARTESIAN_POINT('',(-20.0001473257749,2.,-6.));
#3291=CARTESIAN_POINT('',(-31.9998526742251,2.,-6.));
#3292=CARTESIAN_POINT('',(-13.,2.,-6.));
#3293=CARTESIAN_POINT('Origin',(-26.,1.9579537445916,-6.));
#3294=CARTESIAN_POINT('',(-27.25,4.9579537445916,-6.));
#3295=CARTESIAN_POINT('Origin',(-26.,4.9579537445916,-6.));
#3296=CARTESIAN_POINT('Origin',(-26.,1.9579537445916,-6.));
#3297=CARTESIAN_POINT('',(-20.0001473257749,2.,-8.));
#3298=CARTESIAN_POINT('',(-20.0001473257749,2.,-6.));
#3299=CARTESIAN_POINT('',(-31.9998526742251,2.,-8.));
#3300=CARTESIAN_POINT('Origin',(-26.,1.9579537445916,-8.));
#3301=CARTESIAN_POINT('',(-31.9998526742251,2.,-6.));
#3302=CARTESIAN_POINT('Origin',(-26.,4.9579537445916,-6.));
#3303=CARTESIAN_POINT('',(-27.25,4.9579537445916,-8.));
#3304=CARTESIAN_POINT('Origin',(-26.,4.9579537445916,-8.));
#3305=CARTESIAN_POINT('',(-27.25,4.9579537445916,-6.));
#3306=CARTESIAN_POINT('Origin',(-26.,4.9579537445916,-8.));
#3307=CARTESIAN_POINT('',(-13.,2.,-8.));
#3308=CARTESIAN_POINT('Origin',(-8.,-38.,0.));
#3309=CARTESIAN_POINT('',(-10.25,-38.,0.));
#3310=CARTESIAN_POINT('Origin',(-8.,-38.,0.));
#3311=CARTESIAN_POINT('',(-10.25,-38.,0.));
#3312=CARTESIAN_POINT('Origin',(-8.,-38.,0.));
#3313=CARTESIAN_POINT('',(-9.25,-38.,0.));
#3314=CARTESIAN_POINT('',(-9.25,-38.,0.));
#3315=CARTESIAN_POINT('Origin',(-8.,-38.,0.));
#3316=CARTESIAN_POINT('Origin',(-49.,-15.5,0.));
#3317=CARTESIAN_POINT('',(-50.25,-15.5,0.));
#3318=CARTESIAN_POINT('',(-50.25,-15.5,0.));
#3319=CARTESIAN_POINT('Origin',(-49.,-15.5,0.));
#3320=CARTESIAN_POINT('Origin',(-55.,-15.,0.));
#3321=CARTESIAN_POINT('',(-57.,-15.,0.));
#3322=CARTESIAN_POINT('',(-54.1547005383792,-15.,0.));
#3323=CARTESIAN_POINT('',(-42.5,-15.,0.));
#3324=CARTESIAN_POINT('',(-57.,-15.,0.));
#3325=CARTESIAN_POINT('',(-54.1547005383792,-15.,0.));
#3326=CARTESIAN_POINT('Origin',(-57.,0.,0.));
#3327=CARTESIAN_POINT('',(-57.,2.,0.));
#3328=CARTESIAN_POINT('',(-57.,-2.,0.));
#3329=CARTESIAN_POINT('',(-57.,-10.0105115638521,0.));
#3330=CARTESIAN_POINT('',(-57.,2.,0.));
#3331=CARTESIAN_POINT('',(-57.,-11.,0.));
#3332=CARTESIAN_POINT('',(-57.,-10.0105115638521,0.));
#3333=CARTESIAN_POINT('Origin',(-57.,-6.5,0.));
#3334=CARTESIAN_POINT('Origin',(-54.7320508075689,-14.,0.));
#3335=CARTESIAN_POINT('',(-36.8341924626905,-45.,0.));
#3336=CARTESIAN_POINT('',(-50.3369547102814,-21.6125297446496,0.));
#3337=CARTESIAN_POINT('',(-36.8341924626905,-45.,0.));
#3338=CARTESIAN_POINT('',(-36.8341924626905,-45.,0.));
#3339=CARTESIAN_POINT('Origin',(-57.,-6.5,0.));
#3340=CARTESIAN_POINT('',(-62.,-2.,0.));
#3341=CARTESIAN_POINT('',(-57.,-2.,0.));
#3342=CARTESIAN_POINT('',(-62.,-11.,0.));
#3343=CARTESIAN_POINT('',(-57.,-11.,0.));
#3344=CARTESIAN_POINT('Origin',(-62.,-6.5,0.));
#3345=CARTESIAN_POINT('Origin',(-33.8341924626905,-45.,0.));
#3346=CARTESIAN_POINT('',(-57.8341924626906,-45.,0.));
#3347=CARTESIAN_POINT('',(-31.9170962313452,-45.,0.));
#3348=CARTESIAN_POINT('',(-57.8341924626906,-45.,-0.0500000186264515));
#3349=CARTESIAN_POINT('Origin',(-62.,-6.5,0.));
#3350=CARTESIAN_POINT('',(-62.,-2.5,0.));
#3351=CARTESIAN_POINT('',(-62.,-13.2605115638521,0.));
#3352=CARTESIAN_POINT('',(-62.,-10.5,0.));
#3353=CARTESIAN_POINT('',(-62.,-13.2605115638521,0.));
#3354=CARTESIAN_POINT('Origin',(-62.,-6.5,0.));
#3355=CARTESIAN_POINT('Origin',(-57.8341924626906,-45.500000320375,-0.100000037252903));
#3356=CARTESIAN_POINT('',(-57.8341924626906,-43.0000006407499,0.));
#3357=CARTESIAN_POINT('',(-57.8341924626906,-32.7605117240396,0.));
#3358=CARTESIAN_POINT('',(-57.8341924626906,-48.,4.8));
#3359=CARTESIAN_POINT('',(-57.8341924626906,-43.0000006407499,-5.00000007450581));
#3360=CARTESIAN_POINT('Origin',(-55.9,-6.5,0.));
#3361=CARTESIAN_POINT('',(-55.,-2.5,-4.89858719658941E-16));
#3362=CARTESIAN_POINT('',(-55.9,-2.5,0.));
#3363=CARTESIAN_POINT('',(-55.,-10.5,0.));
#3364=CARTESIAN_POINT('',(-55.9,-10.5,0.));
#3365=CARTESIAN_POINT('Origin',(-55.,-6.5,0.));
#3366=CARTESIAN_POINT('Origin',(-58.8341924626906,-43.0000006407499,-5.00000007450581));
#3367=CARTESIAN_POINT('',(-58.8341924626906,-43.0000006407499,0.));
#3368=CARTESIAN_POINT('',(-44.4170962313453,-43.0000006407499,0.));
#3369=CARTESIAN_POINT('',(-58.8341924626906,-43.0000006407499,-5.00000007450581));
#3370=CARTESIAN_POINT('Origin',(-55.,0.,0.));
#3371=CARTESIAN_POINT('',(-55.,0.,0.));
#3372=CARTESIAN_POINT('',(-55.,-10.0105115638521,0.));
#3373=CARTESIAN_POINT('',(-55.,-10.0105115638521,0.));
#3374=CARTESIAN_POINT('',(-55.,0.,0.));
#3375=CARTESIAN_POINT('Origin',(-58.8341924626905,-45.,0.85));
#3376=CARTESIAN_POINT('',(-58.8341924626905,-48.,0.));
#3377=CARTESIAN_POINT('',(-58.8341924626905,-32.5105115638522,0.));
#3378=CARTESIAN_POINT('',(-58.8341924626905,-48.,-4.8));
#3379=CARTESIAN_POINT('Origin',(-33.8341924626905,-48.,0.));
#3380=CARTESIAN_POINT('',(-8.8341924626905,-48.,0.));
#3381=CARTESIAN_POINT('',(-31.9170962313452,-48.,0.));
#3382=CARTESIAN_POINT('',(-8.8341924626905,-48.,4.8));
#3383=CARTESIAN_POINT('Origin',(-53.0000011622906,-13.0000001639128,0.));
#3384=CARTESIAN_POINT('',(-52.3999982699752,-13.9999997317791,0.));
#3385=CARTESIAN_POINT('',(-48.4071009533116,-20.6547936375048,0.));
#3386=CARTESIAN_POINT('',(-52.3999982699752,-13.9999997317791,0.));
#3387=CARTESIAN_POINT('Origin',(-8.83419246269051,-45.,-0.85));
#3388=CARTESIAN_POINT('',(-8.83419246269051,-45.,0.));
#3389=CARTESIAN_POINT('',(-8.83419246269052,-32.5105115638521,0.));
#3390=CARTESIAN_POINT('',(-8.83419246269051,-45.,-0.425));
#3391=CARTESIAN_POINT('Origin',(-52.3999982699752,-13.9999997317791,0.));
#3392=CARTESIAN_POINT('',(-41.1999990690168,-13.99999997721,0.));
#3393=CARTESIAN_POINT('Origin',(-35.6794919243113,-45.,0.));
#3394=CARTESIAN_POINT('',(2.,-45.,0.));
#3395=CARTESIAN_POINT('',(-32.8397459621556,-45.,0.));
#3396=CARTESIAN_POINT('',(2.,-45.,0.));
#3397=CARTESIAN_POINT('Origin',(2.,-43.,0.));
#3398=CARTESIAN_POINT('',(2.,2.,0.));
#3399=CARTESIAN_POINT('',(2.,-31.5105115638521,0.));
#3400=CARTESIAN_POINT('',(2.,2.,0.));
#3401=CARTESIAN_POINT('Origin',(0.,2.,0.));
#3402=CARTESIAN_POINT('',(-15.,2.,0.));
#3403=CARTESIAN_POINT('Origin',(0.,0.,0.));
#3404=CARTESIAN_POINT('',(-15.,0.,0.));
#3405=CARTESIAN_POINT('Origin',(2.,-5.5,2.1));
#3406=CARTESIAN_POINT('',(-2.,-7.5,0.));
#3407=CARTESIAN_POINT('',(2.,-7.5,0.));
#3408=CARTESIAN_POINT('',(-2.,-3.5,0.));
#3409=CARTESIAN_POINT('Origin',(-2.,-5.5,2.1));
#3410=CARTESIAN_POINT('',(2.,-3.5,0.));
#3411=CARTESIAN_POINT('Origin',(-2.,-5.5,2.1));
#3412=CARTESIAN_POINT('',(-2.,-12.7605115638521,0.));
#3413=CARTESIAN_POINT('Origin',(-30.,-20.0210231277042,0.));
#3414=CARTESIAN_POINT('Origin',(-30.,-20.0210231277042,0.));
#3415=CARTESIAN_POINT('Origin',(-30.,-20.0210231277042,0.));
#3416=CARTESIAN_POINT('',(-57.,-15.,0.));
#3417=CARTESIAN_POINT('',(-54.1547005383792,-15.,0.));
#3418=CARTESIAN_POINT('',(-42.5,-15.,0.));
#3419=CARTESIAN_POINT('',(-57.,-11.,0.));
#3420=CARTESIAN_POINT('',(-57.,-10.0105115638521,0.));
#3421=CARTESIAN_POINT('',(-62.,-11.,0.));
#3422=CARTESIAN_POINT('',(-57.,-11.,0.));
#3423=CARTESIAN_POINT('',(-62.,-10.5,0.));
#3424=CARTESIAN_POINT('',(-62.,-13.2605115638521,0.));
#3425=CARTESIAN_POINT('',(-55.,-10.5,0.));
#3426=CARTESIAN_POINT('',(-55.9,-10.5,0.));
#3427=CARTESIAN_POINT('',(-55.,-13.,0.));
#3428=CARTESIAN_POINT('',(-55.,-10.0105115638521,0.));
#3429=CARTESIAN_POINT('',(-53.,-13.,0.));
#3430=CARTESIAN_POINT('',(-42.5,-13.,0.));
#3431=CARTESIAN_POINT('',(-51.1176269559495,-16.2603657510936,0.));
#3432=CARTESIAN_POINT('',(-48.6049039027125,-20.6125297446496,0.));
#3433=CARTESIAN_POINT('',(-50.6770507769905,-13.9999997695349,0.));
#3434=CARTESIAN_POINT('Origin',(-49.,-15.5,0.));
#3435=CARTESIAN_POINT('',(-52.3999982699752,-13.9999997317791,0.));
#3436=CARTESIAN_POINT('',(-41.1999990690168,-13.99999997721,0.));
#3437=CARTESIAN_POINT('',(-48.4071009533116,-20.6547936375048,0.));
#3438=CARTESIAN_POINT('',(-53.0000011622906,-12.5000001639128,0.));
#3439=CARTESIAN_POINT('',(-53.0000011622906,-16.2605116458085,0.));
#3440=CARTESIAN_POINT('',(-43.5000011622906,-12.5000001639128,0.));
#3441=CARTESIAN_POINT('',(-36.5000005811453,-12.5000001639128,0.));
#3442=CARTESIAN_POINT('',(-43.0000011622906,-13.0000001639128,0.));
#3443=CARTESIAN_POINT('Origin',(-43.5000011622906,-13.0000001639128,0.));
#3444=CARTESIAN_POINT('',(-43.0000011622906,-13.499999926809,0.));
#3445=CARTESIAN_POINT('',(-43.0000011622906,-17.010511532735,0.));
#3446=CARTESIAN_POINT('',(-43.5000011732473,-13.999999926809,0.));
#3447=CARTESIAN_POINT('Origin',(-43.5000011622906,-13.499999926809,0.));
#3448=CARTESIAN_POINT('',(-47.322949157269,-13.9999998430349,0.));
#3449=CARTESIAN_POINT('',(-41.1999990690168,-13.99999997721,0.));
#3450=CARTESIAN_POINT('',(-50.7173095345894,-16.9537358640441,0.));
#3451=CARTESIAN_POINT('Origin',(-49.,-15.5,0.));
#3452=CARTESIAN_POINT('',(-35.6794919243113,-43.,0.));
#3453=CARTESIAN_POINT('',(-48.6049039027125,-20.6125297446496,0.));
#3454=CARTESIAN_POINT('',(0.,-43.,0.));
#3455=CARTESIAN_POINT('',(-32.8397459621556,-43.,0.));
#3456=CARTESIAN_POINT('',(0.,-14.0000002086163,0.));
#3457=CARTESIAN_POINT('',(0.,-31.5105115638521,0.));
#3458=CARTESIAN_POINT('',(-5.,-14.0000002086163,0.));
#3459=CARTESIAN_POINT('',(-17.5,-14.0000002086163,0.));
#3460=CARTESIAN_POINT('',(-5.,-13.,0.));
#3461=CARTESIAN_POINT('',(-5.,-16.5105115638521,0.));
#3462=CARTESIAN_POINT('',(0.,-13.,0.));
#3463=CARTESIAN_POINT('',(-15.,-13.,0.));
#3464=CARTESIAN_POINT('',(0.,-7.5,0.));
#3465=CARTESIAN_POINT('',(0.,-31.5105115638521,0.));
#3466=CARTESIAN_POINT('',(-2.,-7.5,0.));
#3467=CARTESIAN_POINT('',(2.,-7.5,0.));
#3468=CARTESIAN_POINT('',(-2.,-3.5,0.));
#3469=CARTESIAN_POINT('',(-2.,-12.7605115638521,0.));
#3470=CARTESIAN_POINT('',(0.,-3.5,0.));
#3471=CARTESIAN_POINT('',(2.,-3.5,0.));
#3472=CARTESIAN_POINT('',(0.,0.,0.));
#3473=CARTESIAN_POINT('',(0.,-31.5105115638521,0.));
#3474=CARTESIAN_POINT('',(-55.,0.,0.));
#3475=CARTESIAN_POINT('',(-15.,0.,0.));
#3476=CARTESIAN_POINT('',(-55.,-2.5,-4.89858719658941E-16));
#3477=CARTESIAN_POINT('',(-55.,-10.0105115638521,0.));
#3478=CARTESIAN_POINT('',(-62.,-2.5,0.));
#3479=CARTESIAN_POINT('',(-55.9,-2.5,0.));
#3480=CARTESIAN_POINT('',(-62.,-2.,0.));
#3481=CARTESIAN_POINT('',(-62.,-13.2605115638521,0.));
#3482=CARTESIAN_POINT('',(-57.,-2.,0.));
#3483=CARTESIAN_POINT('',(-57.,-2.,0.));
#3484=CARTESIAN_POINT('',(-57.,2.,0.));
#3485=CARTESIAN_POINT('',(-57.,-10.0105115638521,0.));
#3486=CARTESIAN_POINT('',(2.,2.,0.));
#3487=CARTESIAN_POINT('',(-15.,2.,0.));
#3488=CARTESIAN_POINT('',(2.,-45.,0.));
#3489=CARTESIAN_POINT('',(2.,-31.5105115638521,0.));
#3490=CARTESIAN_POINT('',(-8.83419246269051,-45.,0.));
#3491=CARTESIAN_POINT('',(-32.8397459621556,-45.,0.));
#3492=CARTESIAN_POINT('',(-8.8341924626905,-48.,0.));
#3493=CARTESIAN_POINT('',(-8.83419246269052,-32.5105115638521,0.));
#3494=CARTESIAN_POINT('',(-58.8341924626905,-48.,0.));
#3495=CARTESIAN_POINT('',(-31.9170962313452,-48.,0.));
#3496=CARTESIAN_POINT('',(-58.8341924626906,-43.0000006407499,0.));
#3497=CARTESIAN_POINT('',(-58.8341924626905,-32.5105115638522,0.));
#3498=CARTESIAN_POINT('',(-57.8341924626906,-43.0000006407499,0.));
#3499=CARTESIAN_POINT('',(-44.4170962313453,-43.0000006407499,0.));
#3500=CARTESIAN_POINT('',(-57.8341924626906,-45.,0.));
#3501=CARTESIAN_POINT('',(-57.8341924626906,-32.7605117240396,0.));
#3502=CARTESIAN_POINT('',(-36.8341924626905,-45.,0.));
#3503=CARTESIAN_POINT('',(-31.9170962313452,-45.,0.));
#3504=CARTESIAN_POINT('',(-50.3369547102814,-21.6125297446496,0.));
#3505=CARTESIAN_POINT('',(-50.25,-15.5,0.));
#3506=CARTESIAN_POINT('Origin',(-49.,-15.5,0.));
#3507=CARTESIAN_POINT('Origin',(-30.,-20.0210231277042,0.));
#3508=CARTESIAN_POINT('',(-10.25,-38.,0.));
#3509=CARTESIAN_POINT('Origin',(-8.,-38.,0.));
#3510=CARTESIAN_POINT('',(-9.25,-38.,0.));
#3511=CARTESIAN_POINT('Origin',(-8.,-38.,0.));
#3512=CARTESIAN_POINT('Origin',(0.,-13.,0.));
#3513=CARTESIAN_POINT('',(-5.,-13.,8.));
#3514=CARTESIAN_POINT('',(-5.,-13.,0.));
#3515=CARTESIAN_POINT('',(0.,-13.,8.));
#3516=CARTESIAN_POINT('',(0.,-13.,8.));
#3517=CARTESIAN_POINT('',(0.,-13.,0.));
#3518=CARTESIAN_POINT('Origin',(-5.,-13.,0.));
#3519=CARTESIAN_POINT('',(-5.,-14.0000002086163,8.));
#3520=CARTESIAN_POINT('',(-5.,-14.0000002086163,0.));
#3521=CARTESIAN_POINT('',(-5.,-13.,8.));
#3522=CARTESIAN_POINT('Origin',(-5.,-14.0000002086163,0.));
#3523=CARTESIAN_POINT('',(0.,-14.0000002086163,8.));
#3524=CARTESIAN_POINT('',(0.,-14.0000002086163,0.));
#3525=CARTESIAN_POINT('',(-5.,-14.0000002086163,8.));
#3526=CARTESIAN_POINT('Origin',(0.,-43.,0.));
#3527=CARTESIAN_POINT('',(0.,0.,8.));
#3528=CARTESIAN_POINT('',(0.,-32.25,8.));
#3529=CARTESIAN_POINT('',(0.,0.,0.));
#3530=CARTESIAN_POINT('Origin',(0.,-5.5,2.1));
#3531=CARTESIAN_POINT('Origin',(0.,-43.,0.));
#3532=CARTESIAN_POINT('',(0.,-43.,8.));
#3533=CARTESIAN_POINT('',(0.,-43.,0.));
#3534=CARTESIAN_POINT('',(0.,-32.25,8.));
#3535=CARTESIAN_POINT('Origin',(-35.6794919243113,-43.,0.));
#3536=CARTESIAN_POINT('',(-35.6794919243113,-43.,8.));
#3537=CARTESIAN_POINT('',(-35.6794919243113,-43.,0.));
#3538=CARTESIAN_POINT('',(-31.5897459621556,-43.,8.));
#3539=CARTESIAN_POINT('Origin',(-53.,-13.,0.));
#3540=CARTESIAN_POINT('',(-50.7173095345894,-16.9537358640441,8.));
#3541=CARTESIAN_POINT('',(-50.7173095345894,-16.9537358640441,0.));
#3542=CARTESIAN_POINT('',(-47.9721960169581,-21.7084119491258,8.));
#3543=CARTESIAN_POINT('Origin',(-49.,-15.5,0.));
#3544=CARTESIAN_POINT('',(-47.322949157269,-13.9999998430349,8.));
#3545=CARTESIAN_POINT('',(-47.322949157269,-13.9999998430349,0.));
#3546=CARTESIAN_POINT('Origin',(-49.,-15.5,8.));
#3547=CARTESIAN_POINT('Origin',(-52.3999982699752,-13.9999997317791,0.));
#3548=CARTESIAN_POINT('',(-43.5000011732473,-13.999999926809,8.));
#3549=CARTESIAN_POINT('',(-43.5000011732473,-13.999999926809,0.));
#3550=CARTESIAN_POINT('',(-52.3999982699752,-13.9999997317791,8.));
#3551=CARTESIAN_POINT('Origin',(-43.5000011622906,-13.499999926809,0.));
#3552=CARTESIAN_POINT('',(-43.0000011622906,-13.499999926809,8.));
#3553=CARTESIAN_POINT('',(-43.0000011622906,-13.499999926809,0.));
#3554=CARTESIAN_POINT('Origin',(-43.5000011622906,-13.499999926809,8.));
#3555=CARTESIAN_POINT('Origin',(-43.0000011622906,-13.9999999377657,0.));
#3556=CARTESIAN_POINT('',(-43.0000011622906,-13.0000001639128,8.));
#3557=CARTESIAN_POINT('',(-43.0000011622906,-13.0000001639128,0.));
#3558=CARTESIAN_POINT('',(-43.0000011622906,-12.5000001639128,8.));
#3559=CARTESIAN_POINT('Origin',(-43.5000011622906,-13.0000001639128,0.));
#3560=CARTESIAN_POINT('',(-43.5000011622906,-12.5000001639128,8.));
#3561=CARTESIAN_POINT('',(-43.5000011622906,-12.5000001639128,0.));
#3562=CARTESIAN_POINT('Origin',(-43.5000011622906,-13.0000001639128,8.));
#3563=CARTESIAN_POINT('Origin',(-43.0000011622906,-12.5000001639128,0.));
#3564=CARTESIAN_POINT('',(-53.0000011622906,-12.5000001639128,8.));
#3565=CARTESIAN_POINT('',(-53.0000011622906,-12.5000001639128,0.));
#3566=CARTESIAN_POINT('',(-53.0000011622906,-12.5000001639128,8.));
#3567=CARTESIAN_POINT('Origin',(-49.,-15.5,0.));
#3568=CARTESIAN_POINT('',(-51.1176269559495,-16.2603657510936,8.));
#3569=CARTESIAN_POINT('',(-51.1176269559495,-16.2603657510936,0.));
#3570=CARTESIAN_POINT('',(-50.6770507769905,-13.9999997695349,8.));
#3571=CARTESIAN_POINT('Origin',(-49.,-15.5,8.));
#3572=CARTESIAN_POINT('',(-50.6770507769905,-13.9999997695349,0.));
#3573=CARTESIAN_POINT('Origin',(-53.0000011622906,-12.5000001639128,0.));
#3574=CARTESIAN_POINT('',(-53.0000011622906,-13.0000001639128,8.));
#3575=CARTESIAN_POINT('',(-53.,-13.,0.));
#3576=CARTESIAN_POINT('',(-53.0000011622906,-13.0000001639128,8.));
#3577=CARTESIAN_POINT('Origin',(-53.,-13.,0.));
#3578=CARTESIAN_POINT('',(-53.,-13.,0.));
#3579=CARTESIAN_POINT('',(-47.9721960169581,-21.7084119491258,8.));
#3580=CARTESIAN_POINT('Origin',(-55.,-13.,0.));
#3581=CARTESIAN_POINT('',(-55.,-13.,8.));
#3582=CARTESIAN_POINT('',(-55.,-13.,0.));
#3583=CARTESIAN_POINT('',(-41.25,-13.,8.));
#3584=CARTESIAN_POINT('Origin',(-57.,-6.5,0.));
#3585=CARTESIAN_POINT('Origin',(-62.,-6.5,0.));
#3586=CARTESIAN_POINT('Origin',(-57.,-6.5,0.));
#3587=CARTESIAN_POINT('Origin',(-62.,-6.5,0.));
#3588=CARTESIAN_POINT('Origin',(-62.,-6.5,0.));
#3589=CARTESIAN_POINT('Origin',(-26.,4.9579537445916,6.));
#3590=CARTESIAN_POINT('',(-31.9998526742251,2.,6.));
#3591=CARTESIAN_POINT('',(-20.0001473257749,2.,6.));
#3592=CARTESIAN_POINT('',(-13.,2.,6.));
#3593=CARTESIAN_POINT('Origin',(-26.,1.9579537445916,6.));
#3594=CARTESIAN_POINT('',(-27.25,4.9579537445916,6.));
#3595=CARTESIAN_POINT('Origin',(-26.,4.9579537445916,6.));
#3596=CARTESIAN_POINT('Origin',(-26.,4.9579537445916,8.));
#3597=CARTESIAN_POINT('',(-27.25,4.9579537445916,8.));
#3598=CARTESIAN_POINT('',(-27.25,4.9579537445916,8.));
#3599=CARTESIAN_POINT('Origin',(-26.,4.9579537445916,8.));
#3600=CARTESIAN_POINT('Origin',(-26.,1.9579537445916,8.));
#3601=CARTESIAN_POINT('',(-20.0001473257749,2.,8.));
#3602=CARTESIAN_POINT('',(-20.0001473257749,2.,8.));
#3603=CARTESIAN_POINT('',(-31.9998526742251,2.,8.));
#3604=CARTESIAN_POINT('',(-31.9998526742251,2.,8.));
#3605=CARTESIAN_POINT('Origin',(-26.,1.9579537445916,8.));
#3606=CARTESIAN_POINT('Origin',(-26.,4.9579537445916,8.));
#3607=CARTESIAN_POINT('',(-13.,2.,8.));
#3608=CARTESIAN_POINT('Origin',(2.,-5.5,2.1));
#3609=CARTESIAN_POINT('Origin',(-2.,-5.5,2.1));
#3610=CARTESIAN_POINT('Origin',(-2.,-5.5,2.1));
#3611=CARTESIAN_POINT('Origin',(-57.8341924626906,-45.500000320375,-0.100000037252903));
#3612=CARTESIAN_POINT('',(-57.8341924626906,-43.0000006407499,4.8));
#3613=CARTESIAN_POINT('',(-57.8341924626906,-43.0000006407499,-5.00000007450581));
#3614=CARTESIAN_POINT('',(-57.8341924626906,-46.6,4.8));
#3615=CARTESIAN_POINT('',(-57.8341924626906,-43.0000006407499,4.8));
#3616=CARTESIAN_POINT('',(-57.8341924626906,-46.6,0.85));
#3617=CARTESIAN_POINT('',(-57.8341924626906,-46.6,-0.0500000186264515));
#3618=CARTESIAN_POINT('',(-57.8341924626906,-45.,0.85));
#3619=CARTESIAN_POINT('',(-57.8341924626906,-45.2500001601875,0.85));
#3620=CARTESIAN_POINT('',(-57.8341924626906,-45.,-0.0500000186264515));
#3621=CARTESIAN_POINT('Origin',(-58.8341924626906,-43.0000006407499,-5.00000007450581));
#3622=CARTESIAN_POINT('',(-58.8341924626906,-43.0000006407499,4.8));
#3623=CARTESIAN_POINT('',(-58.8341924626906,-43.0000006407499,-5.00000007450581));
#3624=CARTESIAN_POINT('',(-58.8341924626906,-43.0000006407499,4.8));
#3625=CARTESIAN_POINT('Origin',(-33.8341924626905,-46.6,0.));
#3626=CARTESIAN_POINT('',(-8.8341924626905,-46.6,4.8));
#3627=CARTESIAN_POINT('',(-58.8341924626905,-46.6,4.8));
#3628=CARTESIAN_POINT('',(-8.8341924626905,-46.6,0.85));
#3629=CARTESIAN_POINT('',(-8.8341924626905,-46.6,4.8));
#3630=CARTESIAN_POINT('',(-58.8341924626905,-46.6,0.85));
#3631=CARTESIAN_POINT('Origin',(-8.8341924626905,-46.6,4.8));
#3632=CARTESIAN_POINT('',(-8.8341924626905,-48.,4.8));
#3633=CARTESIAN_POINT('',(-58.8341924626905,-48.,4.8));
#3634=CARTESIAN_POINT('',(-58.8341924626905,-48.,4.8));
#3635=CARTESIAN_POINT('',(-8.8341924626905,-46.6,4.8));
#3636=CARTESIAN_POINT('',(-58.8341924626905,-46.6,4.8));
#3637=CARTESIAN_POINT('Origin',(-33.8341924626905,-48.,0.));
#3638=CARTESIAN_POINT('',(-8.8341924626905,-48.,4.8));
#3639=CARTESIAN_POINT('',(-58.8341924626905,-48.,-4.8));
#3640=CARTESIAN_POINT('Origin',(-58.8341924626905,-45.,0.85));
#3641=CARTESIAN_POINT('Origin',(-8.8341924626905,-45.,0.85));
#3642=CARTESIAN_POINT('',(-8.83419246269051,-45.,0.85));
#3643=CARTESIAN_POINT('',(-8.83419246269051,-45.,0.85));
#3644=CARTESIAN_POINT('',(-36.8341924626905,-45.,0.85));
#3645=CARTESIAN_POINT('',(-22.2568421935009,-45.,0.85));
#3646=CARTESIAN_POINT('',(-58.8341924626905,-45.,0.85));
#3647=CARTESIAN_POINT('Origin',(-8.83419246269051,-45.,-0.85));
#3648=CARTESIAN_POINT('',(-8.83419246269051,-45.,-0.425));
#3649=CARTESIAN_POINT('Origin',(-33.8341924626905,-45.,0.));
#3650=CARTESIAN_POINT('',(-36.8341924626905,-45.,0.));
#3651=CARTESIAN_POINT('Origin',(-25.35,-15.,20.));
#3652=CARTESIAN_POINT('',(-25.35,-15.,21.25));
#3653=CARTESIAN_POINT('Origin',(-25.35,-15.,20.));
#3654=CARTESIAN_POINT('',(-27.35,-15.,21.25));
#3655=CARTESIAN_POINT('',(-25.35,-15.,21.25));
#3656=CARTESIAN_POINT('Origin',(-27.3500000298023,-15.,20.));
#3657=CARTESIAN_POINT('Origin',(-25.35,-33.5,20.));
#3658=CARTESIAN_POINT('',(-25.35,-33.5,21.25));
#3659=CARTESIAN_POINT('Origin',(-25.35,-33.5,20.));
#3660=CARTESIAN_POINT('',(-27.35,-33.5,21.25));
#3661=CARTESIAN_POINT('',(-25.35,-33.5,21.25));
#3662=CARTESIAN_POINT('Origin',(-27.3500000298023,-33.5,20.));
#3663=CARTESIAN_POINT('Origin',(-27.3500000298023,-37.25,10.));
#3664=CARTESIAN_POINT('',(-25.35,-37.25,10.));
#3665=CARTESIAN_POINT('',(-27.3500000298023,-37.25,10.));
#3666=CARTESIAN_POINT('',(-27.4250000149012,-37.25,10.));
#3667=CARTESIAN_POINT('',(-25.35,-37.25,30.));
#3668=CARTESIAN_POINT('',(-25.35,-37.25,10.));
#3669=CARTESIAN_POINT('',(-27.3500000298023,-37.25,30.));
#3670=CARTESIAN_POINT('',(-27.3500000298023,-37.25,30.));
#3671=CARTESIAN_POINT('',(-27.3500000298023,-37.25,10.));
#3672=CARTESIAN_POINT('Origin',(-27.3500000298023,-11.25,10.));
#3673=CARTESIAN_POINT('',(-27.3500000298023,-11.25,10.));
#3674=CARTESIAN_POINT('',(-27.3500000298023,-16.375,10.));
#3675=CARTESIAN_POINT('',(-27.3500000298023,-11.25,30.));
#3676=CARTESIAN_POINT('',(-27.3500000298023,-11.25,30.));
#3677=CARTESIAN_POINT('',(-27.3500000298023,-11.25,10.));
#3678=CARTESIAN_POINT('Origin',(-25.35,-11.25,10.));
#3679=CARTESIAN_POINT('',(-25.35,-11.25,10.));
#3680=CARTESIAN_POINT('',(-26.425,-11.25,10.));
#3681=CARTESIAN_POINT('',(-25.35,-11.25,30.));
#3682=CARTESIAN_POINT('',(-25.35,-11.25,30.));
#3683=CARTESIAN_POINT('',(-25.35,-11.25,10.));
#3684=CARTESIAN_POINT('Origin',(-25.35,-37.25,10.));
#3685=CARTESIAN_POINT('',(-25.35,-29.375,10.));
#3686=CARTESIAN_POINT('',(-25.35,-37.25,30.));
#3687=CARTESIAN_POINT('Origin',(-26.3500000149012,-24.25,30.));
#3688=CARTESIAN_POINT('Origin',(-24.75,-17.25,10.));
#3689=CARTESIAN_POINT('',(-24.75,-17.25,10.));
#3690=CARTESIAN_POINT('',(-13.25,-17.25,10.));
#3691=CARTESIAN_POINT('',(-26.125,-17.25,10.));
#3692=CARTESIAN_POINT('',(-24.75,-17.25,8.));
#3693=CARTESIAN_POINT('',(-24.75,-17.25,10.));
#3694=CARTESIAN_POINT('',(-13.25,-17.25,8.));
#3695=CARTESIAN_POINT('',(-26.125,-17.25,8.));
#3696=CARTESIAN_POINT('',(-13.25,-17.25,10.));
#3697=CARTESIAN_POINT('Origin',(-24.75,-31.25,10.));
#3698=CARTESIAN_POINT('',(-24.75,-31.25,10.));
#3699=CARTESIAN_POINT('',(-24.75,-26.375,10.));
#3700=CARTESIAN_POINT('',(-24.75,-31.25,8.));
#3701=CARTESIAN_POINT('',(-24.75,-31.25,10.));
#3702=CARTESIAN_POINT('',(-24.75,-26.375,8.));
#3703=CARTESIAN_POINT('Origin',(-13.25,-31.25,10.));
#3704=CARTESIAN_POINT('',(-13.25,-31.25,10.));
#3705=CARTESIAN_POINT('',(-20.375,-31.25,10.));
#3706=CARTESIAN_POINT('',(-13.25,-31.25,8.));
#3707=CARTESIAN_POINT('',(-13.25,-31.25,10.));
#3708=CARTESIAN_POINT('',(-20.375,-31.25,8.));
#3709=CARTESIAN_POINT('Origin',(-13.25,-17.25,10.));
#3710=CARTESIAN_POINT('',(-13.25,-19.375,10.));
#3711=CARTESIAN_POINT('',(-13.25,-19.375,8.));
#3712=CARTESIAN_POINT('Origin',(-55.9,-6.5,0.));
#3713=CARTESIAN_POINT('Origin',(-55.,-6.5,0.));
#3714=CARTESIAN_POINT('Origin',(-27.5,-21.5,8.));
#3715=CARTESIAN_POINT('',(-55.,0.,8.));
#3716=CARTESIAN_POINT('',(-55.,-10.75,8.));
#3717=CARTESIAN_POINT('',(-13.75,0.,8.));
#3718=CARTESIAN_POINT('',(-10.25,-38.,8.));
#3719=CARTESIAN_POINT('Origin',(-8.,-38.,8.));
#3720=CARTESIAN_POINT('Origin',(-27.5,-21.5,8.));
#3721=CARTESIAN_POINT('',(-52.3999982699752,-13.9999997317791,8.));
#3722=CARTESIAN_POINT('',(-52.3999982699752,-13.9999997317791,8.));
#3723=CARTESIAN_POINT('',(-52.3999982699752,-13.9999997317791,8.));
#3724=CARTESIAN_POINT('Origin',(0.,0.,0.));
#3725=CARTESIAN_POINT('',(-55.,0.,0.));
#3726=CARTESIAN_POINT('Origin',(-55.,0.,0.));
#3727=CARTESIAN_POINT('Origin',(-49.,-15.5,0.));
#3728=CARTESIAN_POINT('',(-50.25,-15.5,10.));
#3729=CARTESIAN_POINT('',(-50.25,-15.5,0.));
#3730=CARTESIAN_POINT('Origin',(-49.,-15.5,10.));
#3731=CARTESIAN_POINT('Origin',(-53.0000011622906,-13.0000001639128,0.));
#3732=CARTESIAN_POINT('',(-52.3999982699752,-13.9999997317791,0.));
#3733=CARTESIAN_POINT('Origin',(-52.3999982699752,-13.9999997317791,0.));
#3734=CARTESIAN_POINT('Origin',(-55.,-15.,0.));
#3735=CARTESIAN_POINT('',(-54.1547005383793,-15.,10.));
#3736=CARTESIAN_POINT('',(-54.1547005383792,-15.,0.));
#3737=CARTESIAN_POINT('',(-57.,-15.,10.));
#3738=CARTESIAN_POINT('',(-41.25,-15.,10.));
#3739=CARTESIAN_POINT('',(-57.,-15.,0.));
#3740=CARTESIAN_POINT('Origin',(-57.,0.,0.));
#3741=CARTESIAN_POINT('',(-57.,2.,10.));
#3742=CARTESIAN_POINT('',(-57.,-10.75,10.));
#3743=CARTESIAN_POINT('',(-57.,2.,0.));
#3744=CARTESIAN_POINT('Origin',(0.,2.,0.));
#3745=CARTESIAN_POINT('',(2.,2.,10.));
#3746=CARTESIAN_POINT('',(-13.75,2.,10.));
#3747=CARTESIAN_POINT('',(2.,2.,0.));
#3748=CARTESIAN_POINT('Origin',(2.,-43.,0.));
#3749=CARTESIAN_POINT('',(2.,-45.,10.));
#3750=CARTESIAN_POINT('',(2.,-32.25,10.));
#3751=CARTESIAN_POINT('',(2.,-45.,0.));
#3752=CARTESIAN_POINT('Origin',(-35.6794919243113,-45.,0.));
#3753=CARTESIAN_POINT('',(-36.8341924626905,-45.,10.));
#3754=CARTESIAN_POINT('',(-31.5897459621556,-45.,10.));
#3755=CARTESIAN_POINT('',(-36.8341924626905,-45.,0.));
#3756=CARTESIAN_POINT('Origin',(-54.7320508075689,-14.,0.));
#3757=CARTESIAN_POINT('',(-49.704246824527,-22.7084119491258,10.));
#3758=CARTESIAN_POINT('Origin',(-27.5,-21.5,10.));
#3759=CARTESIAN_POINT('',(-9.25,-38.,10.));
#3760=CARTESIAN_POINT('Origin',(-8.,-38.,10.));
#3761=CARTESIAN_POINT('Origin',(-8.,-38.,0.));
#3762=CARTESIAN_POINT('',(-9.25,-38.,0.));
#3763=CARTESIAN_POINT('Origin',(-8.,-38.,0.));
#3764=CARTESIAN_POINT('',(-10.25,-38.,0.));
#3765=UNCERTAINTY_MEASURE_WITH_UNIT(LENGTH_MEASURE(0.01),#3769,
'DISTANCE_ACCURACY_VALUE',
'Maximum model space distance between geometric entities at asserted c
onnectivities');
#3766=UNCERTAINTY_MEASURE_WITH_UNIT(LENGTH_MEASURE(0.01),#3769,
'DISTANCE_ACCURACY_VALUE',
'Maximum model space distance between geometric entities at asserted c
onnectivities');
#3767=(
GEOMETRIC_REPRESENTATION_CONTEXT(3)
GLOBAL_UNCERTAINTY_ASSIGNED_CONTEXT((#3765))
GLOBAL_UNIT_ASSIGNED_CONTEXT((#3769,#3771,#3772))
REPRESENTATION_CONTEXT('','3D')
);
#3768=(
GEOMETRIC_REPRESENTATION_CONTEXT(3)
GLOBAL_UNCERTAINTY_ASSIGNED_CONTEXT((#3766))
GLOBAL_UNIT_ASSIGNED_CONTEXT((#3769,#3771,#3772))
REPRESENTATION_CONTEXT('','3D')
);
#3769=(
LENGTH_UNIT()
NAMED_UNIT(*)
SI_UNIT(.MILLI.,.METRE.)
);
#3770=(
LENGTH_UNIT()
NAMED_UNIT(*)
SI_UNIT($,.METRE.)
);
#3771=(
NAMED_UNIT(*)
PLANE_ANGLE_UNIT()
SI_UNIT($,.RADIAN.)
);
#3772=(
NAMED_UNIT(*)
SI_UNIT($,.STERADIAN.)
SOLID_ANGLE_UNIT()
);
#3773=SHAPE_DEFINITION_REPRESENTATION(#3774,#3775);
#3774=PRODUCT_DEFINITION_SHAPE('',$,#3777);
#3775=SHAPE_REPRESENTATION('',(#2323),#3767);
#3776=PRODUCT_DEFINITION_CONTEXT('part definition',#3781,'design');
#3777=PRODUCT_DEFINITION('2026-09-24-00-25-59-238',
'Shooting_Enclosure_Ver2',#3778,#3776);
#3778=PRODUCT_DEFINITION_FORMATION('',$,#3783);
#3779=PRODUCT_RELATED_PRODUCT_CATEGORY('Shooting_Enclosure_Ver2',
'Shooting_Enclosure_Ver2',(#3783));
#3780=APPLICATION_PROTOCOL_DEFINITION('international standard',
'automotive_design',2009,#3781);
#3781=APPLICATION_CONTEXT(
'Core Data for Automotive Mechanical Design Process');
#3782=PRODUCT_CONTEXT('part definition',#3781,'mechanical');
#3783=PRODUCT('2026-09-24-00-25-59-238','Shooting_Enclosure_Ver2',$,(#3782));
#3784=PRESENTATION_STYLE_ASSIGNMENT((#3785));
#3785=SURFACE_STYLE_USAGE(.BOTH.,#3786);
#3786=SURFACE_SIDE_STYLE('',(#3787));
#3787=SURFACE_STYLE_FILL_AREA(#3788);
#3788=FILL_AREA_STYLE('Steel - Satin',(#3789));
#3789=FILL_AREA_STYLE_COLOUR('Steel - Satin',#3790);
#3790=COLOUR_RGB('Steel - Satin',0.627450980392157,0.627450980392157,0.627450980392157);
ENDSEC;
END-ISO-10303-21;
