ISO-10303-21;
HEADER;
/* Generated by software containing ST-Developer
 * from STEP Tools, Inc. (www.steptools.com) 
 */

FILE_DESCRIPTION(
/* description */ (''),
/* implementation_level */ '2;1');

FILE_NAME(
/* name */ 'Shooting_Enclosure_Final.step',
/* time_stamp */ '2026-09-22T17:57:21+05:30',
/* author */ (''),
/* organization */ (''),
/* preprocessor_version */ 'ST-DEVELOPER v20.2',
/* originating_system */ 'Autodesk Translation Framework v15.15.0.0',
/* authorisation */ '');

FILE_SCHEMA (('AUTOMOTIVE_DESIGN { 1 0 10303 214 3 1 1 }'));
ENDSEC;

DATA;
#10=MECHANICAL_DESIGN_GEOMETRIC_PRESENTATION_REPRESENTATION('',(#13,#14),
#3830);
#11=SHAPE_REPRESENTATION_RELATIONSHIP('SRR','None',#3837,#12);
#12=ADVANCED_BREP_SHAPE_REPRESENTATION('',(#15,#16),#3829);
#13=STYLED_ITEM('',(#3846),#15);
#14=STYLED_ITEM('',(#3846),#16);
#15=MANIFOLD_SOLID_BREP('Body1',#2355);
#16=MANIFOLD_SOLID_BREP('Body11',#2356);
#17=CYLINDRICAL_SURFACE('',#2373,1.25);
#18=CYLINDRICAL_SURFACE('',#2375,6.);
#19=CYLINDRICAL_SURFACE('',#2380,2.25);
#20=CYLINDRICAL_SURFACE('',#2384,0.5);
#21=CYLINDRICAL_SURFACE('',#2399,2.25);
#22=CYLINDRICAL_SURFACE('',#2403,0.5);
#23=CYLINDRICAL_SURFACE('',#2408,1.5);
#24=CYLINDRICAL_SURFACE('',#2418,2.9);
#25=CYLINDRICAL_SURFACE('',#2420,1.25);
#26=CYLINDRICAL_SURFACE('',#2422,2.25);
#27=CYLINDRICAL_SURFACE('',#2424,1.25);
#28=CYLINDRICAL_SURFACE('',#2430,5.);
#29=CYLINDRICAL_SURFACE('',#2453,1.25);
#30=CYLINDRICAL_SURFACE('',#2455,6.);
#31=CYLINDRICAL_SURFACE('',#2467,2.9);
#32=CYLINDRICAL_SURFACE('',#2477,2.25);
#33=CYLINDRICAL_SURFACE('',#2480,0.5);
#34=CYLINDRICAL_SURFACE('',#2483,0.5);
#35=CYLINDRICAL_SURFACE('',#2486,2.25);
#36=CYLINDRICAL_SURFACE('',#2500,1.25);
#37=CYLINDRICAL_SURFACE('',#2503,1.25);
#38=CYLINDRICAL_SURFACE('',#2515,5.);
#39=CYLINDRICAL_SURFACE('',#2521,1.25);
#40=CYLINDRICAL_SURFACE('',#2523,2.25);
#41=CYLINDRICAL_SURFACE('',#2529,1.25);
#42=FACE_BOUND('',#189,.T.);
#43=FACE_BOUND('',#193,.T.);
#44=FACE_BOUND('',#201,.T.);
#45=FACE_BOUND('',#202,.T.);
#46=FACE_BOUND('',#203,.T.);
#47=FACE_BOUND('',#218,.T.);
#48=FACE_BOUND('',#219,.T.);
#49=FACE_BOUND('',#247,.T.);
#50=FACE_BOUND('',#251,.T.);
#51=FACE_BOUND('',#253,.T.);
#52=FACE_BOUND('',#255,.T.);
#53=FACE_BOUND('',#259,.T.);
#54=FACE_BOUND('',#261,.T.);
#55=FACE_BOUND('',#263,.T.);
#56=FACE_BOUND('',#295,.T.);
#57=FACE_BOUND('',#296,.T.);
#58=FACE_BOUND('',#299,.T.);
#59=FACE_BOUND('',#300,.T.);
#60=FACE_BOUND('',#308,.T.);
#61=FACE_BOUND('',#309,.T.);
#62=FACE_BOUND('',#317,.T.);
#63=FACE_BOUND('',#318,.T.);
#64=FACE_BOUND('',#319,.T.);
#65=FACE_BOUND('',#320,.T.);
#66=FACE_BOUND('',#326,.T.);
#67=FACE_OUTER_BOUND('',#188,.T.);
#68=FACE_OUTER_BOUND('',#190,.T.);
#69=FACE_OUTER_BOUND('',#191,.T.);
#70=FACE_OUTER_BOUND('',#192,.T.);
#71=FACE_OUTER_BOUND('',#194,.T.);
#72=FACE_OUTER_BOUND('',#195,.T.);
#73=FACE_OUTER_BOUND('',#196,.T.);
#74=FACE_OUTER_BOUND('',#197,.T.);
#75=FACE_OUTER_BOUND('',#198,.T.);
#76=FACE_OUTER_BOUND('',#199,.T.);
#77=FACE_OUTER_BOUND('',#200,.T.);
#78=FACE_OUTER_BOUND('',#204,.T.);
#79=FACE_OUTER_BOUND('',#205,.T.);
#80=FACE_OUTER_BOUND('',#206,.T.);
#81=FACE_OUTER_BOUND('',#207,.T.);
#82=FACE_OUTER_BOUND('',#208,.T.);
#83=FACE_OUTER_BOUND('',#209,.T.);
#84=FACE_OUTER_BOUND('',#210,.T.);
#85=FACE_OUTER_BOUND('',#211,.T.);
#86=FACE_OUTER_BOUND('',#212,.T.);
#87=FACE_OUTER_BOUND('',#213,.T.);
#88=FACE_OUTER_BOUND('',#214,.T.);
#89=FACE_OUTER_BOUND('',#215,.T.);
#90=FACE_OUTER_BOUND('',#216,.T.);
#91=FACE_OUTER_BOUND('',#217,.T.);
#92=FACE_OUTER_BOUND('',#220,.T.);
#93=FACE_OUTER_BOUND('',#221,.T.);
#94=FACE_OUTER_BOUND('',#222,.T.);
#95=FACE_OUTER_BOUND('',#223,.T.);
#96=FACE_OUTER_BOUND('',#224,.T.);
#97=FACE_OUTER_BOUND('',#225,.T.);
#98=FACE_OUTER_BOUND('',#226,.T.);
#99=FACE_OUTER_BOUND('',#227,.T.);
#100=FACE_OUTER_BOUND('',#228,.T.);
#101=FACE_OUTER_BOUND('',#229,.T.);
#102=FACE_OUTER_BOUND('',#230,.T.);
#103=FACE_OUTER_BOUND('',#231,.T.);
#104=FACE_OUTER_BOUND('',#232,.T.);
#105=FACE_OUTER_BOUND('',#233,.T.);
#106=FACE_OUTER_BOUND('',#234,.T.);
#107=FACE_OUTER_BOUND('',#235,.T.);
#108=FACE_OUTER_BOUND('',#236,.T.);
#109=FACE_OUTER_BOUND('',#237,.T.);
#110=FACE_OUTER_BOUND('',#238,.T.);
#111=FACE_OUTER_BOUND('',#239,.T.);
#112=FACE_OUTER_BOUND('',#240,.T.);
#113=FACE_OUTER_BOUND('',#241,.T.);
#114=FACE_OUTER_BOUND('',#242,.T.);
#115=FACE_OUTER_BOUND('',#243,.T.);
#116=FACE_OUTER_BOUND('',#244,.T.);
#117=FACE_OUTER_BOUND('',#245,.T.);
#118=FACE_OUTER_BOUND('',#246,.T.);
#119=FACE_OUTER_BOUND('',#248,.T.);
#120=FACE_OUTER_BOUND('',#249,.T.);
#121=FACE_OUTER_BOUND('',#250,.T.);
#122=FACE_OUTER_BOUND('',#252,.T.);
#123=FACE_OUTER_BOUND('',#254,.T.);
#124=FACE_OUTER_BOUND('',#256,.T.);
#125=FACE_OUTER_BOUND('',#257,.T.);
#126=FACE_OUTER_BOUND('',#258,.T.);
#127=FACE_OUTER_BOUND('',#260,.T.);
#128=FACE_OUTER_BOUND('',#262,.T.);
#129=FACE_OUTER_BOUND('',#264,.T.);
#130=FACE_OUTER_BOUND('',#265,.T.);
#131=FACE_OUTER_BOUND('',#266,.T.);
#132=FACE_OUTER_BOUND('',#267,.T.);
#133=FACE_OUTER_BOUND('',#268,.T.);
#134=FACE_OUTER_BOUND('',#269,.T.);
#135=FACE_OUTER_BOUND('',#270,.T.);
#136=FACE_OUTER_BOUND('',#271,.T.);
#137=FACE_OUTER_BOUND('',#272,.T.);
#138=FACE_OUTER_BOUND('',#273,.T.);
#139=FACE_OUTER_BOUND('',#274,.T.);
#140=FACE_OUTER_BOUND('',#275,.T.);
#141=FACE_OUTER_BOUND('',#276,.T.);
#142=FACE_OUTER_BOUND('',#277,.T.);
#143=FACE_OUTER_BOUND('',#278,.T.);
#144=FACE_OUTER_BOUND('',#279,.T.);
#145=FACE_OUTER_BOUND('',#280,.T.);
#146=FACE_OUTER_BOUND('',#281,.T.);
#147=FACE_OUTER_BOUND('',#282,.T.);
#148=FACE_OUTER_BOUND('',#283,.T.);
#149=FACE_OUTER_BOUND('',#284,.T.);
#150=FACE_OUTER_BOUND('',#285,.T.);
#151=FACE_OUTER_BOUND('',#286,.T.);
#152=FACE_OUTER_BOUND('',#287,.T.);
#153=FACE_OUTER_BOUND('',#288,.T.);
#154=FACE_OUTER_BOUND('',#289,.T.);
#155=FACE_OUTER_BOUND('',#290,.T.);
#156=FACE_OUTER_BOUND('',#291,.T.);
#157=FACE_OUTER_BOUND('',#292,.T.);
#158=FACE_OUTER_BOUND('',#293,.T.);
#159=FACE_OUTER_BOUND('',#294,.T.);
#160=FACE_OUTER_BOUND('',#297,.T.);
#161=FACE_OUTER_BOUND('',#298,.T.);
#162=FACE_OUTER_BOUND('',#301,.T.);
#163=FACE_OUTER_BOUND('',#302,.T.);
#164=FACE_OUTER_BOUND('',#303,.T.);
#165=FACE_OUTER_BOUND('',#304,.T.);
#166=FACE_OUTER_BOUND('',#305,.T.);
#167=FACE_OUTER_BOUND('',#306,.T.);
#168=FACE_OUTER_BOUND('',#307,.T.);
#169=FACE_OUTER_BOUND('',#310,.T.);
#170=FACE_OUTER_BOUND('',#311,.T.);
#171=FACE_OUTER_BOUND('',#312,.T.);
#172=FACE_OUTER_BOUND('',#313,.T.);
#173=FACE_OUTER_BOUND('',#314,.T.);
#174=FACE_OUTER_BOUND('',#315,.T.);
#175=FACE_OUTER_BOUND('',#316,.T.);
#176=FACE_OUTER_BOUND('',#321,.T.);
#177=FACE_OUTER_BOUND('',#322,.T.);
#178=FACE_OUTER_BOUND('',#323,.T.);
#179=FACE_OUTER_BOUND('',#324,.T.);
#180=FACE_OUTER_BOUND('',#325,.T.);
#181=FACE_OUTER_BOUND('',#327,.T.);
#182=FACE_OUTER_BOUND('',#328,.T.);
#183=FACE_OUTER_BOUND('',#329,.T.);
#184=FACE_OUTER_BOUND('',#330,.T.);
#185=FACE_OUTER_BOUND('',#331,.T.);
#186=FACE_OUTER_BOUND('',#332,.T.);
#187=FACE_OUTER_BOUND('',#333,.T.);
#188=EDGE_LOOP('',(#1482,#1483));
#189=EDGE_LOOP('',(#1484));
#190=EDGE_LOOP('',(#1485,#1486,#1487,#1488));
#191=EDGE_LOOP('',(#1489,#1490,#1491,#1492));
#192=EDGE_LOOP('',(#1493,#1494));
#193=EDGE_LOOP('',(#1495));
#194=EDGE_LOOP('',(#1496,#1497,#1498,#1499));
#195=EDGE_LOOP('',(#1500,#1501,#1502,#1503));
#196=EDGE_LOOP('',(#1504,#1505,#1506,#1507));
#197=EDGE_LOOP('',(#1508,#1509,#1510,#1511));
#198=EDGE_LOOP('',(#1512,#1513,#1514,#1515));
#199=EDGE_LOOP('',(#1516,#1517,#1518,#1519,#1520,#1521));
#200=EDGE_LOOP('',(#1522,#1523,#1524,#1525,#1526,#1527,#1528,#1529,#1530,
#1531));
#201=EDGE_LOOP('',(#1532));
#202=EDGE_LOOP('',(#1533));
#203=EDGE_LOOP('',(#1534));
#204=EDGE_LOOP('',(#1535,#1536,#1537,#1538));
#205=EDGE_LOOP('',(#1539,#1540,#1541,#1542));
#206=EDGE_LOOP('',(#1543,#1544,#1545,#1546));
#207=EDGE_LOOP('',(#1547,#1548,#1549,#1550));
#208=EDGE_LOOP('',(#1551,#1552,#1553,#1554));
#209=EDGE_LOOP('',(#1555,#1556,#1557,#1558));
#210=EDGE_LOOP('',(#1559,#1560,#1561,#1562));
#211=EDGE_LOOP('',(#1563,#1564,#1565,#1566));
#212=EDGE_LOOP('',(#1567,#1568,#1569,#1570));
#213=EDGE_LOOP('',(#1571,#1572,#1573,#1574));
#214=EDGE_LOOP('',(#1575,#1576,#1577,#1578));
#215=EDGE_LOOP('',(#1579,#1580,#1581,#1582));
#216=EDGE_LOOP('',(#1583,#1584,#1585,#1586));
#217=EDGE_LOOP('',(#1587,#1588,#1589,#1590,#1591,#1592,#1593,#1594,#1595,
#1596,#1597,#1598,#1599,#1600,#1601,#1602,#1603));
#218=EDGE_LOOP('',(#1604));
#219=EDGE_LOOP('',(#1605));
#220=EDGE_LOOP('',(#1606,#1607,#1608,#1609,#1610));
#221=EDGE_LOOP('',(#1611,#1612,#1613,#1614));
#222=EDGE_LOOP('',(#1615,#1616,#1617,#1618));
#223=EDGE_LOOP('',(#1619,#1620,#1621,#1622));
#224=EDGE_LOOP('',(#1623,#1624,#1625,#1626,#1627,#1628));
#225=EDGE_LOOP('',(#1629,#1630,#1631,#1632));
#226=EDGE_LOOP('',(#1633,#1634,#1635,#1636));
#227=EDGE_LOOP('',(#1637,#1638,#1639,#1640));
#228=EDGE_LOOP('',(#1641,#1642,#1643,#1644));
#229=EDGE_LOOP('',(#1645,#1646,#1647,#1648));
#230=EDGE_LOOP('',(#1649,#1650,#1651,#1652,#1653,#1654));
#231=EDGE_LOOP('',(#1655,#1656,#1657,#1658,#1659));
#232=EDGE_LOOP('',(#1660,#1661,#1662,#1663));
#233=EDGE_LOOP('',(#1664,#1665,#1666,#1667,#1668,#1669));
#234=EDGE_LOOP('',(#1670,#1671,#1672,#1673,#1674,#1675));
#235=EDGE_LOOP('',(#1676,#1677,#1678,#1679));
#236=EDGE_LOOP('',(#1680,#1681,#1682,#1683,#1684,#1685));
#237=EDGE_LOOP('',(#1686,#1687,#1688,#1689));
#238=EDGE_LOOP('',(#1690,#1691,#1692,#1693,#1694,#1695));
#239=EDGE_LOOP('',(#1696,#1697,#1698,#1699));
#240=EDGE_LOOP('',(#1700,#1701,#1702,#1703,#1704,#1705));
#241=EDGE_LOOP('',(#1706,#1707,#1708,#1709));
#242=EDGE_LOOP('',(#1710,#1711,#1712,#1713));
#243=EDGE_LOOP('',(#1714,#1715,#1716,#1717));
#244=EDGE_LOOP('',(#1718,#1719,#1720,#1721));
#245=EDGE_LOOP('',(#1722,#1723,#1724,#1725));
#246=EDGE_LOOP('',(#1726,#1727,#1728,#1729));
#247=EDGE_LOOP('',(#1730,#1731,#1732,#1733));
#248=EDGE_LOOP('',(#1734,#1735,#1736,#1737));
#249=EDGE_LOOP('',(#1738,#1739));
#250=EDGE_LOOP('',(#1740));
#251=EDGE_LOOP('',(#1741));
#252=EDGE_LOOP('',(#1742,#1743,#1744,#1745,#1746,#1747,#1748,#1749,#1750,
#1751,#1752,#1753,#1754,#1755,#1756,#1757,#1758,#1759,#1760,#1761,#1762,
#1763,#1764,#1765,#1766,#1767,#1768,#1769,#1770,#1771,#1772,#1773,#1774,
#1775,#1776,#1777,#1778,#1779,#1780,#1781,#1782,#1783,#1784));
#253=EDGE_LOOP('',(#1785));
#254=EDGE_LOOP('',(#1786,#1787));
#255=EDGE_LOOP('',(#1788));
#256=EDGE_LOOP('',(#1789,#1790,#1791,#1792));
#257=EDGE_LOOP('',(#1793,#1794,#1795,#1796));
#258=EDGE_LOOP('',(#1797,#1798));
#259=EDGE_LOOP('',(#1799));
#260=EDGE_LOOP('',(#1800));
#261=EDGE_LOOP('',(#1801));
#262=EDGE_LOOP('',(#1802,#1803,#1804,#1805,#1806,#1807,#1808,#1809,#1810,
#1811,#1812,#1813,#1814,#1815,#1816,#1817,#1818,#1819,#1820,#1821,#1822,
#1823,#1824,#1825,#1826,#1827,#1828,#1829,#1830,#1831,#1832,#1833,#1834,
#1835,#1836,#1837,#1838,#1839,#1840,#1841,#1842,#1843,#1844));
#263=EDGE_LOOP('',(#1845));
#264=EDGE_LOOP('',(#1846,#1847,#1848,#1849));
#265=EDGE_LOOP('',(#1850,#1851,#1852,#1853,#1854,#1855));
#266=EDGE_LOOP('',(#1856,#1857,#1858,#1859));
#267=EDGE_LOOP('',(#1860,#1861,#1862,#1863));
#268=EDGE_LOOP('',(#1864,#1865,#1866,#1867));
#269=EDGE_LOOP('',(#1868,#1869,#1870,#1871));
#270=EDGE_LOOP('',(#1872,#1873,#1874,#1875));
#271=EDGE_LOOP('',(#1876,#1877,#1878,#1879));
#272=EDGE_LOOP('',(#1880,#1881,#1882,#1883));
#273=EDGE_LOOP('',(#1884,#1885,#1886,#1887));
#274=EDGE_LOOP('',(#1888,#1889,#1890,#1891));
#275=EDGE_LOOP('',(#1892,#1893,#1894,#1895));
#276=EDGE_LOOP('',(#1896,#1897,#1898,#1899));
#277=EDGE_LOOP('',(#1900,#1901,#1902,#1903));
#278=EDGE_LOOP('',(#1904,#1905,#1906,#1907));
#279=EDGE_LOOP('',(#1908,#1909,#1910,#1911));
#280=EDGE_LOOP('',(#1912,#1913,#1914,#1915));
#281=EDGE_LOOP('',(#1916,#1917,#1918,#1919));
#282=EDGE_LOOP('',(#1920,#1921));
#283=EDGE_LOOP('',(#1922,#1923,#1924,#1925));
#284=EDGE_LOOP('',(#1926,#1927,#1928,#1929));
#285=EDGE_LOOP('',(#1930,#1931,#1932,#1933,#1934,#1935));
#286=EDGE_LOOP('',(#1936,#1937,#1938,#1939));
#287=EDGE_LOOP('',(#1940,#1941,#1942,#1943));
#288=EDGE_LOOP('',(#1944,#1945,#1946,#1947,#1948));
#289=EDGE_LOOP('',(#1949,#1950,#1951,#1952,#1953,#1954));
#290=EDGE_LOOP('',(#1955,#1956,#1957,#1958,#1959,#1960));
#291=EDGE_LOOP('',(#1961,#1962,#1963,#1964));
#292=EDGE_LOOP('',(#1965,#1966,#1967,#1968));
#293=EDGE_LOOP('',(#1969,#1970,#1971,#1972));
#294=EDGE_LOOP('',(#1973,#1974,#1975,#1976));
#295=EDGE_LOOP('',(#1977));
#296=EDGE_LOOP('',(#1978));
#297=EDGE_LOOP('',(#1979,#1980,#1981,#1982));
#298=EDGE_LOOP('',(#1983,#1984,#1985,#1986));
#299=EDGE_LOOP('',(#1987));
#300=EDGE_LOOP('',(#1988));
#301=EDGE_LOOP('',(#1989,#1990,#1991,#1992));
#302=EDGE_LOOP('',(#1993,#1994,#1995,#1996));
#303=EDGE_LOOP('',(#1997,#1998,#1999,#2000));
#304=EDGE_LOOP('',(#2001,#2002,#2003,#2004));
#305=EDGE_LOOP('',(#2005,#2006,#2007,#2008));
#306=EDGE_LOOP('',(#2009,#2010,#2011,#2012));
#307=EDGE_LOOP('',(#2013,#2014,#2015,#2016,#2017,#2018,#2019,#2020,#2021,
#2022,#2023,#2024,#2025,#2026,#2027,#2028,#2029));
#308=EDGE_LOOP('',(#2030,#2031,#2032,#2033));
#309=EDGE_LOOP('',(#2034));
#310=EDGE_LOOP('',(#2035,#2036,#2037,#2038));
#311=EDGE_LOOP('',(#2039,#2040,#2041,#2042));
#312=EDGE_LOOP('',(#2043,#2044,#2045,#2046));
#313=EDGE_LOOP('',(#2047,#2048,#2049,#2050));
#314=EDGE_LOOP('',(#2051,#2052,#2053,#2054,#2055,#2056));
#315=EDGE_LOOP('',(#2057,#2058,#2059,#2060));
#316=EDGE_LOOP('',(#2061,#2062,#2063,#2064,#2065,#2066,#2067,#2068,#2069,
#2070));
#317=EDGE_LOOP('',(#2071,#2072,#2073,#2074));
#318=EDGE_LOOP('',(#2075,#2076,#2077,#2078));
#319=EDGE_LOOP('',(#2079));
#320=EDGE_LOOP('',(#2080));
#321=EDGE_LOOP('',(#2081,#2082,#2083,#2084));
#322=EDGE_LOOP('',(#2085,#2086,#2087,#2088));
#323=EDGE_LOOP('',(#2089,#2090,#2091,#2092));
#324=EDGE_LOOP('',(#2093,#2094,#2095,#2096,#2097,#2098));
#325=EDGE_LOOP('',(#2099,#2100,#2101,#2102));
#326=EDGE_LOOP('',(#2103,#2104,#2105,#2106));
#327=EDGE_LOOP('',(#2107,#2108,#2109,#2110));
#328=EDGE_LOOP('',(#2111,#2112,#2113,#2114));
#329=EDGE_LOOP('',(#2115,#2116,#2117,#2118));
#330=EDGE_LOOP('',(#2119,#2120,#2121,#2122));
#331=EDGE_LOOP('',(#2123,#2124,#2125,#2126));
#332=EDGE_LOOP('',(#2127,#2128,#2129,#2130,#2131,#2132));
#333=EDGE_LOOP('',(#2133,#2134,#2135,#2136,#2137));
#334=CIRCLE('',#2371,6.);
#335=CIRCLE('',#2372,1.25);
#336=CIRCLE('',#2374,1.25);
#337=CIRCLE('',#2376,6.);
#338=CIRCLE('',#2381,2.25);
#339=CIRCLE('',#2382,2.25);
#340=CIRCLE('',#2385,0.5);
#341=CIRCLE('',#2386,0.5);
#342=CIRCLE('',#2388,2.9);
#343=CIRCLE('',#2390,1.25);
#344=CIRCLE('',#2391,1.5);
#345=CIRCLE('',#2392,1.25);
#346=CIRCLE('',#2400,2.25);
#347=CIRCLE('',#2401,2.25);
#348=CIRCLE('',#2404,0.5);
#349=CIRCLE('',#2405,0.5);
#350=CIRCLE('',#2409,1.5);
#351=CIRCLE('',#2412,2.25);
#352=CIRCLE('',#2419,2.9);
#353=CIRCLE('',#2421,1.25);
#354=CIRCLE('',#2423,2.25);
#355=CIRCLE('',#2425,1.25);
#356=CIRCLE('',#2428,5.);
#357=CIRCLE('',#2431,5.);
#358=CIRCLE('',#2451,6.);
#359=CIRCLE('',#2452,1.25);
#360=CIRCLE('',#2454,1.25);
#361=CIRCLE('',#2456,6.);
#362=CIRCLE('',#2459,2.25);
#363=CIRCLE('',#2460,1.25);
#364=CIRCLE('',#2462,2.25);
#365=CIRCLE('',#2463,0.5);
#366=CIRCLE('',#2464,0.5);
#367=CIRCLE('',#2465,2.25);
#368=CIRCLE('',#2466,1.25);
#369=CIRCLE('',#2468,2.9);
#370=CIRCLE('',#2469,2.9);
#371=CIRCLE('',#2478,2.25);
#372=CIRCLE('',#2481,0.5);
#373=CIRCLE('',#2484,0.5);
#374=CIRCLE('',#2487,2.25);
#375=CIRCLE('',#2501,1.25);
#376=CIRCLE('',#2502,1.25);
#377=CIRCLE('',#2504,1.25);
#378=CIRCLE('',#2505,1.25);
#379=CIRCLE('',#2516,5.);
#380=CIRCLE('',#2517,5.);
#381=CIRCLE('',#2519,2.25);
#382=CIRCLE('',#2522,1.25);
#383=CIRCLE('',#2528,1.25);
#384=LINE('',#3167,#662);
#385=LINE('',#3173,#663);
#386=LINE('',#3177,#664);
#387=LINE('',#3179,#665);
#388=LINE('',#3182,#666);
#389=LINE('',#3186,#667);
#390=LINE('',#3188,#668);
#391=LINE('',#3190,#669);
#392=LINE('',#3191,#670);
#393=LINE('',#3195,#671);
#394=LINE('',#3197,#672);
#395=LINE('',#3199,#673);
#396=LINE('',#3200,#674);
#397=LINE('',#3206,#675);
#398=LINE('',#3209,#676);
#399=LINE('',#3212,#677);
#400=LINE('',#3214,#678);
#401=LINE('',#3215,#679);
#402=LINE('',#3222,#680);
#403=LINE('',#3226,#681);
#404=LINE('',#3228,#682);
#405=LINE('',#3230,#683);
#406=LINE('',#3231,#684);
#407=LINE('',#3235,#685);
#408=LINE('',#3237,#686);
#409=LINE('',#3239,#687);
#410=LINE('',#3241,#688);
#411=LINE('',#3243,#689);
#412=LINE('',#3245,#690);
#413=LINE('',#3247,#691);
#414=LINE('',#3249,#692);
#415=LINE('',#3251,#693);
#416=LINE('',#3252,#694);
#417=LINE('',#3261,#695);
#418=LINE('',#3263,#696);
#419=LINE('',#3264,#697);
#420=LINE('',#3267,#698);
#421=LINE('',#3269,#699);
#422=LINE('',#3270,#700);
#423=LINE('',#3273,#701);
#424=LINE('',#3275,#702);
#425=LINE('',#3276,#703);
#426=LINE('',#3277,#704);
#427=LINE('',#3280,#705);
#428=LINE('',#3282,#706);
#429=LINE('',#3283,#707);
#430=LINE('',#3286,#708);
#431=LINE('',#3288,#709);
#432=LINE('',#3289,#710);
#433=LINE('',#3292,#711);
#434=LINE('',#3294,#712);
#435=LINE('',#3295,#713);
#436=LINE('',#3300,#714);
#437=LINE('',#3304,#715);
#438=LINE('',#3306,#716);
#439=LINE('',#3307,#717);
#440=LINE('',#3313,#718);
#441=LINE('',#3315,#719);
#442=LINE('',#3316,#720);
#443=LINE('',#3318,#721);
#444=LINE('',#3319,#722);
#445=LINE('',#3322,#723);
#446=LINE('',#3326,#724);
#447=LINE('',#3327,#725);
#448=LINE('',#3330,#726);
#449=LINE('',#3331,#727);
#450=LINE('',#3337,#728);
#451=LINE('',#3339,#729);
#452=LINE('',#3341,#730);
#453=LINE('',#3343,#731);
#454=LINE('',#3344,#732);
#455=LINE('',#3347,#733);
#456=LINE('',#3349,#734);
#457=LINE('',#3350,#735);
#458=LINE('',#3353,#736);
#459=LINE('',#3355,#737);
#460=LINE('',#3356,#738);
#461=LINE('',#3360,#739);
#462=LINE('',#3362,#740);
#463=LINE('',#3364,#741);
#464=LINE('',#3365,#742);
#465=LINE('',#3367,#743);
#466=LINE('',#3368,#744);
#467=LINE('',#3371,#745);
#468=LINE('',#3374,#746);
#469=LINE('',#3377,#747);
#470=LINE('',#3382,#748);
#471=LINE('',#3385,#749);
#472=LINE('',#3390,#750);
#473=LINE('',#3391,#751);
#474=LINE('',#3392,#752);
#475=LINE('',#3396,#753);
#476=LINE('',#3397,#754);
#477=LINE('',#3399,#755);
#478=LINE('',#3403,#756);
#479=LINE('',#3404,#757);
#480=LINE('',#3405,#758);
#481=LINE('',#3408,#759);
#482=LINE('',#3410,#760);
#483=LINE('',#3414,#761);
#484=LINE('',#3415,#762);
#485=LINE('',#3418,#763);
#486=LINE('',#3419,#764);
#487=LINE('',#3420,#765);
#488=LINE('',#3423,#766);
#489=LINE('',#3424,#767);
#490=LINE('',#3427,#768);
#491=LINE('',#3428,#769);
#492=LINE('',#3431,#770);
#493=LINE('',#3432,#771);
#494=LINE('',#3435,#772);
#495=LINE('',#3436,#773);
#496=LINE('',#3438,#774);
#497=LINE('',#3441,#775);
#498=LINE('',#3442,#776);
#499=LINE('',#3445,#777);
#500=LINE('',#3446,#778);
#501=LINE('',#3449,#779);
#502=LINE('',#3450,#780);
#503=LINE('',#3453,#781);
#504=LINE('',#3454,#782);
#505=LINE('',#3457,#783);
#506=LINE('',#3458,#784);
#507=LINE('',#3461,#785);
#508=LINE('',#3462,#786);
#509=LINE('',#3464,#787);
#510=LINE('',#3466,#788);
#511=LINE('',#3468,#789);
#512=LINE('',#3474,#790);
#513=LINE('',#3480,#791);
#514=LINE('',#3484,#792);
#515=LINE('',#3486,#793);
#516=LINE('',#3489,#794);
#517=LINE('',#3498,#795);
#518=LINE('',#3500,#796);
#519=LINE('',#3502,#797);
#520=LINE('',#3504,#798);
#521=LINE('',#3506,#799);
#522=LINE('',#3508,#800);
#523=LINE('',#3512,#801);
#524=LINE('',#3513,#802);
#525=LINE('',#3515,#803);
#526=LINE('',#3517,#804);
#527=LINE('',#3521,#805);
#528=LINE('',#3525,#806);
#529=LINE('',#3529,#807);
#530=LINE('',#3531,#808);
#531=LINE('',#3533,#809);
#532=LINE('',#3535,#810);
#533=LINE('',#3537,#811);
#534=LINE('',#3539,#812);
#535=LINE('',#3541,#813);
#536=LINE('',#3543,#814);
#537=LINE('',#3545,#815);
#538=LINE('',#3547,#816);
#539=LINE('',#3549,#817);
#540=LINE('',#3551,#818);
#541=LINE('',#3553,#819);
#542=LINE('',#3555,#820);
#543=LINE('',#3557,#821);
#544=LINE('',#3559,#822);
#545=LINE('',#3561,#823);
#546=LINE('',#3563,#824);
#547=LINE('',#3565,#825);
#548=LINE('',#3567,#826);
#549=LINE('',#3569,#827);
#550=LINE('',#3571,#828);
#551=LINE('',#3573,#829);
#552=LINE('',#3575,#830);
#553=LINE('',#3577,#831);
#554=LINE('',#3579,#832);
#555=LINE('',#3580,#833);
#556=LINE('',#3588,#834);
#557=LINE('',#3590,#835);
#558=LINE('',#3591,#836);
#559=LINE('',#3594,#837);
#560=LINE('',#3595,#838);
#561=LINE('',#3598,#839);
#562=LINE('',#3599,#840);
#563=LINE('',#3602,#841);
#564=LINE('',#3603,#842);
#565=LINE('',#3606,#843);
#566=LINE('',#3607,#844);
#567=LINE('',#3610,#845);
#568=LINE('',#3611,#846);
#569=LINE('',#3614,#847);
#570=LINE('',#3615,#848);
#571=LINE('',#3618,#849);
#572=LINE('',#3622,#850);
#573=LINE('',#3623,#851);
#574=LINE('',#3626,#852);
#575=LINE('',#3630,#853);
#576=LINE('',#3631,#854);
#577=LINE('',#3634,#855);
#578=LINE('',#3638,#856);
#579=LINE('',#3639,#857);
#580=LINE('',#3642,#858);
#581=LINE('',#3645,#859);
#582=LINE('',#3648,#860);
#583=LINE('',#3649,#861);
#584=LINE('',#3651,#862);
#585=LINE('',#3652,#863);
#586=LINE('',#3655,#864);
#587=LINE('',#3656,#865);
#588=LINE('',#3661,#866);
#589=LINE('',#3663,#867);
#590=LINE('',#3665,#868);
#591=LINE('',#3666,#869);
#592=LINE('',#3669,#870);
#593=LINE('',#3671,#871);
#594=LINE('',#3672,#872);
#595=LINE('',#3676,#873);
#596=LINE('',#3677,#874);
#597=LINE('',#3679,#875);
#598=LINE('',#3680,#876);
#599=LINE('',#3682,#877);
#600=LINE('',#3683,#878);
#601=LINE('',#3685,#879);
#602=LINE('',#3688,#880);
#603=LINE('',#3690,#881);
#604=LINE('',#3691,#882);
#605=LINE('',#3693,#883);
#606=LINE('',#3695,#884);
#607=LINE('',#3700,#885);
#608=LINE('',#3706,#886);
#609=LINE('',#3711,#887);
#610=LINE('',#3713,#888);
#611=LINE('',#3715,#889);
#612=LINE('',#3716,#890);
#613=LINE('',#3719,#891);
#614=LINE('',#3721,#892);
#615=LINE('',#3722,#893);
#616=LINE('',#3725,#894);
#617=LINE('',#3727,#895);
#618=LINE('',#3728,#896);
#619=LINE('',#3730,#897);
#620=LINE('',#3731,#898);
#621=LINE('',#3736,#899);
#622=LINE('',#3738,#900);
#623=LINE('',#3740,#901);
#624=LINE('',#3741,#902);
#625=LINE('',#3744,#903);
#626=LINE('',#3746,#904);
#627=LINE('',#3747,#905);
#628=LINE('',#3750,#906);
#629=LINE('',#3752,#907);
#630=LINE('',#3753,#908);
#631=LINE('',#3755,#909);
#632=LINE('',#3756,#910);
#633=LINE('',#3762,#911);
#634=LINE('',#3763,#912);
#635=LINE('',#3768,#913);
#636=LINE('',#3769,#914);
#637=LINE('',#3772,#915);
#638=LINE('',#3775,#916);
#639=LINE('',#3777,#917);
#640=LINE('',#3780,#918);
#641=LINE('',#3784,#919);
#642=LINE('',#3786,#920);
#643=LINE('',#3788,#921);
#644=LINE('',#3790,#922);
#645=LINE('',#3792,#923);
#646=LINE('',#3794,#924);
#647=LINE('',#3796,#925);
#648=LINE('',#3798,#926);
#649=LINE('',#3800,#927);
#650=LINE('',#3801,#928);
#651=LINE('',#3805,#929);
#652=LINE('',#3808,#930);
#653=LINE('',#3809,#931);
#654=LINE('',#3811,#932);
#655=LINE('',#3813,#933);
#656=LINE('',#3815,#934);
#657=LINE('',#3817,#935);
#658=LINE('',#3819,#936);
#659=LINE('',#3821,#937);
#660=LINE('',#3823,#938);
#661=LINE('',#3825,#939);
#662=VECTOR('',#2545,10.);
#663=VECTOR('',#2552,1.25);
#664=VECTOR('',#2557,10.);
#665=VECTOR('',#2558,10.);
#666=VECTOR('',#2563,10.);
#667=VECTOR('',#2566,10.);
#668=VECTOR('',#2567,10.);
#669=VECTOR('',#2568,10.);
#670=VECTOR('',#2569,10.);
#671=VECTOR('',#2572,10.);
#672=VECTOR('',#2573,10.);
#673=VECTOR('',#2574,10.);
#674=VECTOR('',#2575,10.);
#675=VECTOR('',#2580,10.);
#676=VECTOR('',#2583,10.);
#677=VECTOR('',#2586,10.);
#678=VECTOR('',#2587,10.);
#679=VECTOR('',#2588,10.);
#680=VECTOR('',#2597,10.);
#681=VECTOR('',#2600,10.);
#682=VECTOR('',#2601,10.);
#683=VECTOR('',#2602,10.);
#684=VECTOR('',#2603,10.);
#685=VECTOR('',#2606,10.);
#686=VECTOR('',#2607,10.);
#687=VECTOR('',#2608,10.);
#688=VECTOR('',#2609,10.);
#689=VECTOR('',#2610,10.);
#690=VECTOR('',#2611,10.);
#691=VECTOR('',#2612,10.);
#692=VECTOR('',#2613,10.);
#693=VECTOR('',#2614,10.);
#694=VECTOR('',#2615,10.);
#695=VECTOR('',#2624,10.);
#696=VECTOR('',#2625,10.);
#697=VECTOR('',#2626,10.);
#698=VECTOR('',#2629,10.);
#699=VECTOR('',#2630,10.);
#700=VECTOR('',#2631,10.);
#701=VECTOR('',#2634,10.);
#702=VECTOR('',#2635,10.);
#703=VECTOR('',#2636,10.);
#704=VECTOR('',#2637,10.);
#705=VECTOR('',#2640,10.);
#706=VECTOR('',#2641,10.);
#707=VECTOR('',#2642,10.);
#708=VECTOR('',#2645,10.);
#709=VECTOR('',#2646,10.);
#710=VECTOR('',#2647,10.);
#711=VECTOR('',#2650,10.);
#712=VECTOR('',#2651,10.);
#713=VECTOR('',#2652,10.);
#714=VECTOR('',#2657,10.);
#715=VECTOR('',#2662,10.);
#716=VECTOR('',#2663,10.);
#717=VECTOR('',#2664,10.);
#718=VECTOR('',#2673,10.);
#719=VECTOR('',#2674,10.);
#720=VECTOR('',#2675,10.);
#721=VECTOR('',#2678,10.);
#722=VECTOR('',#2679,10.);
#723=VECTOR('',#2682,1.5);
#724=VECTOR('',#2687,10.);
#725=VECTOR('',#2688,10.);
#726=VECTOR('',#2691,10.);
#727=VECTOR('',#2692,10.);
#728=VECTOR('',#2697,10.);
#729=VECTOR('',#2698,10.);
#730=VECTOR('',#2699,10.);
#731=VECTOR('',#2700,10.);
#732=VECTOR('',#2701,10.);
#733=VECTOR('',#2704,10.);
#734=VECTOR('',#2705,10.);
#735=VECTOR('',#2706,10.);
#736=VECTOR('',#2709,10.);
#737=VECTOR('',#2710,10.);
#738=VECTOR('',#2711,10.);
#739=VECTOR('',#2714,10.);
#740=VECTOR('',#2715,10.);
#741=VECTOR('',#2716,10.);
#742=VECTOR('',#2717,10.);
#743=VECTOR('',#2720,10.);
#744=VECTOR('',#2721,10.);
#745=VECTOR('',#2724,10.);
#746=VECTOR('',#2727,10.);
#747=VECTOR('',#2730,1.25);
#748=VECTOR('',#2737,1.25);
#749=VECTOR('',#2740,1.25);
#750=VECTOR('',#2745,10.);
#751=VECTOR('',#2746,10.);
#752=VECTOR('',#2747,10.);
#753=VECTOR('',#2750,10.);
#754=VECTOR('',#2751,10.);
#755=VECTOR('',#2752,10.);
#756=VECTOR('',#2757,10.);
#757=VECTOR('',#2758,10.);
#758=VECTOR('',#2759,10.);
#759=VECTOR('',#2762,10.);
#760=VECTOR('',#2763,10.);
#761=VECTOR('',#2768,10.);
#762=VECTOR('',#2769,10.);
#763=VECTOR('',#2772,10.);
#764=VECTOR('',#2773,10.);
#765=VECTOR('',#2774,10.);
#766=VECTOR('',#2777,10.);
#767=VECTOR('',#2778,10.);
#768=VECTOR('',#2781,10.);
#769=VECTOR('',#2782,10.);
#770=VECTOR('',#2785,10.);
#771=VECTOR('',#2786,10.);
#772=VECTOR('',#2789,10.);
#773=VECTOR('',#2790,10.);
#774=VECTOR('',#2793,10.);
#775=VECTOR('',#2796,10.);
#776=VECTOR('',#2797,10.);
#777=VECTOR('',#2800,10.);
#778=VECTOR('',#2801,10.);
#779=VECTOR('',#2804,10.);
#780=VECTOR('',#2805,10.);
#781=VECTOR('',#2808,10.);
#782=VECTOR('',#2809,10.);
#783=VECTOR('',#2812,10.);
#784=VECTOR('',#2813,10.);
#785=VECTOR('',#2816,10.);
#786=VECTOR('',#2817,10.);
#787=VECTOR('',#2820,10.);
#788=VECTOR('',#2823,10.);
#789=VECTOR('',#2826,10.);
#790=VECTOR('',#2833,10.);
#791=VECTOR('',#2840,1.25);
#792=VECTOR('',#2845,10.);
#793=VECTOR('',#2846,10.);
#794=VECTOR('',#2851,10.);
#795=VECTOR('',#2860,10.);
#796=VECTOR('',#2861,10.);
#797=VECTOR('',#2862,10.);
#798=VECTOR('',#2863,10.);
#799=VECTOR('',#2864,10.);
#800=VECTOR('',#2865,10.);
#801=VECTOR('',#2868,10.);
#802=VECTOR('',#2869,10.);
#803=VECTOR('',#2870,10.);
#804=VECTOR('',#2871,10.);
#805=VECTOR('',#2874,10.);
#806=VECTOR('',#2877,10.);
#807=VECTOR('',#2880,10.);
#808=VECTOR('',#2881,10.);
#809=VECTOR('',#2882,10.);
#810=VECTOR('',#2883,10.);
#811=VECTOR('',#2884,10.);
#812=VECTOR('',#2885,10.);
#813=VECTOR('',#2886,10.);
#814=VECTOR('',#2887,10.);
#815=VECTOR('',#2888,10.);
#816=VECTOR('',#2889,10.);
#817=VECTOR('',#2890,10.);
#818=VECTOR('',#2891,10.);
#819=VECTOR('',#2892,10.);
#820=VECTOR('',#2893,10.);
#821=VECTOR('',#2894,10.);
#822=VECTOR('',#2895,10.);
#823=VECTOR('',#2896,10.);
#824=VECTOR('',#2897,10.);
#825=VECTOR('',#2898,10.);
#826=VECTOR('',#2899,10.);
#827=VECTOR('',#2900,10.);
#828=VECTOR('',#2901,10.);
#829=VECTOR('',#2902,10.);
#830=VECTOR('',#2903,10.);
#831=VECTOR('',#2904,10.);
#832=VECTOR('',#2905,10.);
#833=VECTOR('',#2906,10.);
#834=VECTOR('',#2917,10.);
#835=VECTOR('',#2918,10.);
#836=VECTOR('',#2919,10.);
#837=VECTOR('',#2922,10.);
#838=VECTOR('',#2923,10.);
#839=VECTOR('',#2926,10.);
#840=VECTOR('',#2927,10.);
#841=VECTOR('',#2930,10.);
#842=VECTOR('',#2931,10.);
#843=VECTOR('',#2934,10.);
#844=VECTOR('',#2935,10.);
#845=VECTOR('',#2938,10.);
#846=VECTOR('',#2939,10.);
#847=VECTOR('',#2942,10.);
#848=VECTOR('',#2943,10.);
#849=VECTOR('',#2946,10.);
#850=VECTOR('',#2951,10.);
#851=VECTOR('',#2952,10.);
#852=VECTOR('',#2955,10.);
#853=VECTOR('',#2960,10.);
#854=VECTOR('',#2961,10.);
#855=VECTOR('',#2964,10.);
#856=VECTOR('',#2969,10.);
#857=VECTOR('',#2970,10.);
#858=VECTOR('',#2973,10.);
#859=VECTOR('',#2976,10.);
#860=VECTOR('',#2979,10.);
#861=VECTOR('',#2980,10.);
#862=VECTOR('',#2983,10.);
#863=VECTOR('',#2984,10.);
#864=VECTOR('',#2987,10.);
#865=VECTOR('',#2988,10.);
#866=VECTOR('',#2993,10.);
#867=VECTOR('',#2994,10.);
#868=VECTOR('',#2995,10.);
#869=VECTOR('',#2996,10.);
#870=VECTOR('',#2999,10.);
#871=VECTOR('',#3000,10.);
#872=VECTOR('',#3001,10.);
#873=VECTOR('',#3004,10.);
#874=VECTOR('',#3005,10.);
#875=VECTOR('',#3006,10.);
#876=VECTOR('',#3007,10.);
#877=VECTOR('',#3010,10.);
#878=VECTOR('',#3011,10.);
#879=VECTOR('',#3014,10.);
#880=VECTOR('',#3017,10.);
#881=VECTOR('',#3018,10.);
#882=VECTOR('',#3019,10.);
#883=VECTOR('',#3022,10.);
#884=VECTOR('',#3025,10.);
#885=VECTOR('',#3030,1.25);
#886=VECTOR('',#3037,1.25);
#887=VECTOR('',#3042,10.);
#888=VECTOR('',#3043,10.);
#889=VECTOR('',#3044,10.);
#890=VECTOR('',#3045,10.);
#891=VECTOR('',#3048,10.);
#892=VECTOR('',#3049,10.);
#893=VECTOR('',#3050,10.);
#894=VECTOR('',#3053,10.);
#895=VECTOR('',#3054,10.);
#896=VECTOR('',#3055,10.);
#897=VECTOR('',#3058,10.);
#898=VECTOR('',#3059,10.);
#899=VECTOR('',#3064,10.);
#900=VECTOR('',#3065,10.);
#901=VECTOR('',#3066,10.);
#902=VECTOR('',#3067,10.);
#903=VECTOR('',#3070,10.);
#904=VECTOR('',#3071,10.);
#905=VECTOR('',#3072,10.);
#906=VECTOR('',#3075,10.);
#907=VECTOR('',#3076,10.);
#908=VECTOR('',#3077,10.);
#909=VECTOR('',#3080,10.);
#910=VECTOR('',#3081,10.);
#911=VECTOR('',#3090,10.);
#912=VECTOR('',#3091,10.);
#913=VECTOR('',#3096,10.);
#914=VECTOR('',#3097,10.);
#915=VECTOR('',#3100,1.25);
#916=VECTOR('',#3105,1.25);
#917=VECTOR('',#3108,10.);
#918=VECTOR('',#3113,10.);
#919=VECTOR('',#3116,10.);
#920=VECTOR('',#3117,10.);
#921=VECTOR('',#3118,10.);
#922=VECTOR('',#3119,10.);
#923=VECTOR('',#3120,10.);
#924=VECTOR('',#3121,10.);
#925=VECTOR('',#3122,10.);
#926=VECTOR('',#3123,10.);
#927=VECTOR('',#3124,10.);
#928=VECTOR('',#3125,10.);
#929=VECTOR('',#3130,1.25);
#930=VECTOR('',#3135,10.);
#931=VECTOR('',#3136,10.);
#932=VECTOR('',#3139,10.);
#933=VECTOR('',#3142,10.);
#934=VECTOR('',#3145,10.);
#935=VECTOR('',#3148,10.);
#936=VECTOR('',#3151,10.);
#937=VECTOR('',#3154,10.);
#938=VECTOR('',#3157,10.);
#939=VECTOR('',#3160,10.);
#940=VERTEX_POINT('',#3165);
#941=VERTEX_POINT('',#3166);
#942=VERTEX_POINT('',#3169);
#943=VERTEX_POINT('',#3172);
#944=VERTEX_POINT('',#3176);
#945=VERTEX_POINT('',#3178);
#946=VERTEX_POINT('',#3184);
#947=VERTEX_POINT('',#3185);
#948=VERTEX_POINT('',#3187);
#949=VERTEX_POINT('',#3189);
#950=VERTEX_POINT('',#3193);
#951=VERTEX_POINT('',#3194);
#952=VERTEX_POINT('',#3196);
#953=VERTEX_POINT('',#3198);
#954=VERTEX_POINT('',#3202);
#955=VERTEX_POINT('',#3203);
#956=VERTEX_POINT('',#3205);
#957=VERTEX_POINT('',#3207);
#958=VERTEX_POINT('',#3211);
#959=VERTEX_POINT('',#3213);
#960=VERTEX_POINT('',#3220);
#961=VERTEX_POINT('',#3221);
#962=VERTEX_POINT('',#3223);
#963=VERTEX_POINT('',#3225);
#964=VERTEX_POINT('',#3227);
#965=VERTEX_POINT('',#3229);
#966=VERTEX_POINT('',#3233);
#967=VERTEX_POINT('',#3234);
#968=VERTEX_POINT('',#3236);
#969=VERTEX_POINT('',#3238);
#970=VERTEX_POINT('',#3240);
#971=VERTEX_POINT('',#3242);
#972=VERTEX_POINT('',#3244);
#973=VERTEX_POINT('',#3246);
#974=VERTEX_POINT('',#3248);
#975=VERTEX_POINT('',#3250);
#976=VERTEX_POINT('',#3253);
#977=VERTEX_POINT('',#3255);
#978=VERTEX_POINT('',#3257);
#979=VERTEX_POINT('',#3260);
#980=VERTEX_POINT('',#3262);
#981=VERTEX_POINT('',#3266);
#982=VERTEX_POINT('',#3268);
#983=VERTEX_POINT('',#3272);
#984=VERTEX_POINT('',#3274);
#985=VERTEX_POINT('',#3279);
#986=VERTEX_POINT('',#3281);
#987=VERTEX_POINT('',#3285);
#988=VERTEX_POINT('',#3287);
#989=VERTEX_POINT('',#3291);
#990=VERTEX_POINT('',#3293);
#991=VERTEX_POINT('',#3297);
#992=VERTEX_POINT('',#3299);
#993=VERTEX_POINT('',#3303);
#994=VERTEX_POINT('',#3305);
#995=VERTEX_POINT('',#3312);
#996=VERTEX_POINT('',#3314);
#997=VERTEX_POINT('',#3321);
#998=VERTEX_POINT('',#3325);
#999=VERTEX_POINT('',#3329);
#1000=VERTEX_POINT('',#3332);
#1001=VERTEX_POINT('',#3335);
#1002=VERTEX_POINT('',#3336);
#1003=VERTEX_POINT('',#3338);
#1004=VERTEX_POINT('',#3340);
#1005=VERTEX_POINT('',#3342);
#1006=VERTEX_POINT('',#3346);
#1007=VERTEX_POINT('',#3348);
#1008=VERTEX_POINT('',#3352);
#1009=VERTEX_POINT('',#3354);
#1010=VERTEX_POINT('',#3358);
#1011=VERTEX_POINT('',#3359);
#1012=VERTEX_POINT('',#3361);
#1013=VERTEX_POINT('',#3363);
#1014=VERTEX_POINT('',#3370);
#1015=VERTEX_POINT('',#3372);
#1016=VERTEX_POINT('',#3376);
#1017=VERTEX_POINT('',#3380);
#1018=VERTEX_POINT('',#3384);
#1019=VERTEX_POINT('',#3388);
#1020=VERTEX_POINT('',#3389);
#1021=VERTEX_POINT('',#3394);
#1022=VERTEX_POINT('',#3395);
#1023=VERTEX_POINT('',#3398);
#1024=VERTEX_POINT('',#3402);
#1025=VERTEX_POINT('',#3407);
#1026=VERTEX_POINT('',#3409);
#1027=VERTEX_POINT('',#3413);
#1028=VERTEX_POINT('',#3417);
#1029=VERTEX_POINT('',#3422);
#1030=VERTEX_POINT('',#3426);
#1031=VERTEX_POINT('',#3430);
#1032=VERTEX_POINT('',#3434);
#1033=VERTEX_POINT('',#3440);
#1034=VERTEX_POINT('',#3444);
#1035=VERTEX_POINT('',#3448);
#1036=VERTEX_POINT('',#3452);
#1037=VERTEX_POINT('',#3456);
#1038=VERTEX_POINT('',#3460);
#1039=VERTEX_POINT('',#3472);
#1040=VERTEX_POINT('',#3473);
#1041=VERTEX_POINT('',#3476);
#1042=VERTEX_POINT('',#3479);
#1043=VERTEX_POINT('',#3483);
#1044=VERTEX_POINT('',#3485);
#1045=VERTEX_POINT('',#3491);
#1046=VERTEX_POINT('',#3493);
#1047=VERTEX_POINT('',#3496);
#1048=VERTEX_POINT('',#3497);
#1049=VERTEX_POINT('',#3499);
#1050=VERTEX_POINT('',#3501);
#1051=VERTEX_POINT('',#3503);
#1052=VERTEX_POINT('',#3505);
#1053=VERTEX_POINT('',#3507);
#1054=VERTEX_POINT('',#3509);
#1055=VERTEX_POINT('',#3511);
#1056=VERTEX_POINT('',#3514);
#1057=VERTEX_POINT('',#3516);
#1058=VERTEX_POINT('',#3518);
#1059=VERTEX_POINT('',#3520);
#1060=VERTEX_POINT('',#3522);
#1061=VERTEX_POINT('',#3524);
#1062=VERTEX_POINT('',#3526);
#1063=VERTEX_POINT('',#3528);
#1064=VERTEX_POINT('',#3530);
#1065=VERTEX_POINT('',#3532);
#1066=VERTEX_POINT('',#3534);
#1067=VERTEX_POINT('',#3536);
#1068=VERTEX_POINT('',#3538);
#1069=VERTEX_POINT('',#3540);
#1070=VERTEX_POINT('',#3542);
#1071=VERTEX_POINT('',#3544);
#1072=VERTEX_POINT('',#3546);
#1073=VERTEX_POINT('',#3548);
#1074=VERTEX_POINT('',#3550);
#1075=VERTEX_POINT('',#3552);
#1076=VERTEX_POINT('',#3554);
#1077=VERTEX_POINT('',#3556);
#1078=VERTEX_POINT('',#3558);
#1079=VERTEX_POINT('',#3560);
#1080=VERTEX_POINT('',#3562);
#1081=VERTEX_POINT('',#3564);
#1082=VERTEX_POINT('',#3566);
#1083=VERTEX_POINT('',#3568);
#1084=VERTEX_POINT('',#3570);
#1085=VERTEX_POINT('',#3572);
#1086=VERTEX_POINT('',#3574);
#1087=VERTEX_POINT('',#3576);
#1088=VERTEX_POINT('',#3578);
#1089=VERTEX_POINT('',#3581);
#1090=VERTEX_POINT('',#3587);
#1091=VERTEX_POINT('',#3589);
#1092=VERTEX_POINT('',#3593);
#1093=VERTEX_POINT('',#3597);
#1094=VERTEX_POINT('',#3601);
#1095=VERTEX_POINT('',#3605);
#1096=VERTEX_POINT('',#3609);
#1097=VERTEX_POINT('',#3613);
#1098=VERTEX_POINT('',#3617);
#1099=VERTEX_POINT('',#3621);
#1100=VERTEX_POINT('',#3625);
#1101=VERTEX_POINT('',#3629);
#1102=VERTEX_POINT('',#3633);
#1103=VERTEX_POINT('',#3637);
#1104=VERTEX_POINT('',#3641);
#1105=VERTEX_POINT('',#3643);
#1106=VERTEX_POINT('',#3647);
#1107=VERTEX_POINT('',#3654);
#1108=VERTEX_POINT('',#3659);
#1109=VERTEX_POINT('',#3660);
#1110=VERTEX_POINT('',#3662);
#1111=VERTEX_POINT('',#3664);
#1112=VERTEX_POINT('',#3668);
#1113=VERTEX_POINT('',#3670);
#1114=VERTEX_POINT('',#3674);
#1115=VERTEX_POINT('',#3675);
#1116=VERTEX_POINT('',#3678);
#1117=VERTEX_POINT('',#3687);
#1118=VERTEX_POINT('',#3689);
#1119=VERTEX_POINT('',#3697);
#1120=VERTEX_POINT('',#3699);
#1121=VERTEX_POINT('',#3703);
#1122=VERTEX_POINT('',#3705);
#1123=VERTEX_POINT('',#3709);
#1124=VERTEX_POINT('',#3710);
#1125=VERTEX_POINT('',#3712);
#1126=VERTEX_POINT('',#3714);
#1127=VERTEX_POINT('',#3718);
#1128=VERTEX_POINT('',#3720);
#1129=VERTEX_POINT('',#3724);
#1130=VERTEX_POINT('',#3726);
#1131=VERTEX_POINT('',#3734);
#1132=VERTEX_POINT('',#3735);
#1133=VERTEX_POINT('',#3737);
#1134=VERTEX_POINT('',#3739);
#1135=VERTEX_POINT('',#3743);
#1136=VERTEX_POINT('',#3745);
#1137=VERTEX_POINT('',#3749);
#1138=VERTEX_POINT('',#3751);
#1139=VERTEX_POINT('',#3761);
#1140=VERTEX_POINT('',#3764);
#1141=VERTEX_POINT('',#3767);
#1142=VERTEX_POINT('',#3771);
#1143=VERTEX_POINT('',#3782);
#1144=VERTEX_POINT('',#3783);
#1145=VERTEX_POINT('',#3785);
#1146=VERTEX_POINT('',#3787);
#1147=VERTEX_POINT('',#3789);
#1148=VERTEX_POINT('',#3791);
#1149=VERTEX_POINT('',#3793);
#1150=VERTEX_POINT('',#3795);
#1151=VERTEX_POINT('',#3797);
#1152=VERTEX_POINT('',#3799);
#1153=VERTEX_POINT('',#3802);
#1154=EDGE_CURVE('',#940,#941,#384,.T.);
#1155=EDGE_CURVE('',#940,#941,#334,.T.);
#1156=EDGE_CURVE('',#942,#942,#335,.T.);
#1157=EDGE_CURVE('',#942,#943,#385,.T.);
#1158=EDGE_CURVE('',#943,#943,#336,.T.);
#1159=EDGE_CURVE('',#941,#944,#386,.T.);
#1160=EDGE_CURVE('',#945,#940,#387,.T.);
#1161=EDGE_CURVE('',#944,#945,#337,.T.);
#1162=EDGE_CURVE('',#944,#945,#388,.T.);
#1163=EDGE_CURVE('',#946,#947,#389,.T.);
#1164=EDGE_CURVE('',#948,#946,#390,.T.);
#1165=EDGE_CURVE('',#948,#949,#391,.T.);
#1166=EDGE_CURVE('',#947,#949,#392,.T.);
#1167=EDGE_CURVE('',#950,#951,#393,.T.);
#1168=EDGE_CURVE('',#950,#952,#394,.T.);
#1169=EDGE_CURVE('',#952,#953,#395,.T.);
#1170=EDGE_CURVE('',#953,#951,#396,.T.);
#1171=EDGE_CURVE('',#954,#955,#338,.T.);
#1172=EDGE_CURVE('',#956,#954,#397,.T.);
#1173=EDGE_CURVE('',#956,#957,#339,.T.);
#1174=EDGE_CURVE('',#955,#957,#398,.T.);
#1175=EDGE_CURVE('',#955,#958,#399,.T.);
#1176=EDGE_CURVE('',#957,#959,#400,.T.);
#1177=EDGE_CURVE('',#958,#959,#401,.T.);
#1178=EDGE_CURVE('',#958,#946,#340,.T.);
#1179=EDGE_CURVE('',#959,#948,#341,.T.);
#1180=EDGE_CURVE('',#960,#961,#402,.T.);
#1181=EDGE_CURVE('',#960,#962,#342,.T.);
#1182=EDGE_CURVE('',#963,#962,#403,.T.);
#1183=EDGE_CURVE('',#964,#963,#404,.T.);
#1184=EDGE_CURVE('',#964,#965,#405,.T.);
#1185=EDGE_CURVE('',#965,#961,#406,.T.);
#1186=EDGE_CURVE('',#966,#967,#407,.F.);
#1187=EDGE_CURVE('',#967,#968,#408,.F.);
#1188=EDGE_CURVE('',#968,#969,#409,.F.);
#1189=EDGE_CURVE('',#969,#970,#410,.F.);
#1190=EDGE_CURVE('',#970,#971,#411,.F.);
#1191=EDGE_CURVE('',#971,#972,#412,.F.);
#1192=EDGE_CURVE('',#972,#973,#413,.F.);
#1193=EDGE_CURVE('',#973,#974,#414,.F.);
#1194=EDGE_CURVE('',#974,#975,#415,.F.);
#1195=EDGE_CURVE('',#975,#966,#416,.F.);
#1196=EDGE_CURVE('',#976,#976,#343,.T.);
#1197=EDGE_CURVE('',#977,#977,#344,.T.);
#1198=EDGE_CURVE('',#978,#978,#345,.T.);
#1199=EDGE_CURVE('',#979,#954,#417,.T.);
#1200=EDGE_CURVE('',#980,#979,#418,.T.);
#1201=EDGE_CURVE('',#980,#956,#419,.T.);
#1202=EDGE_CURVE('',#981,#979,#420,.T.);
#1203=EDGE_CURVE('',#982,#981,#421,.T.);
#1204=EDGE_CURVE('',#982,#980,#422,.T.);
#1205=EDGE_CURVE('',#983,#950,#423,.T.);
#1206=EDGE_CURVE('',#984,#983,#424,.T.);
#1207=EDGE_CURVE('',#984,#952,#425,.T.);
#1208=EDGE_CURVE('',#950,#952,#426,.T.);
#1209=EDGE_CURVE('',#985,#950,#427,.T.);
#1210=EDGE_CURVE('',#985,#986,#428,.T.);
#1211=EDGE_CURVE('',#986,#952,#429,.T.);
#1212=EDGE_CURVE('',#987,#981,#430,.T.);
#1213=EDGE_CURVE('',#988,#987,#431,.T.);
#1214=EDGE_CURVE('',#988,#982,#432,.T.);
#1215=EDGE_CURVE('',#989,#983,#433,.T.);
#1216=EDGE_CURVE('',#990,#989,#434,.T.);
#1217=EDGE_CURVE('',#990,#984,#435,.T.);
#1218=EDGE_CURVE('',#991,#985,#346,.T.);
#1219=EDGE_CURVE('',#992,#991,#436,.T.);
#1220=EDGE_CURVE('',#992,#986,#347,.T.);
#1221=EDGE_CURVE('',#993,#987,#437,.T.);
#1222=EDGE_CURVE('',#994,#993,#438,.T.);
#1223=EDGE_CURVE('',#994,#988,#439,.T.);
#1224=EDGE_CURVE('',#947,#989,#348,.T.);
#1225=EDGE_CURVE('',#949,#990,#349,.T.);
#1226=EDGE_CURVE('',#995,#993,#440,.T.);
#1227=EDGE_CURVE('',#996,#995,#441,.T.);
#1228=EDGE_CURVE('',#996,#994,#442,.T.);
#1229=EDGE_CURVE('',#961,#995,#443,.T.);
#1230=EDGE_CURVE('',#965,#996,#444,.T.);
#1231=EDGE_CURVE('',#977,#997,#445,.T.);
#1232=EDGE_CURVE('',#997,#997,#350,.T.);
#1233=EDGE_CURVE('',#998,#992,#446,.T.);
#1234=EDGE_CURVE('',#952,#998,#447,.T.);
#1235=EDGE_CURVE('',#999,#964,#448,.T.);
#1236=EDGE_CURVE('',#953,#999,#449,.T.);
#1237=EDGE_CURVE('',#1000,#1000,#351,.T.);
#1238=EDGE_CURVE('',#1001,#1002,#450,.T.);
#1239=EDGE_CURVE('',#1003,#1002,#451,.T.);
#1240=EDGE_CURVE('',#1004,#1003,#452,.T.);
#1241=EDGE_CURVE('',#1004,#1005,#453,.T.);
#1242=EDGE_CURVE('',#1001,#1005,#454,.T.);
#1243=EDGE_CURVE('',#1006,#1001,#455,.T.);
#1244=EDGE_CURVE('',#1005,#1007,#456,.T.);
#1245=EDGE_CURVE('',#1007,#1006,#457,.T.);
#1246=EDGE_CURVE('',#1008,#1006,#458,.T.);
#1247=EDGE_CURVE('',#1007,#1009,#459,.T.);
#1248=EDGE_CURVE('',#1008,#1009,#460,.T.);
#1249=EDGE_CURVE('',#1010,#1011,#461,.T.);
#1250=EDGE_CURVE('',#1011,#1012,#462,.T.);
#1251=EDGE_CURVE('',#1013,#1012,#463,.T.);
#1252=EDGE_CURVE('',#1010,#1013,#464,.T.);
#1253=EDGE_CURVE('',#1008,#1013,#465,.T.);
#1254=EDGE_CURVE('',#1012,#1002,#466,.T.);
#1255=EDGE_CURVE('',#1014,#960,#467,.T.);
#1256=EDGE_CURVE('',#1015,#1014,#352,.T.);
#1257=EDGE_CURVE('',#962,#1015,#468,.T.);
#1258=EDGE_CURVE('',#976,#1016,#469,.T.);
#1259=EDGE_CURVE('',#1016,#1016,#353,.T.);
#1260=EDGE_CURVE('',#1017,#1017,#354,.T.);
#1261=EDGE_CURVE('',#1017,#1000,#470,.T.);
#1262=EDGE_CURVE('',#978,#1018,#471,.T.);
#1263=EDGE_CURVE('',#1018,#1018,#355,.T.);
#1264=EDGE_CURVE('',#1019,#1020,#472,.T.);
#1265=EDGE_CURVE('',#968,#1019,#473,.F.);
#1266=EDGE_CURVE('',#1020,#967,#474,.T.);
#1267=EDGE_CURVE('',#1021,#1022,#475,.T.);
#1268=EDGE_CURVE('',#969,#1021,#476,.F.);
#1269=EDGE_CURVE('',#1023,#1019,#477,.T.);
#1270=EDGE_CURVE('',#1023,#1022,#356,.T.);
#1271=EDGE_CURVE('',#1020,#1024,#478,.T.);
#1272=EDGE_CURVE('',#966,#1003,#479,.F.);
#1273=EDGE_CURVE('',#1003,#1024,#480,.F.);
#1274=EDGE_CURVE('',#1022,#1025,#481,.T.);
#1275=EDGE_CURVE('',#1026,#1023,#482,.T.);
#1276=EDGE_CURVE('',#1025,#1026,#357,.T.);
#1277=EDGE_CURVE('',#1024,#1027,#483,.T.);
#1278=EDGE_CURVE('',#1011,#1027,#484,.T.);
#1279=EDGE_CURVE('',#1025,#1028,#485,.T.);
#1280=EDGE_CURVE('',#951,#1026,#486,.T.);
#1281=EDGE_CURVE('',#999,#1028,#487,.T.);
#1282=EDGE_CURVE('',#1027,#1029,#488,.T.);
#1283=EDGE_CURVE('',#1029,#1010,#489,.T.);
#1284=EDGE_CURVE('',#1029,#1030,#490,.T.);
#1285=EDGE_CURVE('',#1009,#1030,#491,.T.);
#1286=EDGE_CURVE('',#950,#1031,#492,.T.);
#1287=EDGE_CURVE('',#1031,#998,#493,.T.);
#1288=EDGE_CURVE('',#1030,#1032,#494,.T.);
#1289=EDGE_CURVE('',#1032,#1004,#495,.T.);
#1290=EDGE_CURVE('',#1031,#991,#496,.T.);
#1291=EDGE_CURVE('',#1032,#1033,#497,.T.);
#1292=EDGE_CURVE('',#975,#1033,#498,.F.);
#1293=EDGE_CURVE('',#1033,#1034,#499,.T.);
#1294=EDGE_CURVE('',#974,#1034,#500,.T.);
#1295=EDGE_CURVE('',#1034,#1035,#501,.T.);
#1296=EDGE_CURVE('',#973,#1035,#502,.F.);
#1297=EDGE_CURVE('',#1035,#1036,#503,.T.);
#1298=EDGE_CURVE('',#972,#1036,#504,.T.);
#1299=EDGE_CURVE('',#1036,#1037,#505,.T.);
#1300=EDGE_CURVE('',#971,#1037,#506,.F.);
#1301=EDGE_CURVE('',#1037,#1038,#507,.T.);
#1302=EDGE_CURVE('',#970,#1038,#508,.F.);
#1303=EDGE_CURVE('',#1038,#1021,#509,.T.);
#1304=EDGE_CURVE('',#1028,#963,#510,.T.);
#1305=EDGE_CURVE('',#1015,#1014,#511,.T.);
#1306=EDGE_CURVE('',#1039,#1040,#512,.T.);
#1307=EDGE_CURVE('',#1039,#1040,#358,.T.);
#1308=EDGE_CURVE('',#1041,#1041,#359,.T.);
#1309=EDGE_CURVE('',#1041,#1042,#513,.T.);
#1310=EDGE_CURVE('',#1042,#1042,#360,.T.);
#1311=EDGE_CURVE('',#1040,#1043,#514,.T.);
#1312=EDGE_CURVE('',#1044,#1039,#515,.T.);
#1313=EDGE_CURVE('',#1043,#1044,#361,.T.);
#1314=EDGE_CURVE('',#1043,#1044,#516,.T.);
#1315=EDGE_CURVE('',#1045,#1045,#362,.T.);
#1316=EDGE_CURVE('',#1046,#1046,#363,.T.);
#1317=EDGE_CURVE('',#1047,#1048,#517,.T.);
#1318=EDGE_CURVE('',#1049,#1047,#518,.T.);
#1319=EDGE_CURVE('',#1050,#1049,#519,.T.);
#1320=EDGE_CURVE('',#1051,#1050,#520,.T.);
#1321=EDGE_CURVE('',#1052,#1051,#521,.T.);
#1322=EDGE_CURVE('',#1053,#1052,#522,.T.);
#1323=EDGE_CURVE('',#1054,#1053,#364,.T.);
#1324=EDGE_CURVE('',#1055,#1054,#523,.T.);
#1325=EDGE_CURVE('',#1052,#1055,#524,.T.);
#1326=EDGE_CURVE('',#1056,#1052,#525,.T.);
#1327=EDGE_CURVE('',#1057,#1056,#526,.T.);
#1328=EDGE_CURVE('',#1058,#1057,#365,.T.);
#1329=EDGE_CURVE('',#1059,#1058,#527,.T.);
#1330=EDGE_CURVE('',#1060,#1059,#366,.T.);
#1331=EDGE_CURVE('',#1061,#1060,#528,.T.);
#1332=EDGE_CURVE('',#1062,#1061,#367,.T.);
#1333=EDGE_CURVE('',#1063,#1062,#529,.T.);
#1334=EDGE_CURVE('',#1064,#1063,#530,.T.);
#1335=EDGE_CURVE('',#1065,#1064,#531,.T.);
#1336=EDGE_CURVE('',#1066,#1065,#532,.T.);
#1337=EDGE_CURVE('',#1067,#1066,#533,.T.);
#1338=EDGE_CURVE('',#1068,#1067,#534,.T.);
#1339=EDGE_CURVE('',#1069,#1068,#535,.T.);
#1340=EDGE_CURVE('',#1070,#1069,#536,.T.);
#1341=EDGE_CURVE('',#1071,#1070,#537,.T.);
#1342=EDGE_CURVE('',#1072,#1071,#538,.T.);
#1343=EDGE_CURVE('',#1073,#1072,#539,.T.);
#1344=EDGE_CURVE('',#1074,#1073,#540,.T.);
#1345=EDGE_CURVE('',#1075,#1074,#541,.T.);
#1346=EDGE_CURVE('',#1076,#1075,#542,.T.);
#1347=EDGE_CURVE('',#1077,#1076,#543,.T.);
#1348=EDGE_CURVE('',#1078,#1077,#544,.T.);
#1349=EDGE_CURVE('',#1079,#1078,#545,.T.);
#1350=EDGE_CURVE('',#1080,#1079,#546,.T.);
#1351=EDGE_CURVE('',#1081,#1080,#547,.T.);
#1352=EDGE_CURVE('',#1082,#1081,#548,.T.);
#1353=EDGE_CURVE('',#1083,#1082,#549,.T.);
#1354=EDGE_CURVE('',#1084,#1083,#550,.T.);
#1355=EDGE_CURVE('',#1085,#1084,#551,.T.);
#1356=EDGE_CURVE('',#1086,#1085,#552,.T.);
#1357=EDGE_CURVE('',#1087,#1086,#553,.T.);
#1358=EDGE_CURVE('',#1088,#1087,#554,.T.);
#1359=EDGE_CURVE('',#1048,#1088,#555,.T.);
#1360=EDGE_CURVE('',#1089,#1089,#368,.T.);
#1361=EDGE_CURVE('',#1072,#1069,#369,.T.);
#1362=EDGE_CURVE('',#1070,#1071,#370,.T.);
#1363=EDGE_CURVE('',#1068,#1090,#556,.T.);
#1364=EDGE_CURVE('',#1090,#1091,#557,.T.);
#1365=EDGE_CURVE('',#1073,#1091,#558,.T.);
#1366=EDGE_CURVE('',#1067,#1092,#559,.T.);
#1367=EDGE_CURVE('',#1092,#1090,#560,.T.);
#1368=EDGE_CURVE('',#1066,#1093,#561,.T.);
#1369=EDGE_CURVE('',#1093,#1092,#562,.T.);
#1370=EDGE_CURVE('',#1065,#1094,#563,.T.);
#1371=EDGE_CURVE('',#1094,#1093,#564,.T.);
#1372=EDGE_CURVE('',#1064,#1095,#565,.T.);
#1373=EDGE_CURVE('',#1095,#1094,#566,.T.);
#1374=EDGE_CURVE('',#1063,#1096,#567,.T.);
#1375=EDGE_CURVE('',#1096,#1095,#568,.T.);
#1376=EDGE_CURVE('',#1062,#1097,#569,.T.);
#1377=EDGE_CURVE('',#1097,#1096,#570,.T.);
#1378=EDGE_CURVE('',#1098,#1061,#571,.T.);
#1379=EDGE_CURVE('',#1098,#1097,#371,.T.);
#1380=EDGE_CURVE('',#1099,#1060,#572,.T.);
#1381=EDGE_CURVE('',#1099,#1098,#573,.T.);
#1382=EDGE_CURVE('',#1059,#1100,#574,.T.);
#1383=EDGE_CURVE('',#1100,#1099,#372,.T.);
#1384=EDGE_CURVE('',#1101,#1058,#575,.T.);
#1385=EDGE_CURVE('',#1101,#1100,#576,.T.);
#1386=EDGE_CURVE('',#1057,#1102,#577,.T.);
#1387=EDGE_CURVE('',#1102,#1101,#373,.T.);
#1388=EDGE_CURVE('',#1056,#1103,#578,.T.);
#1389=EDGE_CURVE('',#1103,#1102,#579,.T.);
#1390=EDGE_CURVE('',#1104,#1053,#580,.T.);
#1391=EDGE_CURVE('',#1104,#1105,#374,.T.);
#1392=EDGE_CURVE('',#1054,#1105,#581,.T.);
#1393=EDGE_CURVE('',#1106,#1052,#582,.T.);
#1394=EDGE_CURVE('',#1106,#1104,#583,.T.);
#1395=EDGE_CURVE('',#1106,#1052,#584,.T.);
#1396=EDGE_CURVE('',#1106,#1103,#585,.T.);
#1397=EDGE_CURVE('',#1051,#1107,#586,.T.);
#1398=EDGE_CURVE('',#1107,#1106,#587,.T.);
#1399=EDGE_CURVE('',#1108,#1109,#588,.T.);
#1400=EDGE_CURVE('',#1110,#1108,#589,.T.);
#1401=EDGE_CURVE('',#1110,#1111,#590,.T.);
#1402=EDGE_CURVE('',#1111,#1109,#591,.T.);
#1403=EDGE_CURVE('',#1109,#1112,#592,.T.);
#1404=EDGE_CURVE('',#1112,#1113,#593,.T.);
#1405=EDGE_CURVE('',#1113,#1108,#594,.T.);
#1406=EDGE_CURVE('',#1114,#1115,#595,.T.);
#1407=EDGE_CURVE('',#1112,#1114,#596,.T.);
#1408=EDGE_CURVE('',#1116,#1111,#597,.T.);
#1409=EDGE_CURVE('',#1116,#1115,#598,.T.);
#1410=EDGE_CURVE('',#1085,#1114,#599,.T.);
#1411=EDGE_CURVE('',#1115,#1086,#600,.T.);
#1412=EDGE_CURVE('',#1087,#1116,#601,.T.);
#1413=EDGE_CURVE('',#1117,#1113,#602,.T.);
#1414=EDGE_CURVE('',#1118,#1117,#603,.T.);
#1415=EDGE_CURVE('',#1110,#1118,#604,.T.);
#1416=EDGE_CURVE('',#1117,#1084,#605,.T.);
#1417=EDGE_CURVE('',#1088,#1118,#606,.F.);
#1418=EDGE_CURVE('',#1119,#1119,#375,.T.);
#1419=EDGE_CURVE('',#1119,#1120,#607,.T.);
#1420=EDGE_CURVE('',#1120,#1120,#376,.T.);
#1421=EDGE_CURVE('',#1121,#1121,#377,.T.);
#1422=EDGE_CURVE('',#1121,#1122,#608,.T.);
#1423=EDGE_CURVE('',#1122,#1122,#378,.T.);
#1424=EDGE_CURVE('',#1123,#1124,#609,.T.);
#1425=EDGE_CURVE('',#1123,#1125,#610,.T.);
#1426=EDGE_CURVE('',#1126,#1125,#611,.T.);
#1427=EDGE_CURVE('',#1124,#1126,#612,.T.);
#1428=EDGE_CURVE('',#1124,#1127,#613,.T.);
#1429=EDGE_CURVE('',#1128,#1126,#614,.T.);
#1430=EDGE_CURVE('',#1127,#1128,#615,.T.);
#1431=EDGE_CURVE('',#1127,#1129,#616,.T.);
#1432=EDGE_CURVE('',#1130,#1128,#617,.T.);
#1433=EDGE_CURVE('',#1129,#1130,#618,.T.);
#1434=EDGE_CURVE('',#1129,#1123,#619,.T.);
#1435=EDGE_CURVE('',#1125,#1130,#620,.T.);
#1436=EDGE_CURVE('',#1131,#1132,#621,.T.);
#1437=EDGE_CURVE('',#1131,#1133,#622,.T.);
#1438=EDGE_CURVE('',#1134,#1133,#623,.T.);
#1439=EDGE_CURVE('',#1132,#1134,#624,.T.);
#1440=EDGE_CURVE('',#1135,#1131,#625,.T.);
#1441=EDGE_CURVE('',#1135,#1136,#626,.T.);
#1442=EDGE_CURVE('',#1133,#1136,#627,.T.);
#1443=EDGE_CURVE('',#1137,#1135,#628,.T.);
#1444=EDGE_CURVE('',#1137,#1138,#629,.T.);
#1445=EDGE_CURVE('',#1136,#1138,#630,.T.);
#1446=EDGE_CURVE('',#1132,#1137,#631,.T.);
#1447=EDGE_CURVE('',#1138,#1134,#632,.T.);
#1448=EDGE_CURVE('',#1050,#1075,#379,.T.);
#1449=EDGE_CURVE('',#1076,#1049,#380,.T.);
#1450=EDGE_CURVE('',#1139,#1107,#633,.T.);
#1451=EDGE_CURVE('',#1091,#1139,#634,.T.);
#1452=EDGE_CURVE('',#1140,#1140,#381,.T.);
#1453=EDGE_CURVE('',#1141,#1106,#635,.T.);
#1454=EDGE_CURVE('',#1105,#1141,#636,.T.);
#1455=EDGE_CURVE('',#1046,#1142,#637,.T.);
#1456=EDGE_CURVE('',#1142,#1142,#382,.T.);
#1457=EDGE_CURVE('',#1140,#1045,#638,.T.);
#1458=EDGE_CURVE('',#1074,#1139,#639,.T.);
#1459=EDGE_CURVE('',#1141,#1055,#640,.T.);
#1460=EDGE_CURVE('',#1143,#1144,#641,.F.);
#1461=EDGE_CURVE('',#1144,#1145,#642,.F.);
#1462=EDGE_CURVE('',#1145,#1146,#643,.F.);
#1463=EDGE_CURVE('',#1146,#1147,#644,.F.);
#1464=EDGE_CURVE('',#1147,#1148,#645,.F.);
#1465=EDGE_CURVE('',#1148,#1149,#646,.F.);
#1466=EDGE_CURVE('',#1149,#1150,#647,.F.);
#1467=EDGE_CURVE('',#1150,#1151,#648,.F.);
#1468=EDGE_CURVE('',#1151,#1152,#649,.F.);
#1469=EDGE_CURVE('',#1152,#1143,#650,.F.);
#1470=EDGE_CURVE('',#1153,#1153,#383,.T.);
#1471=EDGE_CURVE('',#1089,#1153,#651,.T.);
#1472=EDGE_CURVE('',#1143,#1048,#652,.T.);
#1473=EDGE_CURVE('',#1047,#1152,#653,.F.);
#1474=EDGE_CURVE('',#1077,#1151,#654,.F.);
#1475=EDGE_CURVE('',#1078,#1150,#655,.F.);
#1476=EDGE_CURVE('',#1079,#1149,#656,.F.);
#1477=EDGE_CURVE('',#1080,#1148,#657,.T.);
#1478=EDGE_CURVE('',#1081,#1147,#658,.F.);
#1479=EDGE_CURVE('',#1082,#1146,#659,.T.);
#1480=EDGE_CURVE('',#1083,#1145,#660,.F.);
#1481=EDGE_CURVE('',#1118,#1144,#661,.F.);
#1482=ORIENTED_EDGE('',*,*,#1154,.F.);
#1483=ORIENTED_EDGE('',*,*,#1155,.T.);
#1484=ORIENTED_EDGE('',*,*,#1156,.T.);
#1485=ORIENTED_EDGE('',*,*,#1156,.F.);
#1486=ORIENTED_EDGE('',*,*,#1157,.T.);
#1487=ORIENTED_EDGE('',*,*,#1158,.F.);
#1488=ORIENTED_EDGE('',*,*,#1157,.F.);
#1489=ORIENTED_EDGE('',*,*,#1159,.F.);
#1490=ORIENTED_EDGE('',*,*,#1155,.F.);
#1491=ORIENTED_EDGE('',*,*,#1160,.F.);
#1492=ORIENTED_EDGE('',*,*,#1161,.F.);
#1493=ORIENTED_EDGE('',*,*,#1162,.F.);
#1494=ORIENTED_EDGE('',*,*,#1161,.T.);
#1495=ORIENTED_EDGE('',*,*,#1158,.T.);
#1496=ORIENTED_EDGE('',*,*,#1163,.F.);
#1497=ORIENTED_EDGE('',*,*,#1164,.F.);
#1498=ORIENTED_EDGE('',*,*,#1165,.T.);
#1499=ORIENTED_EDGE('',*,*,#1166,.F.);
#1500=ORIENTED_EDGE('',*,*,#1167,.F.);
#1501=ORIENTED_EDGE('',*,*,#1168,.T.);
#1502=ORIENTED_EDGE('',*,*,#1169,.T.);
#1503=ORIENTED_EDGE('',*,*,#1170,.T.);
#1504=ORIENTED_EDGE('',*,*,#1171,.F.);
#1505=ORIENTED_EDGE('',*,*,#1172,.F.);
#1506=ORIENTED_EDGE('',*,*,#1173,.T.);
#1507=ORIENTED_EDGE('',*,*,#1174,.F.);
#1508=ORIENTED_EDGE('',*,*,#1175,.F.);
#1509=ORIENTED_EDGE('',*,*,#1174,.T.);
#1510=ORIENTED_EDGE('',*,*,#1176,.T.);
#1511=ORIENTED_EDGE('',*,*,#1177,.F.);
#1512=ORIENTED_EDGE('',*,*,#1178,.F.);
#1513=ORIENTED_EDGE('',*,*,#1177,.T.);
#1514=ORIENTED_EDGE('',*,*,#1179,.T.);
#1515=ORIENTED_EDGE('',*,*,#1164,.T.);
#1516=ORIENTED_EDGE('',*,*,#1180,.F.);
#1517=ORIENTED_EDGE('',*,*,#1181,.T.);
#1518=ORIENTED_EDGE('',*,*,#1182,.F.);
#1519=ORIENTED_EDGE('',*,*,#1183,.F.);
#1520=ORIENTED_EDGE('',*,*,#1184,.T.);
#1521=ORIENTED_EDGE('',*,*,#1185,.T.);
#1522=ORIENTED_EDGE('',*,*,#1186,.T.);
#1523=ORIENTED_EDGE('',*,*,#1187,.T.);
#1524=ORIENTED_EDGE('',*,*,#1188,.T.);
#1525=ORIENTED_EDGE('',*,*,#1189,.T.);
#1526=ORIENTED_EDGE('',*,*,#1190,.T.);
#1527=ORIENTED_EDGE('',*,*,#1191,.T.);
#1528=ORIENTED_EDGE('',*,*,#1192,.T.);
#1529=ORIENTED_EDGE('',*,*,#1193,.T.);
#1530=ORIENTED_EDGE('',*,*,#1194,.T.);
#1531=ORIENTED_EDGE('',*,*,#1195,.T.);
#1532=ORIENTED_EDGE('',*,*,#1196,.T.);
#1533=ORIENTED_EDGE('',*,*,#1197,.T.);
#1534=ORIENTED_EDGE('',*,*,#1198,.T.);
#1535=ORIENTED_EDGE('',*,*,#1199,.F.);
#1536=ORIENTED_EDGE('',*,*,#1200,.F.);
#1537=ORIENTED_EDGE('',*,*,#1201,.T.);
#1538=ORIENTED_EDGE('',*,*,#1172,.T.);
#1539=ORIENTED_EDGE('',*,*,#1202,.F.);
#1540=ORIENTED_EDGE('',*,*,#1203,.F.);
#1541=ORIENTED_EDGE('',*,*,#1204,.T.);
#1542=ORIENTED_EDGE('',*,*,#1200,.T.);
#1543=ORIENTED_EDGE('',*,*,#1205,.F.);
#1544=ORIENTED_EDGE('',*,*,#1206,.F.);
#1545=ORIENTED_EDGE('',*,*,#1207,.T.);
#1546=ORIENTED_EDGE('',*,*,#1208,.F.);
#1547=ORIENTED_EDGE('',*,*,#1209,.F.);
#1548=ORIENTED_EDGE('',*,*,#1210,.T.);
#1549=ORIENTED_EDGE('',*,*,#1211,.T.);
#1550=ORIENTED_EDGE('',*,*,#1168,.F.);
#1551=ORIENTED_EDGE('',*,*,#1212,.F.);
#1552=ORIENTED_EDGE('',*,*,#1213,.F.);
#1553=ORIENTED_EDGE('',*,*,#1214,.T.);
#1554=ORIENTED_EDGE('',*,*,#1203,.T.);
#1555=ORIENTED_EDGE('',*,*,#1215,.F.);
#1556=ORIENTED_EDGE('',*,*,#1216,.F.);
#1557=ORIENTED_EDGE('',*,*,#1217,.T.);
#1558=ORIENTED_EDGE('',*,*,#1206,.T.);
#1559=ORIENTED_EDGE('',*,*,#1218,.F.);
#1560=ORIENTED_EDGE('',*,*,#1219,.F.);
#1561=ORIENTED_EDGE('',*,*,#1220,.T.);
#1562=ORIENTED_EDGE('',*,*,#1210,.F.);
#1563=ORIENTED_EDGE('',*,*,#1221,.F.);
#1564=ORIENTED_EDGE('',*,*,#1222,.F.);
#1565=ORIENTED_EDGE('',*,*,#1223,.T.);
#1566=ORIENTED_EDGE('',*,*,#1213,.T.);
#1567=ORIENTED_EDGE('',*,*,#1224,.F.);
#1568=ORIENTED_EDGE('',*,*,#1166,.T.);
#1569=ORIENTED_EDGE('',*,*,#1225,.T.);
#1570=ORIENTED_EDGE('',*,*,#1216,.T.);
#1571=ORIENTED_EDGE('',*,*,#1226,.F.);
#1572=ORIENTED_EDGE('',*,*,#1227,.F.);
#1573=ORIENTED_EDGE('',*,*,#1228,.T.);
#1574=ORIENTED_EDGE('',*,*,#1222,.T.);
#1575=ORIENTED_EDGE('',*,*,#1229,.F.);
#1576=ORIENTED_EDGE('',*,*,#1185,.F.);
#1577=ORIENTED_EDGE('',*,*,#1230,.T.);
#1578=ORIENTED_EDGE('',*,*,#1227,.T.);
#1579=ORIENTED_EDGE('',*,*,#1197,.F.);
#1580=ORIENTED_EDGE('',*,*,#1231,.T.);
#1581=ORIENTED_EDGE('',*,*,#1232,.F.);
#1582=ORIENTED_EDGE('',*,*,#1231,.F.);
#1583=ORIENTED_EDGE('',*,*,#1220,.F.);
#1584=ORIENTED_EDGE('',*,*,#1233,.F.);
#1585=ORIENTED_EDGE('',*,*,#1234,.F.);
#1586=ORIENTED_EDGE('',*,*,#1211,.F.);
#1587=ORIENTED_EDGE('',*,*,#1207,.F.);
#1588=ORIENTED_EDGE('',*,*,#1217,.F.);
#1589=ORIENTED_EDGE('',*,*,#1225,.F.);
#1590=ORIENTED_EDGE('',*,*,#1165,.F.);
#1591=ORIENTED_EDGE('',*,*,#1179,.F.);
#1592=ORIENTED_EDGE('',*,*,#1176,.F.);
#1593=ORIENTED_EDGE('',*,*,#1173,.F.);
#1594=ORIENTED_EDGE('',*,*,#1201,.F.);
#1595=ORIENTED_EDGE('',*,*,#1204,.F.);
#1596=ORIENTED_EDGE('',*,*,#1214,.F.);
#1597=ORIENTED_EDGE('',*,*,#1223,.F.);
#1598=ORIENTED_EDGE('',*,*,#1228,.F.);
#1599=ORIENTED_EDGE('',*,*,#1230,.F.);
#1600=ORIENTED_EDGE('',*,*,#1184,.F.);
#1601=ORIENTED_EDGE('',*,*,#1235,.F.);
#1602=ORIENTED_EDGE('',*,*,#1236,.F.);
#1603=ORIENTED_EDGE('',*,*,#1169,.F.);
#1604=ORIENTED_EDGE('',*,*,#1232,.T.);
#1605=ORIENTED_EDGE('',*,*,#1237,.F.);
#1606=ORIENTED_EDGE('',*,*,#1238,.T.);
#1607=ORIENTED_EDGE('',*,*,#1239,.F.);
#1608=ORIENTED_EDGE('',*,*,#1240,.F.);
#1609=ORIENTED_EDGE('',*,*,#1241,.T.);
#1610=ORIENTED_EDGE('',*,*,#1242,.F.);
#1611=ORIENTED_EDGE('',*,*,#1243,.T.);
#1612=ORIENTED_EDGE('',*,*,#1242,.T.);
#1613=ORIENTED_EDGE('',*,*,#1244,.T.);
#1614=ORIENTED_EDGE('',*,*,#1245,.T.);
#1615=ORIENTED_EDGE('',*,*,#1246,.T.);
#1616=ORIENTED_EDGE('',*,*,#1245,.F.);
#1617=ORIENTED_EDGE('',*,*,#1247,.T.);
#1618=ORIENTED_EDGE('',*,*,#1248,.F.);
#1619=ORIENTED_EDGE('',*,*,#1249,.T.);
#1620=ORIENTED_EDGE('',*,*,#1250,.T.);
#1621=ORIENTED_EDGE('',*,*,#1251,.F.);
#1622=ORIENTED_EDGE('',*,*,#1252,.F.);
#1623=ORIENTED_EDGE('',*,*,#1238,.F.);
#1624=ORIENTED_EDGE('',*,*,#1243,.F.);
#1625=ORIENTED_EDGE('',*,*,#1246,.F.);
#1626=ORIENTED_EDGE('',*,*,#1253,.T.);
#1627=ORIENTED_EDGE('',*,*,#1251,.T.);
#1628=ORIENTED_EDGE('',*,*,#1254,.T.);
#1629=ORIENTED_EDGE('',*,*,#1255,.F.);
#1630=ORIENTED_EDGE('',*,*,#1256,.F.);
#1631=ORIENTED_EDGE('',*,*,#1257,.F.);
#1632=ORIENTED_EDGE('',*,*,#1181,.F.);
#1633=ORIENTED_EDGE('',*,*,#1196,.F.);
#1634=ORIENTED_EDGE('',*,*,#1258,.T.);
#1635=ORIENTED_EDGE('',*,*,#1259,.F.);
#1636=ORIENTED_EDGE('',*,*,#1258,.F.);
#1637=ORIENTED_EDGE('',*,*,#1260,.F.);
#1638=ORIENTED_EDGE('',*,*,#1261,.T.);
#1639=ORIENTED_EDGE('',*,*,#1237,.T.);
#1640=ORIENTED_EDGE('',*,*,#1261,.F.);
#1641=ORIENTED_EDGE('',*,*,#1198,.F.);
#1642=ORIENTED_EDGE('',*,*,#1262,.T.);
#1643=ORIENTED_EDGE('',*,*,#1263,.F.);
#1644=ORIENTED_EDGE('',*,*,#1262,.F.);
#1645=ORIENTED_EDGE('',*,*,#1264,.F.);
#1646=ORIENTED_EDGE('',*,*,#1265,.F.);
#1647=ORIENTED_EDGE('',*,*,#1187,.F.);
#1648=ORIENTED_EDGE('',*,*,#1266,.F.);
#1649=ORIENTED_EDGE('',*,*,#1267,.F.);
#1650=ORIENTED_EDGE('',*,*,#1268,.F.);
#1651=ORIENTED_EDGE('',*,*,#1188,.F.);
#1652=ORIENTED_EDGE('',*,*,#1265,.T.);
#1653=ORIENTED_EDGE('',*,*,#1269,.F.);
#1654=ORIENTED_EDGE('',*,*,#1270,.T.);
#1655=ORIENTED_EDGE('',*,*,#1271,.F.);
#1656=ORIENTED_EDGE('',*,*,#1266,.T.);
#1657=ORIENTED_EDGE('',*,*,#1186,.F.);
#1658=ORIENTED_EDGE('',*,*,#1272,.T.);
#1659=ORIENTED_EDGE('',*,*,#1273,.T.);
#1660=ORIENTED_EDGE('',*,*,#1274,.F.);
#1661=ORIENTED_EDGE('',*,*,#1270,.F.);
#1662=ORIENTED_EDGE('',*,*,#1275,.F.);
#1663=ORIENTED_EDGE('',*,*,#1276,.F.);
#1664=ORIENTED_EDGE('',*,*,#1277,.F.);
#1665=ORIENTED_EDGE('',*,*,#1273,.F.);
#1666=ORIENTED_EDGE('',*,*,#1239,.T.);
#1667=ORIENTED_EDGE('',*,*,#1254,.F.);
#1668=ORIENTED_EDGE('',*,*,#1250,.F.);
#1669=ORIENTED_EDGE('',*,*,#1278,.T.);
#1670=ORIENTED_EDGE('',*,*,#1279,.F.);
#1671=ORIENTED_EDGE('',*,*,#1276,.T.);
#1672=ORIENTED_EDGE('',*,*,#1280,.F.);
#1673=ORIENTED_EDGE('',*,*,#1170,.F.);
#1674=ORIENTED_EDGE('',*,*,#1236,.T.);
#1675=ORIENTED_EDGE('',*,*,#1281,.T.);
#1676=ORIENTED_EDGE('',*,*,#1282,.F.);
#1677=ORIENTED_EDGE('',*,*,#1278,.F.);
#1678=ORIENTED_EDGE('',*,*,#1249,.F.);
#1679=ORIENTED_EDGE('',*,*,#1283,.F.);
#1680=ORIENTED_EDGE('',*,*,#1284,.F.);
#1681=ORIENTED_EDGE('',*,*,#1283,.T.);
#1682=ORIENTED_EDGE('',*,*,#1252,.T.);
#1683=ORIENTED_EDGE('',*,*,#1253,.F.);
#1684=ORIENTED_EDGE('',*,*,#1248,.T.);
#1685=ORIENTED_EDGE('',*,*,#1285,.T.);
#1686=ORIENTED_EDGE('',*,*,#1286,.F.);
#1687=ORIENTED_EDGE('',*,*,#1208,.T.);
#1688=ORIENTED_EDGE('',*,*,#1234,.T.);
#1689=ORIENTED_EDGE('',*,*,#1287,.F.);
#1690=ORIENTED_EDGE('',*,*,#1288,.F.);
#1691=ORIENTED_EDGE('',*,*,#1285,.F.);
#1692=ORIENTED_EDGE('',*,*,#1247,.F.);
#1693=ORIENTED_EDGE('',*,*,#1244,.F.);
#1694=ORIENTED_EDGE('',*,*,#1241,.F.);
#1695=ORIENTED_EDGE('',*,*,#1289,.F.);
#1696=ORIENTED_EDGE('',*,*,#1290,.F.);
#1697=ORIENTED_EDGE('',*,*,#1287,.T.);
#1698=ORIENTED_EDGE('',*,*,#1233,.T.);
#1699=ORIENTED_EDGE('',*,*,#1219,.T.);
#1700=ORIENTED_EDGE('',*,*,#1291,.F.);
#1701=ORIENTED_EDGE('',*,*,#1289,.T.);
#1702=ORIENTED_EDGE('',*,*,#1240,.T.);
#1703=ORIENTED_EDGE('',*,*,#1272,.F.);
#1704=ORIENTED_EDGE('',*,*,#1195,.F.);
#1705=ORIENTED_EDGE('',*,*,#1292,.T.);
#1706=ORIENTED_EDGE('',*,*,#1293,.F.);
#1707=ORIENTED_EDGE('',*,*,#1292,.F.);
#1708=ORIENTED_EDGE('',*,*,#1194,.F.);
#1709=ORIENTED_EDGE('',*,*,#1294,.T.);
#1710=ORIENTED_EDGE('',*,*,#1295,.F.);
#1711=ORIENTED_EDGE('',*,*,#1294,.F.);
#1712=ORIENTED_EDGE('',*,*,#1193,.F.);
#1713=ORIENTED_EDGE('',*,*,#1296,.T.);
#1714=ORIENTED_EDGE('',*,*,#1297,.F.);
#1715=ORIENTED_EDGE('',*,*,#1296,.F.);
#1716=ORIENTED_EDGE('',*,*,#1192,.F.);
#1717=ORIENTED_EDGE('',*,*,#1298,.T.);
#1718=ORIENTED_EDGE('',*,*,#1299,.F.);
#1719=ORIENTED_EDGE('',*,*,#1298,.F.);
#1720=ORIENTED_EDGE('',*,*,#1191,.F.);
#1721=ORIENTED_EDGE('',*,*,#1300,.T.);
#1722=ORIENTED_EDGE('',*,*,#1301,.F.);
#1723=ORIENTED_EDGE('',*,*,#1300,.F.);
#1724=ORIENTED_EDGE('',*,*,#1190,.F.);
#1725=ORIENTED_EDGE('',*,*,#1302,.T.);
#1726=ORIENTED_EDGE('',*,*,#1303,.F.);
#1727=ORIENTED_EDGE('',*,*,#1302,.F.);
#1728=ORIENTED_EDGE('',*,*,#1189,.F.);
#1729=ORIENTED_EDGE('',*,*,#1268,.T.);
#1730=ORIENTED_EDGE('',*,*,#1160,.T.);
#1731=ORIENTED_EDGE('',*,*,#1154,.T.);
#1732=ORIENTED_EDGE('',*,*,#1159,.T.);
#1733=ORIENTED_EDGE('',*,*,#1162,.T.);
#1734=ORIENTED_EDGE('',*,*,#1304,.F.);
#1735=ORIENTED_EDGE('',*,*,#1281,.F.);
#1736=ORIENTED_EDGE('',*,*,#1235,.T.);
#1737=ORIENTED_EDGE('',*,*,#1183,.T.);
#1738=ORIENTED_EDGE('',*,*,#1305,.F.);
#1739=ORIENTED_EDGE('',*,*,#1256,.T.);
#1740=ORIENTED_EDGE('',*,*,#1260,.T.);
#1741=ORIENTED_EDGE('',*,*,#1263,.T.);
#1742=ORIENTED_EDGE('',*,*,#1264,.T.);
#1743=ORIENTED_EDGE('',*,*,#1271,.T.);
#1744=ORIENTED_EDGE('',*,*,#1277,.T.);
#1745=ORIENTED_EDGE('',*,*,#1282,.T.);
#1746=ORIENTED_EDGE('',*,*,#1284,.T.);
#1747=ORIENTED_EDGE('',*,*,#1288,.T.);
#1748=ORIENTED_EDGE('',*,*,#1291,.T.);
#1749=ORIENTED_EDGE('',*,*,#1293,.T.);
#1750=ORIENTED_EDGE('',*,*,#1295,.T.);
#1751=ORIENTED_EDGE('',*,*,#1297,.T.);
#1752=ORIENTED_EDGE('',*,*,#1299,.T.);
#1753=ORIENTED_EDGE('',*,*,#1301,.T.);
#1754=ORIENTED_EDGE('',*,*,#1303,.T.);
#1755=ORIENTED_EDGE('',*,*,#1267,.T.);
#1756=ORIENTED_EDGE('',*,*,#1274,.T.);
#1757=ORIENTED_EDGE('',*,*,#1279,.T.);
#1758=ORIENTED_EDGE('',*,*,#1304,.T.);
#1759=ORIENTED_EDGE('',*,*,#1182,.T.);
#1760=ORIENTED_EDGE('',*,*,#1257,.T.);
#1761=ORIENTED_EDGE('',*,*,#1305,.T.);
#1762=ORIENTED_EDGE('',*,*,#1255,.T.);
#1763=ORIENTED_EDGE('',*,*,#1180,.T.);
#1764=ORIENTED_EDGE('',*,*,#1229,.T.);
#1765=ORIENTED_EDGE('',*,*,#1226,.T.);
#1766=ORIENTED_EDGE('',*,*,#1221,.T.);
#1767=ORIENTED_EDGE('',*,*,#1212,.T.);
#1768=ORIENTED_EDGE('',*,*,#1202,.T.);
#1769=ORIENTED_EDGE('',*,*,#1199,.T.);
#1770=ORIENTED_EDGE('',*,*,#1171,.T.);
#1771=ORIENTED_EDGE('',*,*,#1175,.T.);
#1772=ORIENTED_EDGE('',*,*,#1178,.T.);
#1773=ORIENTED_EDGE('',*,*,#1163,.T.);
#1774=ORIENTED_EDGE('',*,*,#1224,.T.);
#1775=ORIENTED_EDGE('',*,*,#1215,.T.);
#1776=ORIENTED_EDGE('',*,*,#1205,.T.);
#1777=ORIENTED_EDGE('',*,*,#1286,.T.);
#1778=ORIENTED_EDGE('',*,*,#1290,.T.);
#1779=ORIENTED_EDGE('',*,*,#1218,.T.);
#1780=ORIENTED_EDGE('',*,*,#1209,.T.);
#1781=ORIENTED_EDGE('',*,*,#1167,.T.);
#1782=ORIENTED_EDGE('',*,*,#1280,.T.);
#1783=ORIENTED_EDGE('',*,*,#1275,.T.);
#1784=ORIENTED_EDGE('',*,*,#1269,.T.);
#1785=ORIENTED_EDGE('',*,*,#1259,.T.);
#1786=ORIENTED_EDGE('',*,*,#1306,.F.);
#1787=ORIENTED_EDGE('',*,*,#1307,.T.);
#1788=ORIENTED_EDGE('',*,*,#1308,.T.);
#1789=ORIENTED_EDGE('',*,*,#1308,.F.);
#1790=ORIENTED_EDGE('',*,*,#1309,.T.);
#1791=ORIENTED_EDGE('',*,*,#1310,.F.);
#1792=ORIENTED_EDGE('',*,*,#1309,.F.);
#1793=ORIENTED_EDGE('',*,*,#1311,.F.);
#1794=ORIENTED_EDGE('',*,*,#1307,.F.);
#1795=ORIENTED_EDGE('',*,*,#1312,.F.);
#1796=ORIENTED_EDGE('',*,*,#1313,.F.);
#1797=ORIENTED_EDGE('',*,*,#1314,.F.);
#1798=ORIENTED_EDGE('',*,*,#1313,.T.);
#1799=ORIENTED_EDGE('',*,*,#1310,.T.);
#1800=ORIENTED_EDGE('',*,*,#1315,.F.);
#1801=ORIENTED_EDGE('',*,*,#1316,.F.);
#1802=ORIENTED_EDGE('',*,*,#1317,.F.);
#1803=ORIENTED_EDGE('',*,*,#1318,.F.);
#1804=ORIENTED_EDGE('',*,*,#1319,.F.);
#1805=ORIENTED_EDGE('',*,*,#1320,.F.);
#1806=ORIENTED_EDGE('',*,*,#1321,.F.);
#1807=ORIENTED_EDGE('',*,*,#1322,.F.);
#1808=ORIENTED_EDGE('',*,*,#1323,.F.);
#1809=ORIENTED_EDGE('',*,*,#1324,.F.);
#1810=ORIENTED_EDGE('',*,*,#1325,.F.);
#1811=ORIENTED_EDGE('',*,*,#1326,.F.);
#1812=ORIENTED_EDGE('',*,*,#1327,.F.);
#1813=ORIENTED_EDGE('',*,*,#1328,.F.);
#1814=ORIENTED_EDGE('',*,*,#1329,.F.);
#1815=ORIENTED_EDGE('',*,*,#1330,.F.);
#1816=ORIENTED_EDGE('',*,*,#1331,.F.);
#1817=ORIENTED_EDGE('',*,*,#1332,.F.);
#1818=ORIENTED_EDGE('',*,*,#1333,.F.);
#1819=ORIENTED_EDGE('',*,*,#1334,.F.);
#1820=ORIENTED_EDGE('',*,*,#1335,.F.);
#1821=ORIENTED_EDGE('',*,*,#1336,.F.);
#1822=ORIENTED_EDGE('',*,*,#1337,.F.);
#1823=ORIENTED_EDGE('',*,*,#1338,.F.);
#1824=ORIENTED_EDGE('',*,*,#1339,.F.);
#1825=ORIENTED_EDGE('',*,*,#1340,.F.);
#1826=ORIENTED_EDGE('',*,*,#1341,.F.);
#1827=ORIENTED_EDGE('',*,*,#1342,.F.);
#1828=ORIENTED_EDGE('',*,*,#1343,.F.);
#1829=ORIENTED_EDGE('',*,*,#1344,.F.);
#1830=ORIENTED_EDGE('',*,*,#1345,.F.);
#1831=ORIENTED_EDGE('',*,*,#1346,.F.);
#1832=ORIENTED_EDGE('',*,*,#1347,.F.);
#1833=ORIENTED_EDGE('',*,*,#1348,.F.);
#1834=ORIENTED_EDGE('',*,*,#1349,.F.);
#1835=ORIENTED_EDGE('',*,*,#1350,.F.);
#1836=ORIENTED_EDGE('',*,*,#1351,.F.);
#1837=ORIENTED_EDGE('',*,*,#1352,.F.);
#1838=ORIENTED_EDGE('',*,*,#1353,.F.);
#1839=ORIENTED_EDGE('',*,*,#1354,.F.);
#1840=ORIENTED_EDGE('',*,*,#1355,.F.);
#1841=ORIENTED_EDGE('',*,*,#1356,.F.);
#1842=ORIENTED_EDGE('',*,*,#1357,.F.);
#1843=ORIENTED_EDGE('',*,*,#1358,.F.);
#1844=ORIENTED_EDGE('',*,*,#1359,.F.);
#1845=ORIENTED_EDGE('',*,*,#1360,.F.);
#1846=ORIENTED_EDGE('',*,*,#1340,.T.);
#1847=ORIENTED_EDGE('',*,*,#1361,.F.);
#1848=ORIENTED_EDGE('',*,*,#1342,.T.);
#1849=ORIENTED_EDGE('',*,*,#1362,.F.);
#1850=ORIENTED_EDGE('',*,*,#1339,.T.);
#1851=ORIENTED_EDGE('',*,*,#1363,.T.);
#1852=ORIENTED_EDGE('',*,*,#1364,.T.);
#1853=ORIENTED_EDGE('',*,*,#1365,.F.);
#1854=ORIENTED_EDGE('',*,*,#1343,.T.);
#1855=ORIENTED_EDGE('',*,*,#1361,.T.);
#1856=ORIENTED_EDGE('',*,*,#1338,.T.);
#1857=ORIENTED_EDGE('',*,*,#1366,.T.);
#1858=ORIENTED_EDGE('',*,*,#1367,.T.);
#1859=ORIENTED_EDGE('',*,*,#1363,.F.);
#1860=ORIENTED_EDGE('',*,*,#1337,.T.);
#1861=ORIENTED_EDGE('',*,*,#1368,.T.);
#1862=ORIENTED_EDGE('',*,*,#1369,.T.);
#1863=ORIENTED_EDGE('',*,*,#1366,.F.);
#1864=ORIENTED_EDGE('',*,*,#1336,.T.);
#1865=ORIENTED_EDGE('',*,*,#1370,.T.);
#1866=ORIENTED_EDGE('',*,*,#1371,.T.);
#1867=ORIENTED_EDGE('',*,*,#1368,.F.);
#1868=ORIENTED_EDGE('',*,*,#1335,.T.);
#1869=ORIENTED_EDGE('',*,*,#1372,.T.);
#1870=ORIENTED_EDGE('',*,*,#1373,.T.);
#1871=ORIENTED_EDGE('',*,*,#1370,.F.);
#1872=ORIENTED_EDGE('',*,*,#1334,.T.);
#1873=ORIENTED_EDGE('',*,*,#1374,.T.);
#1874=ORIENTED_EDGE('',*,*,#1375,.T.);
#1875=ORIENTED_EDGE('',*,*,#1372,.F.);
#1876=ORIENTED_EDGE('',*,*,#1333,.T.);
#1877=ORIENTED_EDGE('',*,*,#1376,.T.);
#1878=ORIENTED_EDGE('',*,*,#1377,.T.);
#1879=ORIENTED_EDGE('',*,*,#1374,.F.);
#1880=ORIENTED_EDGE('',*,*,#1332,.T.);
#1881=ORIENTED_EDGE('',*,*,#1378,.F.);
#1882=ORIENTED_EDGE('',*,*,#1379,.T.);
#1883=ORIENTED_EDGE('',*,*,#1376,.F.);
#1884=ORIENTED_EDGE('',*,*,#1331,.T.);
#1885=ORIENTED_EDGE('',*,*,#1380,.F.);
#1886=ORIENTED_EDGE('',*,*,#1381,.T.);
#1887=ORIENTED_EDGE('',*,*,#1378,.T.);
#1888=ORIENTED_EDGE('',*,*,#1330,.T.);
#1889=ORIENTED_EDGE('',*,*,#1382,.T.);
#1890=ORIENTED_EDGE('',*,*,#1383,.T.);
#1891=ORIENTED_EDGE('',*,*,#1380,.T.);
#1892=ORIENTED_EDGE('',*,*,#1329,.T.);
#1893=ORIENTED_EDGE('',*,*,#1384,.F.);
#1894=ORIENTED_EDGE('',*,*,#1385,.T.);
#1895=ORIENTED_EDGE('',*,*,#1382,.F.);
#1896=ORIENTED_EDGE('',*,*,#1328,.T.);
#1897=ORIENTED_EDGE('',*,*,#1386,.T.);
#1898=ORIENTED_EDGE('',*,*,#1387,.T.);
#1899=ORIENTED_EDGE('',*,*,#1384,.T.);
#1900=ORIENTED_EDGE('',*,*,#1327,.T.);
#1901=ORIENTED_EDGE('',*,*,#1388,.T.);
#1902=ORIENTED_EDGE('',*,*,#1389,.T.);
#1903=ORIENTED_EDGE('',*,*,#1386,.F.);
#1904=ORIENTED_EDGE('',*,*,#1323,.T.);
#1905=ORIENTED_EDGE('',*,*,#1390,.F.);
#1906=ORIENTED_EDGE('',*,*,#1391,.T.);
#1907=ORIENTED_EDGE('',*,*,#1392,.F.);
#1908=ORIENTED_EDGE('',*,*,#1322,.T.);
#1909=ORIENTED_EDGE('',*,*,#1393,.F.);
#1910=ORIENTED_EDGE('',*,*,#1394,.T.);
#1911=ORIENTED_EDGE('',*,*,#1390,.T.);
#1912=ORIENTED_EDGE('',*,*,#1326,.T.);
#1913=ORIENTED_EDGE('',*,*,#1395,.F.);
#1914=ORIENTED_EDGE('',*,*,#1396,.T.);
#1915=ORIENTED_EDGE('',*,*,#1388,.F.);
#1916=ORIENTED_EDGE('',*,*,#1321,.T.);
#1917=ORIENTED_EDGE('',*,*,#1397,.T.);
#1918=ORIENTED_EDGE('',*,*,#1398,.T.);
#1919=ORIENTED_EDGE('',*,*,#1393,.T.);
#1920=ORIENTED_EDGE('',*,*,#1341,.T.);
#1921=ORIENTED_EDGE('',*,*,#1362,.T.);
#1922=ORIENTED_EDGE('',*,*,#1399,.F.);
#1923=ORIENTED_EDGE('',*,*,#1400,.F.);
#1924=ORIENTED_EDGE('',*,*,#1401,.T.);
#1925=ORIENTED_EDGE('',*,*,#1402,.T.);
#1926=ORIENTED_EDGE('',*,*,#1399,.T.);
#1927=ORIENTED_EDGE('',*,*,#1403,.T.);
#1928=ORIENTED_EDGE('',*,*,#1404,.T.);
#1929=ORIENTED_EDGE('',*,*,#1405,.T.);
#1930=ORIENTED_EDGE('',*,*,#1406,.F.);
#1931=ORIENTED_EDGE('',*,*,#1407,.F.);
#1932=ORIENTED_EDGE('',*,*,#1403,.F.);
#1933=ORIENTED_EDGE('',*,*,#1402,.F.);
#1934=ORIENTED_EDGE('',*,*,#1408,.F.);
#1935=ORIENTED_EDGE('',*,*,#1409,.T.);
#1936=ORIENTED_EDGE('',*,*,#1356,.T.);
#1937=ORIENTED_EDGE('',*,*,#1410,.T.);
#1938=ORIENTED_EDGE('',*,*,#1406,.T.);
#1939=ORIENTED_EDGE('',*,*,#1411,.T.);
#1940=ORIENTED_EDGE('',*,*,#1357,.T.);
#1941=ORIENTED_EDGE('',*,*,#1411,.F.);
#1942=ORIENTED_EDGE('',*,*,#1409,.F.);
#1943=ORIENTED_EDGE('',*,*,#1412,.F.);
#1944=ORIENTED_EDGE('',*,*,#1400,.T.);
#1945=ORIENTED_EDGE('',*,*,#1405,.F.);
#1946=ORIENTED_EDGE('',*,*,#1413,.F.);
#1947=ORIENTED_EDGE('',*,*,#1414,.F.);
#1948=ORIENTED_EDGE('',*,*,#1415,.F.);
#1949=ORIENTED_EDGE('',*,*,#1355,.T.);
#1950=ORIENTED_EDGE('',*,*,#1416,.F.);
#1951=ORIENTED_EDGE('',*,*,#1413,.T.);
#1952=ORIENTED_EDGE('',*,*,#1404,.F.);
#1953=ORIENTED_EDGE('',*,*,#1407,.T.);
#1954=ORIENTED_EDGE('',*,*,#1410,.F.);
#1955=ORIENTED_EDGE('',*,*,#1358,.T.);
#1956=ORIENTED_EDGE('',*,*,#1412,.T.);
#1957=ORIENTED_EDGE('',*,*,#1408,.T.);
#1958=ORIENTED_EDGE('',*,*,#1401,.F.);
#1959=ORIENTED_EDGE('',*,*,#1415,.T.);
#1960=ORIENTED_EDGE('',*,*,#1417,.F.);
#1961=ORIENTED_EDGE('',*,*,#1418,.F.);
#1962=ORIENTED_EDGE('',*,*,#1419,.T.);
#1963=ORIENTED_EDGE('',*,*,#1420,.F.);
#1964=ORIENTED_EDGE('',*,*,#1419,.F.);
#1965=ORIENTED_EDGE('',*,*,#1421,.F.);
#1966=ORIENTED_EDGE('',*,*,#1422,.T.);
#1967=ORIENTED_EDGE('',*,*,#1423,.F.);
#1968=ORIENTED_EDGE('',*,*,#1422,.F.);
#1969=ORIENTED_EDGE('',*,*,#1424,.F.);
#1970=ORIENTED_EDGE('',*,*,#1425,.T.);
#1971=ORIENTED_EDGE('',*,*,#1426,.F.);
#1972=ORIENTED_EDGE('',*,*,#1427,.F.);
#1973=ORIENTED_EDGE('',*,*,#1428,.F.);
#1974=ORIENTED_EDGE('',*,*,#1427,.T.);
#1975=ORIENTED_EDGE('',*,*,#1429,.F.);
#1976=ORIENTED_EDGE('',*,*,#1430,.F.);
#1977=ORIENTED_EDGE('',*,*,#1420,.T.);
#1978=ORIENTED_EDGE('',*,*,#1423,.T.);
#1979=ORIENTED_EDGE('',*,*,#1431,.F.);
#1980=ORIENTED_EDGE('',*,*,#1430,.T.);
#1981=ORIENTED_EDGE('',*,*,#1432,.F.);
#1982=ORIENTED_EDGE('',*,*,#1433,.F.);
#1983=ORIENTED_EDGE('',*,*,#1434,.F.);
#1984=ORIENTED_EDGE('',*,*,#1433,.T.);
#1985=ORIENTED_EDGE('',*,*,#1435,.F.);
#1986=ORIENTED_EDGE('',*,*,#1425,.F.);
#1987=ORIENTED_EDGE('',*,*,#1418,.T.);
#1988=ORIENTED_EDGE('',*,*,#1421,.T.);
#1989=ORIENTED_EDGE('',*,*,#1435,.T.);
#1990=ORIENTED_EDGE('',*,*,#1432,.T.);
#1991=ORIENTED_EDGE('',*,*,#1429,.T.);
#1992=ORIENTED_EDGE('',*,*,#1426,.T.);
#1993=ORIENTED_EDGE('',*,*,#1436,.F.);
#1994=ORIENTED_EDGE('',*,*,#1437,.T.);
#1995=ORIENTED_EDGE('',*,*,#1438,.F.);
#1996=ORIENTED_EDGE('',*,*,#1439,.F.);
#1997=ORIENTED_EDGE('',*,*,#1440,.F.);
#1998=ORIENTED_EDGE('',*,*,#1441,.T.);
#1999=ORIENTED_EDGE('',*,*,#1442,.F.);
#2000=ORIENTED_EDGE('',*,*,#1437,.F.);
#2001=ORIENTED_EDGE('',*,*,#1443,.F.);
#2002=ORIENTED_EDGE('',*,*,#1444,.T.);
#2003=ORIENTED_EDGE('',*,*,#1445,.F.);
#2004=ORIENTED_EDGE('',*,*,#1441,.F.);
#2005=ORIENTED_EDGE('',*,*,#1446,.F.);
#2006=ORIENTED_EDGE('',*,*,#1439,.T.);
#2007=ORIENTED_EDGE('',*,*,#1447,.F.);
#2008=ORIENTED_EDGE('',*,*,#1444,.F.);
#2009=ORIENTED_EDGE('',*,*,#1346,.T.);
#2010=ORIENTED_EDGE('',*,*,#1448,.F.);
#2011=ORIENTED_EDGE('',*,*,#1319,.T.);
#2012=ORIENTED_EDGE('',*,*,#1449,.F.);
#2013=ORIENTED_EDGE('',*,*,#1379,.F.);
#2014=ORIENTED_EDGE('',*,*,#1381,.F.);
#2015=ORIENTED_EDGE('',*,*,#1383,.F.);
#2016=ORIENTED_EDGE('',*,*,#1385,.F.);
#2017=ORIENTED_EDGE('',*,*,#1387,.F.);
#2018=ORIENTED_EDGE('',*,*,#1389,.F.);
#2019=ORIENTED_EDGE('',*,*,#1396,.F.);
#2020=ORIENTED_EDGE('',*,*,#1398,.F.);
#2021=ORIENTED_EDGE('',*,*,#1450,.F.);
#2022=ORIENTED_EDGE('',*,*,#1451,.F.);
#2023=ORIENTED_EDGE('',*,*,#1364,.F.);
#2024=ORIENTED_EDGE('',*,*,#1367,.F.);
#2025=ORIENTED_EDGE('',*,*,#1369,.F.);
#2026=ORIENTED_EDGE('',*,*,#1371,.F.);
#2027=ORIENTED_EDGE('',*,*,#1373,.F.);
#2028=ORIENTED_EDGE('',*,*,#1375,.F.);
#2029=ORIENTED_EDGE('',*,*,#1377,.F.);
#2030=ORIENTED_EDGE('',*,*,#1438,.T.);
#2031=ORIENTED_EDGE('',*,*,#1442,.T.);
#2032=ORIENTED_EDGE('',*,*,#1445,.T.);
#2033=ORIENTED_EDGE('',*,*,#1447,.T.);
#2034=ORIENTED_EDGE('',*,*,#1452,.F.);
#2035=ORIENTED_EDGE('',*,*,#1453,.F.);
#2036=ORIENTED_EDGE('',*,*,#1454,.F.);
#2037=ORIENTED_EDGE('',*,*,#1391,.F.);
#2038=ORIENTED_EDGE('',*,*,#1394,.F.);
#2039=ORIENTED_EDGE('',*,*,#1316,.T.);
#2040=ORIENTED_EDGE('',*,*,#1455,.T.);
#2041=ORIENTED_EDGE('',*,*,#1456,.F.);
#2042=ORIENTED_EDGE('',*,*,#1455,.F.);
#2043=ORIENTED_EDGE('',*,*,#1452,.T.);
#2044=ORIENTED_EDGE('',*,*,#1457,.T.);
#2045=ORIENTED_EDGE('',*,*,#1315,.T.);
#2046=ORIENTED_EDGE('',*,*,#1457,.F.);
#2047=ORIENTED_EDGE('',*,*,#1344,.T.);
#2048=ORIENTED_EDGE('',*,*,#1365,.T.);
#2049=ORIENTED_EDGE('',*,*,#1451,.T.);
#2050=ORIENTED_EDGE('',*,*,#1458,.F.);
#2051=ORIENTED_EDGE('',*,*,#1345,.T.);
#2052=ORIENTED_EDGE('',*,*,#1458,.T.);
#2053=ORIENTED_EDGE('',*,*,#1450,.T.);
#2054=ORIENTED_EDGE('',*,*,#1397,.F.);
#2055=ORIENTED_EDGE('',*,*,#1320,.T.);
#2056=ORIENTED_EDGE('',*,*,#1448,.T.);
#2057=ORIENTED_EDGE('',*,*,#1325,.T.);
#2058=ORIENTED_EDGE('',*,*,#1459,.F.);
#2059=ORIENTED_EDGE('',*,*,#1453,.T.);
#2060=ORIENTED_EDGE('',*,*,#1395,.T.);
#2061=ORIENTED_EDGE('',*,*,#1460,.T.);
#2062=ORIENTED_EDGE('',*,*,#1461,.T.);
#2063=ORIENTED_EDGE('',*,*,#1462,.T.);
#2064=ORIENTED_EDGE('',*,*,#1463,.T.);
#2065=ORIENTED_EDGE('',*,*,#1464,.T.);
#2066=ORIENTED_EDGE('',*,*,#1465,.T.);
#2067=ORIENTED_EDGE('',*,*,#1466,.T.);
#2068=ORIENTED_EDGE('',*,*,#1467,.T.);
#2069=ORIENTED_EDGE('',*,*,#1468,.T.);
#2070=ORIENTED_EDGE('',*,*,#1469,.T.);
#2071=ORIENTED_EDGE('',*,*,#1424,.T.);
#2072=ORIENTED_EDGE('',*,*,#1428,.T.);
#2073=ORIENTED_EDGE('',*,*,#1431,.T.);
#2074=ORIENTED_EDGE('',*,*,#1434,.T.);
#2075=ORIENTED_EDGE('',*,*,#1436,.T.);
#2076=ORIENTED_EDGE('',*,*,#1446,.T.);
#2077=ORIENTED_EDGE('',*,*,#1443,.T.);
#2078=ORIENTED_EDGE('',*,*,#1440,.T.);
#2079=ORIENTED_EDGE('',*,*,#1456,.T.);
#2080=ORIENTED_EDGE('',*,*,#1470,.T.);
#2081=ORIENTED_EDGE('',*,*,#1360,.T.);
#2082=ORIENTED_EDGE('',*,*,#1471,.T.);
#2083=ORIENTED_EDGE('',*,*,#1470,.F.);
#2084=ORIENTED_EDGE('',*,*,#1471,.F.);
#2085=ORIENTED_EDGE('',*,*,#1324,.T.);
#2086=ORIENTED_EDGE('',*,*,#1392,.T.);
#2087=ORIENTED_EDGE('',*,*,#1454,.T.);
#2088=ORIENTED_EDGE('',*,*,#1459,.T.);
#2089=ORIENTED_EDGE('',*,*,#1317,.T.);
#2090=ORIENTED_EDGE('',*,*,#1472,.F.);
#2091=ORIENTED_EDGE('',*,*,#1469,.F.);
#2092=ORIENTED_EDGE('',*,*,#1473,.F.);
#2093=ORIENTED_EDGE('',*,*,#1347,.T.);
#2094=ORIENTED_EDGE('',*,*,#1449,.T.);
#2095=ORIENTED_EDGE('',*,*,#1318,.T.);
#2096=ORIENTED_EDGE('',*,*,#1473,.T.);
#2097=ORIENTED_EDGE('',*,*,#1468,.F.);
#2098=ORIENTED_EDGE('',*,*,#1474,.F.);
#2099=ORIENTED_EDGE('',*,*,#1348,.T.);
#2100=ORIENTED_EDGE('',*,*,#1474,.T.);
#2101=ORIENTED_EDGE('',*,*,#1467,.F.);
#2102=ORIENTED_EDGE('',*,*,#1475,.F.);
#2103=ORIENTED_EDGE('',*,*,#1312,.T.);
#2104=ORIENTED_EDGE('',*,*,#1306,.T.);
#2105=ORIENTED_EDGE('',*,*,#1311,.T.);
#2106=ORIENTED_EDGE('',*,*,#1314,.T.);
#2107=ORIENTED_EDGE('',*,*,#1349,.T.);
#2108=ORIENTED_EDGE('',*,*,#1475,.T.);
#2109=ORIENTED_EDGE('',*,*,#1466,.F.);
#2110=ORIENTED_EDGE('',*,*,#1476,.F.);
#2111=ORIENTED_EDGE('',*,*,#1350,.T.);
#2112=ORIENTED_EDGE('',*,*,#1476,.T.);
#2113=ORIENTED_EDGE('',*,*,#1465,.F.);
#2114=ORIENTED_EDGE('',*,*,#1477,.F.);
#2115=ORIENTED_EDGE('',*,*,#1351,.T.);
#2116=ORIENTED_EDGE('',*,*,#1477,.T.);
#2117=ORIENTED_EDGE('',*,*,#1464,.F.);
#2118=ORIENTED_EDGE('',*,*,#1478,.F.);
#2119=ORIENTED_EDGE('',*,*,#1352,.T.);
#2120=ORIENTED_EDGE('',*,*,#1478,.T.);
#2121=ORIENTED_EDGE('',*,*,#1463,.F.);
#2122=ORIENTED_EDGE('',*,*,#1479,.F.);
#2123=ORIENTED_EDGE('',*,*,#1353,.T.);
#2124=ORIENTED_EDGE('',*,*,#1479,.T.);
#2125=ORIENTED_EDGE('',*,*,#1462,.F.);
#2126=ORIENTED_EDGE('',*,*,#1480,.F.);
#2127=ORIENTED_EDGE('',*,*,#1354,.T.);
#2128=ORIENTED_EDGE('',*,*,#1480,.T.);
#2129=ORIENTED_EDGE('',*,*,#1461,.F.);
#2130=ORIENTED_EDGE('',*,*,#1481,.F.);
#2131=ORIENTED_EDGE('',*,*,#1414,.T.);
#2132=ORIENTED_EDGE('',*,*,#1416,.T.);
#2133=ORIENTED_EDGE('',*,*,#1359,.T.);
#2134=ORIENTED_EDGE('',*,*,#1417,.T.);
#2135=ORIENTED_EDGE('',*,*,#1481,.T.);
#2136=ORIENTED_EDGE('',*,*,#1460,.F.);
#2137=ORIENTED_EDGE('',*,*,#1472,.T.);
#2138=PLANE('',#2370);
#2139=PLANE('',#2377);
#2140=PLANE('',#2378);
#2141=PLANE('',#2379);
#2142=PLANE('',#2383);
#2143=PLANE('',#2387);
#2144=PLANE('',#2389);
#2145=PLANE('',#2393);
#2146=PLANE('',#2394);
#2147=PLANE('',#2395);
#2148=PLANE('',#2396);
#2149=PLANE('',#2397);
#2150=PLANE('',#2398);
#2151=PLANE('',#2402);
#2152=PLANE('',#2406);
#2153=PLANE('',#2407);
#2154=PLANE('',#2410);
#2155=PLANE('',#2411);
#2156=PLANE('',#2413);
#2157=PLANE('',#2414);
#2158=PLANE('',#2415);
#2159=PLANE('',#2416);
#2160=PLANE('',#2417);
#2161=PLANE('',#2426);
#2162=PLANE('',#2427);
#2163=PLANE('',#2429);
#2164=PLANE('',#2432);
#2165=PLANE('',#2433);
#2166=PLANE('',#2434);
#2167=PLANE('',#2435);
#2168=PLANE('',#2436);
#2169=PLANE('',#2437);
#2170=PLANE('',#2438);
#2171=PLANE('',#2439);
#2172=PLANE('',#2440);
#2173=PLANE('',#2441);
#2174=PLANE('',#2442);
#2175=PLANE('',#2443);
#2176=PLANE('',#2444);
#2177=PLANE('',#2445);
#2178=PLANE('',#2446);
#2179=PLANE('',#2447);
#2180=PLANE('',#2448);
#2181=PLANE('',#2449);
#2182=PLANE('',#2450);
#2183=PLANE('',#2457);
#2184=PLANE('',#2458);
#2185=PLANE('',#2461);
#2186=PLANE('',#2470);
#2187=PLANE('',#2471);
#2188=PLANE('',#2472);
#2189=PLANE('',#2473);
#2190=PLANE('',#2474);
#2191=PLANE('',#2475);
#2192=PLANE('',#2476);
#2193=PLANE('',#2479);
#2194=PLANE('',#2482);
#2195=PLANE('',#2485);
#2196=PLANE('',#2488);
#2197=PLANE('',#2489);
#2198=PLANE('',#2490);
#2199=PLANE('',#2491);
#2200=PLANE('',#2492);
#2201=PLANE('',#2493);
#2202=PLANE('',#2494);
#2203=PLANE('',#2495);
#2204=PLANE('',#2496);
#2205=PLANE('',#2497);
#2206=PLANE('',#2498);
#2207=PLANE('',#2499);
#2208=PLANE('',#2506);
#2209=PLANE('',#2507);
#2210=PLANE('',#2508);
#2211=PLANE('',#2509);
#2212=PLANE('',#2510);
#2213=PLANE('',#2511);
#2214=PLANE('',#2512);
#2215=PLANE('',#2513);
#2216=PLANE('',#2514);
#2217=PLANE('',#2518);
#2218=PLANE('',#2520);
#2219=PLANE('',#2524);
#2220=PLANE('',#2525);
#2221=PLANE('',#2526);
#2222=PLANE('',#2527);
#2223=PLANE('',#2530);
#2224=PLANE('',#2531);
#2225=PLANE('',#2532);
#2226=PLANE('',#2533);
#2227=PLANE('',#2534);
#2228=PLANE('',#2535);
#2229=PLANE('',#2536);
#2230=PLANE('',#2537);
#2231=PLANE('',#2538);
#2232=PLANE('',#2539);
#2233=PLANE('',#2540);
#2234=ADVANCED_FACE('',(#67,#42),#2138,.F.);
#2235=ADVANCED_FACE('',(#68),#17,.F.);
#2236=ADVANCED_FACE('',(#69),#18,.T.);
#2237=ADVANCED_FACE('',(#70,#43),#2139,.T.);
#2238=ADVANCED_FACE('',(#71),#2140,.T.);
#2239=ADVANCED_FACE('',(#72),#2141,.F.);
#2240=ADVANCED_FACE('',(#73),#19,.T.);
#2241=ADVANCED_FACE('',(#74),#2142,.T.);
#2242=ADVANCED_FACE('',(#75),#20,.T.);
#2243=ADVANCED_FACE('',(#76),#2143,.F.);
#2244=ADVANCED_FACE('',(#77,#44,#45,#46),#2144,.F.);
#2245=ADVANCED_FACE('',(#78),#2145,.F.);
#2246=ADVANCED_FACE('',(#79),#2146,.F.);
#2247=ADVANCED_FACE('',(#80),#2147,.T.);
#2248=ADVANCED_FACE('',(#81),#2148,.F.);
#2249=ADVANCED_FACE('',(#82),#2149,.F.);
#2250=ADVANCED_FACE('',(#83),#2150,.T.);
#2251=ADVANCED_FACE('',(#84),#21,.T.);
#2252=ADVANCED_FACE('',(#85),#2151,.F.);
#2253=ADVANCED_FACE('',(#86),#22,.T.);
#2254=ADVANCED_FACE('',(#87),#2152,.F.);
#2255=ADVANCED_FACE('',(#88),#2153,.F.);
#2256=ADVANCED_FACE('',(#89),#23,.F.);
#2257=ADVANCED_FACE('',(#90),#2154,.T.);
#2258=ADVANCED_FACE('',(#91,#47,#48),#2155,.T.);
#2259=ADVANCED_FACE('',(#92),#2156,.T.);
#2260=ADVANCED_FACE('',(#93),#2157,.F.);
#2261=ADVANCED_FACE('',(#94),#2158,.T.);
#2262=ADVANCED_FACE('',(#95),#2159,.T.);
#2263=ADVANCED_FACE('',(#96),#2160,.T.);
#2264=ADVANCED_FACE('',(#97),#24,.T.);
#2265=ADVANCED_FACE('',(#98),#25,.F.);
#2266=ADVANCED_FACE('',(#99),#26,.T.);
#2267=ADVANCED_FACE('',(#100),#27,.F.);
#2268=ADVANCED_FACE('',(#101),#2161,.T.);
#2269=ADVANCED_FACE('',(#102),#2162,.T.);
#2270=ADVANCED_FACE('',(#103),#2163,.T.);
#2271=ADVANCED_FACE('',(#104),#28,.F.);
#2272=ADVANCED_FACE('',(#105),#2164,.F.);
#2273=ADVANCED_FACE('',(#106),#2165,.F.);
#2274=ADVANCED_FACE('',(#107),#2166,.T.);
#2275=ADVANCED_FACE('',(#108),#2167,.T.);
#2276=ADVANCED_FACE('',(#109),#2168,.T.);
#2277=ADVANCED_FACE('',(#110),#2169,.T.);
#2278=ADVANCED_FACE('',(#111),#2170,.T.);
#2279=ADVANCED_FACE('',(#112),#2171,.T.);
#2280=ADVANCED_FACE('',(#113),#2172,.T.);
#2281=ADVANCED_FACE('',(#114),#2173,.T.);
#2282=ADVANCED_FACE('',(#115),#2174,.T.);
#2283=ADVANCED_FACE('',(#116),#2175,.T.);
#2284=ADVANCED_FACE('',(#117),#2176,.T.);
#2285=ADVANCED_FACE('',(#118,#49),#2177,.T.);
#2286=ADVANCED_FACE('',(#119),#2178,.F.);
#2287=ADVANCED_FACE('',(#120),#2179,.F.);
#2288=ADVANCED_FACE('',(#121,#50),#2180,.T.);
#2289=ADVANCED_FACE('',(#122,#51),#2181,.T.);
#2290=ADVANCED_FACE('',(#123,#52),#2182,.F.);
#2291=ADVANCED_FACE('',(#124),#29,.F.);
#2292=ADVANCED_FACE('',(#125),#30,.T.);
#2293=ADVANCED_FACE('',(#126,#53),#2183,.T.);
#2294=ADVANCED_FACE('',(#127,#54),#2184,.F.);
#2295=ADVANCED_FACE('',(#128,#55),#2185,.F.);
#2296=ADVANCED_FACE('',(#129),#31,.T.);
#2297=ADVANCED_FACE('',(#130),#2186,.F.);
#2298=ADVANCED_FACE('',(#131),#2187,.F.);
#2299=ADVANCED_FACE('',(#132),#2188,.F.);
#2300=ADVANCED_FACE('',(#133),#2189,.F.);
#2301=ADVANCED_FACE('',(#134),#2190,.F.);
#2302=ADVANCED_FACE('',(#135),#2191,.F.);
#2303=ADVANCED_FACE('',(#136),#2192,.F.);
#2304=ADVANCED_FACE('',(#137),#32,.T.);
#2305=ADVANCED_FACE('',(#138),#2193,.T.);
#2306=ADVANCED_FACE('',(#139),#33,.T.);
#2307=ADVANCED_FACE('',(#140),#2194,.T.);
#2308=ADVANCED_FACE('',(#141),#34,.T.);
#2309=ADVANCED_FACE('',(#142),#2195,.T.);
#2310=ADVANCED_FACE('',(#143),#35,.T.);
#2311=ADVANCED_FACE('',(#144),#2196,.F.);
#2312=ADVANCED_FACE('',(#145),#2197,.T.);
#2313=ADVANCED_FACE('',(#146),#2198,.F.);
#2314=ADVANCED_FACE('',(#147),#2199,.F.);
#2315=ADVANCED_FACE('',(#148),#2200,.T.);
#2316=ADVANCED_FACE('',(#149),#2201,.F.);
#2317=ADVANCED_FACE('',(#150),#2202,.T.);
#2318=ADVANCED_FACE('',(#151),#2203,.T.);
#2319=ADVANCED_FACE('',(#152),#2204,.T.);
#2320=ADVANCED_FACE('',(#153),#2205,.T.);
#2321=ADVANCED_FACE('',(#154),#2206,.T.);
#2322=ADVANCED_FACE('',(#155),#2207,.F.);
#2323=ADVANCED_FACE('',(#156),#36,.F.);
#2324=ADVANCED_FACE('',(#157),#37,.F.);
#2325=ADVANCED_FACE('',(#158),#2208,.T.);
#2326=ADVANCED_FACE('',(#159,#56,#57),#2209,.T.);
#2327=ADVANCED_FACE('',(#160),#2210,.T.);
#2328=ADVANCED_FACE('',(#161,#58,#59),#2211,.T.);
#2329=ADVANCED_FACE('',(#162),#2212,.T.);
#2330=ADVANCED_FACE('',(#163),#2213,.F.);
#2331=ADVANCED_FACE('',(#164),#2214,.F.);
#2332=ADVANCED_FACE('',(#165),#2215,.F.);
#2333=ADVANCED_FACE('',(#166),#2216,.F.);
#2334=ADVANCED_FACE('',(#167),#38,.F.);
#2335=ADVANCED_FACE('',(#168,#60,#61),#2217,.F.);
#2336=ADVANCED_FACE('',(#169),#2218,.F.);
#2337=ADVANCED_FACE('',(#170),#39,.F.);
#2338=ADVANCED_FACE('',(#171),#40,.T.);
#2339=ADVANCED_FACE('',(#172),#2219,.F.);
#2340=ADVANCED_FACE('',(#173),#2220,.F.);
#2341=ADVANCED_FACE('',(#174),#2221,.T.);
#2342=ADVANCED_FACE('',(#175,#62,#63,#64,#65),#2222,.T.);
#2343=ADVANCED_FACE('',(#176),#41,.F.);
#2344=ADVANCED_FACE('',(#177),#2223,.T.);
#2345=ADVANCED_FACE('',(#178),#2224,.T.);
#2346=ADVANCED_FACE('',(#179),#2225,.T.);
#2347=ADVANCED_FACE('',(#180,#66),#2226,.T.);
#2348=ADVANCED_FACE('',(#181),#2227,.T.);
#2349=ADVANCED_FACE('',(#182),#2228,.T.);
#2350=ADVANCED_FACE('',(#183),#2229,.T.);
#2351=ADVANCED_FACE('',(#184),#2230,.T.);
#2352=ADVANCED_FACE('',(#185),#2231,.T.);
#2353=ADVANCED_FACE('',(#186),#2232,.T.);
#2354=ADVANCED_FACE('',(#187),#2233,.T.);
#2355=CLOSED_SHELL('',(#2234,#2235,#2236,#2237,#2238,#2239,#2240,#2241,
#2242,#2243,#2244,#2245,#2246,#2247,#2248,#2249,#2250,#2251,#2252,#2253,
#2254,#2255,#2256,#2257,#2258,#2259,#2260,#2261,#2262,#2263,#2264,#2265,
#2266,#2267,#2268,#2269,#2270,#2271,#2272,#2273,#2274,#2275,#2276,#2277,
#2278,#2279,#2280,#2281,#2282,#2283,#2284,#2285,#2286,#2287,#2288,#2289));
#2356=CLOSED_SHELL('',(#2290,#2291,#2292,#2293,#2294,#2295,#2296,#2297,
#2298,#2299,#2300,#2301,#2302,#2303,#2304,#2305,#2306,#2307,#2308,#2309,
#2310,#2311,#2312,#2313,#2314,#2315,#2316,#2317,#2318,#2319,#2320,#2321,
#2322,#2323,#2324,#2325,#2326,#2327,#2328,#2329,#2330,#2331,#2332,#2333,
#2334,#2335,#2336,#2337,#2338,#2339,#2340,#2341,#2342,#2343,#2344,#2345,
#2346,#2347,#2348,#2349,#2350,#2351,#2352,#2353,#2354));
#2357=DERIVED_UNIT_ELEMENT(#2359,1.);
#2358=DERIVED_UNIT_ELEMENT(#3832,-3.);
#2359=(
MASS_UNIT()
NAMED_UNIT(*)
SI_UNIT(.KILO.,.GRAM.)
);
#2360=DERIVED_UNIT((#2357,#2358));
#2361=MEASURE_REPRESENTATION_ITEM('density measure',
POSITIVE_RATIO_MEASURE(7850.),#2360);
#2362=PROPERTY_DEFINITION_REPRESENTATION(#2367,#2364);
#2363=PROPERTY_DEFINITION_REPRESENTATION(#2368,#2365);
#2364=REPRESENTATION('material name',(#2366),#3829);
#2365=REPRESENTATION('density',(#2361),#3829);
#2366=DESCRIPTIVE_REPRESENTATION_ITEM('Steel','Steel');
#2367=PROPERTY_DEFINITION('material property','material name',#3839);
#2368=PROPERTY_DEFINITION('material property','density of part',#3839);
#2369=AXIS2_PLACEMENT_3D('',#3163,#2541,#2542);
#2370=AXIS2_PLACEMENT_3D('',#3164,#2543,#2544);
#2371=AXIS2_PLACEMENT_3D('',#3168,#2546,#2547);
#2372=AXIS2_PLACEMENT_3D('',#3170,#2548,#2549);
#2373=AXIS2_PLACEMENT_3D('',#3171,#2550,#2551);
#2374=AXIS2_PLACEMENT_3D('',#3174,#2553,#2554);
#2375=AXIS2_PLACEMENT_3D('',#3175,#2555,#2556);
#2376=AXIS2_PLACEMENT_3D('',#3180,#2559,#2560);
#2377=AXIS2_PLACEMENT_3D('',#3181,#2561,#2562);
#2378=AXIS2_PLACEMENT_3D('',#3183,#2564,#2565);
#2379=AXIS2_PLACEMENT_3D('',#3192,#2570,#2571);
#2380=AXIS2_PLACEMENT_3D('',#3201,#2576,#2577);
#2381=AXIS2_PLACEMENT_3D('',#3204,#2578,#2579);
#2382=AXIS2_PLACEMENT_3D('',#3208,#2581,#2582);
#2383=AXIS2_PLACEMENT_3D('',#3210,#2584,#2585);
#2384=AXIS2_PLACEMENT_3D('',#3216,#2589,#2590);
#2385=AXIS2_PLACEMENT_3D('',#3217,#2591,#2592);
#2386=AXIS2_PLACEMENT_3D('',#3218,#2593,#2594);
#2387=AXIS2_PLACEMENT_3D('',#3219,#2595,#2596);
#2388=AXIS2_PLACEMENT_3D('',#3224,#2598,#2599);
#2389=AXIS2_PLACEMENT_3D('',#3232,#2604,#2605);
#2390=AXIS2_PLACEMENT_3D('',#3254,#2616,#2617);
#2391=AXIS2_PLACEMENT_3D('',#3256,#2618,#2619);
#2392=AXIS2_PLACEMENT_3D('',#3258,#2620,#2621);
#2393=AXIS2_PLACEMENT_3D('',#3259,#2622,#2623);
#2394=AXIS2_PLACEMENT_3D('',#3265,#2627,#2628);
#2395=AXIS2_PLACEMENT_3D('',#3271,#2632,#2633);
#2396=AXIS2_PLACEMENT_3D('',#3278,#2638,#2639);
#2397=AXIS2_PLACEMENT_3D('',#3284,#2643,#2644);
#2398=AXIS2_PLACEMENT_3D('',#3290,#2648,#2649);
#2399=AXIS2_PLACEMENT_3D('',#3296,#2653,#2654);
#2400=AXIS2_PLACEMENT_3D('',#3298,#2655,#2656);
#2401=AXIS2_PLACEMENT_3D('',#3301,#2658,#2659);
#2402=AXIS2_PLACEMENT_3D('',#3302,#2660,#2661);
#2403=AXIS2_PLACEMENT_3D('',#3308,#2665,#2666);
#2404=AXIS2_PLACEMENT_3D('',#3309,#2667,#2668);
#2405=AXIS2_PLACEMENT_3D('',#3310,#2669,#2670);
#2406=AXIS2_PLACEMENT_3D('',#3311,#2671,#2672);
#2407=AXIS2_PLACEMENT_3D('',#3317,#2676,#2677);
#2408=AXIS2_PLACEMENT_3D('',#3320,#2680,#2681);
#2409=AXIS2_PLACEMENT_3D('',#3323,#2683,#2684);
#2410=AXIS2_PLACEMENT_3D('',#3324,#2685,#2686);
#2411=AXIS2_PLACEMENT_3D('',#3328,#2689,#2690);
#2412=AXIS2_PLACEMENT_3D('',#3333,#2693,#2694);
#2413=AXIS2_PLACEMENT_3D('',#3334,#2695,#2696);
#2414=AXIS2_PLACEMENT_3D('',#3345,#2702,#2703);
#2415=AXIS2_PLACEMENT_3D('',#3351,#2707,#2708);
#2416=AXIS2_PLACEMENT_3D('',#3357,#2712,#2713);
#2417=AXIS2_PLACEMENT_3D('',#3366,#2718,#2719);
#2418=AXIS2_PLACEMENT_3D('',#3369,#2722,#2723);
#2419=AXIS2_PLACEMENT_3D('',#3373,#2725,#2726);
#2420=AXIS2_PLACEMENT_3D('',#3375,#2728,#2729);
#2421=AXIS2_PLACEMENT_3D('',#3378,#2731,#2732);
#2422=AXIS2_PLACEMENT_3D('',#3379,#2733,#2734);
#2423=AXIS2_PLACEMENT_3D('',#3381,#2735,#2736);
#2424=AXIS2_PLACEMENT_3D('',#3383,#2738,#2739);
#2425=AXIS2_PLACEMENT_3D('',#3386,#2741,#2742);
#2426=AXIS2_PLACEMENT_3D('',#3387,#2743,#2744);
#2427=AXIS2_PLACEMENT_3D('',#3393,#2748,#2749);
#2428=AXIS2_PLACEMENT_3D('',#3400,#2753,#2754);
#2429=AXIS2_PLACEMENT_3D('',#3401,#2755,#2756);
#2430=AXIS2_PLACEMENT_3D('',#3406,#2760,#2761);
#2431=AXIS2_PLACEMENT_3D('',#3411,#2764,#2765);
#2432=AXIS2_PLACEMENT_3D('',#3412,#2766,#2767);
#2433=AXIS2_PLACEMENT_3D('',#3416,#2770,#2771);
#2434=AXIS2_PLACEMENT_3D('',#3421,#2775,#2776);
#2435=AXIS2_PLACEMENT_3D('',#3425,#2779,#2780);
#2436=AXIS2_PLACEMENT_3D('',#3429,#2783,#2784);
#2437=AXIS2_PLACEMENT_3D('',#3433,#2787,#2788);
#2438=AXIS2_PLACEMENT_3D('',#3437,#2791,#2792);
#2439=AXIS2_PLACEMENT_3D('',#3439,#2794,#2795);
#2440=AXIS2_PLACEMENT_3D('',#3443,#2798,#2799);
#2441=AXIS2_PLACEMENT_3D('',#3447,#2802,#2803);
#2442=AXIS2_PLACEMENT_3D('',#3451,#2806,#2807);
#2443=AXIS2_PLACEMENT_3D('',#3455,#2810,#2811);
#2444=AXIS2_PLACEMENT_3D('',#3459,#2814,#2815);
#2445=AXIS2_PLACEMENT_3D('',#3463,#2818,#2819);
#2446=AXIS2_PLACEMENT_3D('',#3465,#2821,#2822);
#2447=AXIS2_PLACEMENT_3D('',#3467,#2824,#2825);
#2448=AXIS2_PLACEMENT_3D('',#3469,#2827,#2828);
#2449=AXIS2_PLACEMENT_3D('',#3470,#2829,#2830);
#2450=AXIS2_PLACEMENT_3D('',#3471,#2831,#2832);
#2451=AXIS2_PLACEMENT_3D('',#3475,#2834,#2835);
#2452=AXIS2_PLACEMENT_3D('',#3477,#2836,#2837);
#2453=AXIS2_PLACEMENT_3D('',#3478,#2838,#2839);
#2454=AXIS2_PLACEMENT_3D('',#3481,#2841,#2842);
#2455=AXIS2_PLACEMENT_3D('',#3482,#2843,#2844);
#2456=AXIS2_PLACEMENT_3D('',#3487,#2847,#2848);
#2457=AXIS2_PLACEMENT_3D('',#3488,#2849,#2850);
#2458=AXIS2_PLACEMENT_3D('',#3490,#2852,#2853);
#2459=AXIS2_PLACEMENT_3D('',#3492,#2854,#2855);
#2460=AXIS2_PLACEMENT_3D('',#3494,#2856,#2857);
#2461=AXIS2_PLACEMENT_3D('',#3495,#2858,#2859);
#2462=AXIS2_PLACEMENT_3D('',#3510,#2866,#2867);
#2463=AXIS2_PLACEMENT_3D('',#3519,#2872,#2873);
#2464=AXIS2_PLACEMENT_3D('',#3523,#2875,#2876);
#2465=AXIS2_PLACEMENT_3D('',#3527,#2878,#2879);
#2466=AXIS2_PLACEMENT_3D('',#3582,#2907,#2908);
#2467=AXIS2_PLACEMENT_3D('',#3583,#2909,#2910);
#2468=AXIS2_PLACEMENT_3D('',#3584,#2911,#2912);
#2469=AXIS2_PLACEMENT_3D('',#3585,#2913,#2914);
#2470=AXIS2_PLACEMENT_3D('',#3586,#2915,#2916);
#2471=AXIS2_PLACEMENT_3D('',#3592,#2920,#2921);
#2472=AXIS2_PLACEMENT_3D('',#3596,#2924,#2925);
#2473=AXIS2_PLACEMENT_3D('',#3600,#2928,#2929);
#2474=AXIS2_PLACEMENT_3D('',#3604,#2932,#2933);
#2475=AXIS2_PLACEMENT_3D('',#3608,#2936,#2937);
#2476=AXIS2_PLACEMENT_3D('',#3612,#2940,#2941);
#2477=AXIS2_PLACEMENT_3D('',#3616,#2944,#2945);
#2478=AXIS2_PLACEMENT_3D('',#3619,#2947,#2948);
#2479=AXIS2_PLACEMENT_3D('',#3620,#2949,#2950);
#2480=AXIS2_PLACEMENT_3D('',#3624,#2953,#2954);
#2481=AXIS2_PLACEMENT_3D('',#3627,#2956,#2957);
#2482=AXIS2_PLACEMENT_3D('',#3628,#2958,#2959);
#2483=AXIS2_PLACEMENT_3D('',#3632,#2962,#2963);
#2484=AXIS2_PLACEMENT_3D('',#3635,#2965,#2966);
#2485=AXIS2_PLACEMENT_3D('',#3636,#2967,#2968);
#2486=AXIS2_PLACEMENT_3D('',#3640,#2971,#2972);
#2487=AXIS2_PLACEMENT_3D('',#3644,#2974,#2975);
#2488=AXIS2_PLACEMENT_3D('',#3646,#2977,#2978);
#2489=AXIS2_PLACEMENT_3D('',#3650,#2981,#2982);
#2490=AXIS2_PLACEMENT_3D('',#3653,#2985,#2986);
#2491=AXIS2_PLACEMENT_3D('',#3657,#2989,#2990);
#2492=AXIS2_PLACEMENT_3D('',#3658,#2991,#2992);
#2493=AXIS2_PLACEMENT_3D('',#3667,#2997,#2998);
#2494=AXIS2_PLACEMENT_3D('',#3673,#3002,#3003);
#2495=AXIS2_PLACEMENT_3D('',#3681,#3008,#3009);
#2496=AXIS2_PLACEMENT_3D('',#3684,#3012,#3013);
#2497=AXIS2_PLACEMENT_3D('',#3686,#3015,#3016);
#2498=AXIS2_PLACEMENT_3D('',#3692,#3020,#3021);
#2499=AXIS2_PLACEMENT_3D('',#3694,#3023,#3024);
#2500=AXIS2_PLACEMENT_3D('',#3696,#3026,#3027);
#2501=AXIS2_PLACEMENT_3D('',#3698,#3028,#3029);
#2502=AXIS2_PLACEMENT_3D('',#3701,#3031,#3032);
#2503=AXIS2_PLACEMENT_3D('',#3702,#3033,#3034);
#2504=AXIS2_PLACEMENT_3D('',#3704,#3035,#3036);
#2505=AXIS2_PLACEMENT_3D('',#3707,#3038,#3039);
#2506=AXIS2_PLACEMENT_3D('',#3708,#3040,#3041);
#2507=AXIS2_PLACEMENT_3D('',#3717,#3046,#3047);
#2508=AXIS2_PLACEMENT_3D('',#3723,#3051,#3052);
#2509=AXIS2_PLACEMENT_3D('',#3729,#3056,#3057);
#2510=AXIS2_PLACEMENT_3D('',#3732,#3060,#3061);
#2511=AXIS2_PLACEMENT_3D('',#3733,#3062,#3063);
#2512=AXIS2_PLACEMENT_3D('',#3742,#3068,#3069);
#2513=AXIS2_PLACEMENT_3D('',#3748,#3073,#3074);
#2514=AXIS2_PLACEMENT_3D('',#3754,#3078,#3079);
#2515=AXIS2_PLACEMENT_3D('',#3757,#3082,#3083);
#2516=AXIS2_PLACEMENT_3D('',#3758,#3084,#3085);
#2517=AXIS2_PLACEMENT_3D('',#3759,#3086,#3087);
#2518=AXIS2_PLACEMENT_3D('',#3760,#3088,#3089);
#2519=AXIS2_PLACEMENT_3D('',#3765,#3092,#3093);
#2520=AXIS2_PLACEMENT_3D('',#3766,#3094,#3095);
#2521=AXIS2_PLACEMENT_3D('',#3770,#3098,#3099);
#2522=AXIS2_PLACEMENT_3D('',#3773,#3101,#3102);
#2523=AXIS2_PLACEMENT_3D('',#3774,#3103,#3104);
#2524=AXIS2_PLACEMENT_3D('',#3776,#3106,#3107);
#2525=AXIS2_PLACEMENT_3D('',#3778,#3109,#3110);
#2526=AXIS2_PLACEMENT_3D('',#3779,#3111,#3112);
#2527=AXIS2_PLACEMENT_3D('',#3781,#3114,#3115);
#2528=AXIS2_PLACEMENT_3D('',#3803,#3126,#3127);
#2529=AXIS2_PLACEMENT_3D('',#3804,#3128,#3129);
#2530=AXIS2_PLACEMENT_3D('',#3806,#3131,#3132);
#2531=AXIS2_PLACEMENT_3D('',#3807,#3133,#3134);
#2532=AXIS2_PLACEMENT_3D('',#3810,#3137,#3138);
#2533=AXIS2_PLACEMENT_3D('',#3812,#3140,#3141);
#2534=AXIS2_PLACEMENT_3D('',#3814,#3143,#3144);
#2535=AXIS2_PLACEMENT_3D('',#3816,#3146,#3147);
#2536=AXIS2_PLACEMENT_3D('',#3818,#3149,#3150);
#2537=AXIS2_PLACEMENT_3D('',#3820,#3152,#3153);
#2538=AXIS2_PLACEMENT_3D('',#3822,#3155,#3156);
#2539=AXIS2_PLACEMENT_3D('',#3824,#3158,#3159);
#2540=AXIS2_PLACEMENT_3D('',#3826,#3161,#3162);
#2541=DIRECTION('axis',(0.,0.,1.));
#2542=DIRECTION('refdir',(1.,0.,0.));
#2543=DIRECTION('center_axis',(0.,0.,1.));
#2544=DIRECTION('ref_axis',(1.,0.,0.));
#2545=DIRECTION('',(1.,0.,0.));
#2546=DIRECTION('center_axis',(0.,0.,-1.));
#2547=DIRECTION('ref_axis',(1.,0.,0.));
#2548=DIRECTION('center_axis',(0.,0.,1.));
#2549=DIRECTION('ref_axis',(1.,0.,0.));
#2550=DIRECTION('center_axis',(0.,0.,-1.));
#2551=DIRECTION('ref_axis',(1.,0.,0.));
#2552=DIRECTION('',(0.,0.,1.));
#2553=DIRECTION('center_axis',(0.,0.,-1.));
#2554=DIRECTION('ref_axis',(1.,0.,0.));
#2555=DIRECTION('center_axis',(0.,0.,-1.));
#2556=DIRECTION('ref_axis',(1.,0.,0.));
#2557=DIRECTION('',(0.,0.,1.));
#2558=DIRECTION('',(0.,0.,-1.));
#2559=DIRECTION('center_axis',(0.,0.,1.));
#2560=DIRECTION('ref_axis',(1.,0.,0.));
#2561=DIRECTION('center_axis',(0.,0.,1.));
#2562=DIRECTION('ref_axis',(1.,0.,0.));
#2563=DIRECTION('',(-1.,0.,0.));
#2564=DIRECTION('center_axis',(1.,0.,0.));
#2565=DIRECTION('ref_axis',(0.,1.,0.));
#2566=DIRECTION('',(0.,1.,0.));
#2567=DIRECTION('',(0.,0.,1.));
#2568=DIRECTION('',(0.,1.,0.));
#2569=DIRECTION('',(0.,0.,-1.));
#2570=DIRECTION('center_axis',(0.,-1.,0.));
#2571=DIRECTION('ref_axis',(1.,0.,0.));
#2572=DIRECTION('',(-1.,0.,0.));
#2573=DIRECTION('',(0.,0.,-1.));
#2574=DIRECTION('',(-1.,0.,0.));
#2575=DIRECTION('',(0.,0.,1.));
#2576=DIRECTION('center_axis',(0.,0.,1.));
#2577=DIRECTION('ref_axis',(1.,0.,0.));
#2578=DIRECTION('center_axis',(0.,0.,1.));
#2579=DIRECTION('ref_axis',(1.,0.,0.));
#2580=DIRECTION('',(0.,0.,1.));
#2581=DIRECTION('center_axis',(0.,0.,1.));
#2582=DIRECTION('ref_axis',(1.,0.,0.));
#2583=DIRECTION('',(0.,0.,-1.));
#2584=DIRECTION('center_axis',(-2.19134751146495E-8,-1.,0.));
#2585=DIRECTION('ref_axis',(1.,-2.19134751146495E-8,0.));
#2586=DIRECTION('',(1.,-2.19134751146495E-8,0.));
#2587=DIRECTION('',(1.,-2.19134751146495E-8,0.));
#2588=DIRECTION('',(0.,0.,-1.));
#2589=DIRECTION('center_axis',(0.,0.,1.));
#2590=DIRECTION('ref_axis',(0.707106773438964,-0.707106788934131,0.));
#2591=DIRECTION('center_axis',(0.,0.,1.));
#2592=DIRECTION('ref_axis',(0.707106773438964,-0.707106788934131,0.));
#2593=DIRECTION('center_axis',(0.,0.,1.));
#2594=DIRECTION('ref_axis',(0.707106773438964,-0.707106788934131,0.));
#2595=DIRECTION('center_axis',(1.,0.,0.));
#2596=DIRECTION('ref_axis',(0.,1.,0.));
#2597=DIRECTION('',(0.,-1.,0.));
#2598=DIRECTION('center_axis',(1.,0.,0.));
#2599=DIRECTION('ref_axis',(0.,0.,-1.));
#2600=DIRECTION('',(0.,-1.,0.));
#2601=DIRECTION('',(0.,0.,1.));
#2602=DIRECTION('',(0.,-1.,0.));
#2603=DIRECTION('',(0.,0.,1.));
#2604=DIRECTION('center_axis',(0.,0.,1.));
#2605=DIRECTION('ref_axis',(1.,0.,0.));
#2606=DIRECTION('',(0.499999999999999,-0.866025403784439,0.));
#2607=DIRECTION('',(1.,0.,0.));
#2608=DIRECTION('',(0.,-1.,0.));
#2609=DIRECTION('',(-1.,0.,0.));
#2610=DIRECTION('',(0.,1.,0.));
#2611=DIRECTION('',(1.,0.,0.));
#2612=DIRECTION('',(0.,1.,0.));
#2613=DIRECTION('',(1.,0.,0.));
#2614=DIRECTION('',(0.,1.,0.));
#2615=DIRECTION('',(1.,1.38348285443961E-15,0.));
#2616=DIRECTION('center_axis',(0.,0.,1.));
#2617=DIRECTION('ref_axis',(1.,0.,0.));
#2618=DIRECTION('center_axis',(0.,0.,1.));
#2619=DIRECTION('ref_axis',(1.,0.,0.));
#2620=DIRECTION('center_axis',(0.,0.,1.));
#2621=DIRECTION('ref_axis',(1.,0.,0.));
#2622=DIRECTION('center_axis',(-0.866025403784439,-0.499999999999999,0.));
#2623=DIRECTION('ref_axis',(0.499999999999999,-0.866025403784439,0.));
#2624=DIRECTION('',(-0.499999999999999,0.866025403784439,0.));
#2625=DIRECTION('',(0.,0.,1.));
#2626=DIRECTION('',(-0.499999999999999,0.866025403784439,0.));
#2627=DIRECTION('center_axis',(1.38348285443961E-15,-1.,0.));
#2628=DIRECTION('ref_axis',(1.,1.38348285443961E-15,0.));
#2629=DIRECTION('',(-1.,-1.38348285443961E-15,0.));
#2630=DIRECTION('',(0.,0.,1.));
#2631=DIRECTION('',(-1.,-1.38348285443961E-15,0.));
#2632=DIRECTION('center_axis',(-1.,0.,0.));
#2633=DIRECTION('ref_axis',(0.,-1.,0.));
#2634=DIRECTION('',(0.,-1.,0.));
#2635=DIRECTION('',(0.,0.,1.));
#2636=DIRECTION('',(0.,-1.,0.));
#2637=DIRECTION('',(0.,0.,-1.));
#2638=DIRECTION('center_axis',(-0.866025403784439,-0.499999999999999,0.));
#2639=DIRECTION('ref_axis',(0.499999999999999,-0.866025403784439,0.));
#2640=DIRECTION('',(-0.499999999999999,0.866025403784439,0.));
#2641=DIRECTION('',(0.,0.,-1.));
#2642=DIRECTION('',(-0.499999999999999,0.866025403784439,0.));
#2643=DIRECTION('center_axis',(1.,0.,0.));
#2644=DIRECTION('ref_axis',(0.,1.,0.));
#2645=DIRECTION('',(0.,-1.,0.));
#2646=DIRECTION('',(0.,0.,1.));
#2647=DIRECTION('',(0.,-1.,0.));
#2648=DIRECTION('center_axis',(0.,1.,0.));
#2649=DIRECTION('ref_axis',(-1.,0.,0.));
#2650=DIRECTION('',(-1.,0.,0.));
#2651=DIRECTION('',(0.,0.,1.));
#2652=DIRECTION('',(-1.,0.,0.));
#2653=DIRECTION('center_axis',(0.,0.,1.));
#2654=DIRECTION('ref_axis',(-0.981529002922588,0.191313398437721,0.));
#2655=DIRECTION('center_axis',(0.,0.,1.));
#2656=DIRECTION('ref_axis',(1.,0.,0.));
#2657=DIRECTION('',(0.,0.,1.));
#2658=DIRECTION('center_axis',(0.,0.,1.));
#2659=DIRECTION('ref_axis',(1.,0.,0.));
#2660=DIRECTION('center_axis',(0.,-1.,0.));
#2661=DIRECTION('ref_axis',(1.,0.,0.));
#2662=DIRECTION('',(-1.,0.,0.));
#2663=DIRECTION('',(0.,0.,1.));
#2664=DIRECTION('',(-1.,0.,0.));
#2665=DIRECTION('center_axis',(0.,0.,1.));
#2666=DIRECTION('ref_axis',(0.707106781186548,0.707106781186548,0.));
#2667=DIRECTION('center_axis',(0.,0.,1.));
#2668=DIRECTION('ref_axis',(0.707106781186548,0.707106781186548,0.));
#2669=DIRECTION('center_axis',(0.,0.,1.));
#2670=DIRECTION('ref_axis',(0.707106781186548,0.707106781186548,0.));
#2671=DIRECTION('center_axis',(1.,0.,0.));
#2672=DIRECTION('ref_axis',(0.,1.,0.));
#2673=DIRECTION('',(0.,-1.,0.));
#2674=DIRECTION('',(0.,0.,1.));
#2675=DIRECTION('',(0.,-1.,0.));
#2676=DIRECTION('center_axis',(0.,-1.,0.));
#2677=DIRECTION('ref_axis',(1.,0.,0.));
#2678=DIRECTION('',(-1.,0.,0.));
#2679=DIRECTION('',(-1.,0.,0.));
#2680=DIRECTION('center_axis',(0.,0.,-1.));
#2681=DIRECTION('ref_axis',(1.,0.,0.));
#2682=DIRECTION('',(0.,0.,1.));
#2683=DIRECTION('center_axis',(0.,0.,-1.));
#2684=DIRECTION('ref_axis',(1.,0.,0.));
#2685=DIRECTION('center_axis',(0.,0.,1.));
#2686=DIRECTION('ref_axis',(1.,0.,0.));
#2687=DIRECTION('',(1.,-2.19134751146495E-8,0.));
#2688=DIRECTION('',(0.514497742535215,-0.8574917334448,0.));
#2689=DIRECTION('center_axis',(0.,0.,1.));
#2690=DIRECTION('ref_axis',(1.,0.,0.));
#2691=DIRECTION('',(1.,0.,0.));
#2692=DIRECTION('',(0.,1.,0.));
#2693=DIRECTION('center_axis',(0.,0.,1.));
#2694=DIRECTION('ref_axis',(1.,0.,0.));
#2695=DIRECTION('center_axis',(0.,0.,-1.));
#2696=DIRECTION('ref_axis',(1.,0.,0.));
#2697=DIRECTION('',(0.,1.,0.));
#2698=DIRECTION('',(-1.,0.,0.));
#2699=DIRECTION('',(-1.,-1.38348285443961E-15,0.));
#2700=DIRECTION('',(0.,-1.,0.));
#2701=DIRECTION('',(1.,0.,0.));
#2702=DIRECTION('center_axis',(0.,-1.,0.));
#2703=DIRECTION('ref_axis',(1.,0.,0.));
#2704=DIRECTION('',(0.,0.,1.));
#2705=DIRECTION('',(0.,0.,-1.));
#2706=DIRECTION('',(-1.,0.,0.));
#2707=DIRECTION('center_axis',(0.,0.,-1.));
#2708=DIRECTION('ref_axis',(1.,0.,0.));
#2709=DIRECTION('',(0.,1.,0.));
#2710=DIRECTION('',(0.,-1.,0.));
#2711=DIRECTION('',(1.,0.,0.));
#2712=DIRECTION('center_axis',(0.,0.,-1.));
#2713=DIRECTION('ref_axis',(0.,1.,0.));
#2714=DIRECTION('',(0.,1.,0.));
#2715=DIRECTION('',(1.,0.,0.));
#2716=DIRECTION('',(0.,1.,0.));
#2717=DIRECTION('',(1.,0.,0.));
#2718=DIRECTION('center_axis',(1.,0.,0.));
#2719=DIRECTION('ref_axis',(0.,0.,-1.));
#2720=DIRECTION('',(0.,0.,-1.));
#2721=DIRECTION('',(0.,0.,1.));
#2722=DIRECTION('center_axis',(-1.,0.,0.));
#2723=DIRECTION('ref_axis',(0.,0.,-1.));
#2724=DIRECTION('',(1.,0.,0.));
#2725=DIRECTION('center_axis',(-1.,0.,0.));
#2726=DIRECTION('ref_axis',(0.,0.,-1.));
#2727=DIRECTION('',(-1.,0.,0.));
#2728=DIRECTION('center_axis',(0.,0.,1.));
#2729=DIRECTION('ref_axis',(1.,0.,0.));
#2730=DIRECTION('',(0.,0.,1.));
#2731=DIRECTION('center_axis',(0.,0.,-1.));
#2732=DIRECTION('ref_axis',(1.,0.,0.));
#2733=DIRECTION('center_axis',(0.,0.,1.));
#2734=DIRECTION('ref_axis',(1.,0.,0.));
#2735=DIRECTION('center_axis',(0.,0.,1.));
#2736=DIRECTION('ref_axis',(1.,0.,0.));
#2737=DIRECTION('',(0.,0.,-1.));
#2738=DIRECTION('center_axis',(0.,0.,1.));
#2739=DIRECTION('ref_axis',(1.,0.,0.));
#2740=DIRECTION('',(0.,0.,1.));
#2741=DIRECTION('center_axis',(0.,0.,-1.));
#2742=DIRECTION('ref_axis',(1.,0.,0.));
#2743=DIRECTION('center_axis',(0.,-1.,0.));
#2744=DIRECTION('ref_axis',(1.,0.,0.));
#2745=DIRECTION('',(1.,0.,0.));
#2746=DIRECTION('',(0.,0.,-1.));
#2747=DIRECTION('',(0.,0.,-1.));
#2748=DIRECTION('center_axis',(-1.,0.,0.));
#2749=DIRECTION('ref_axis',(0.,-1.,0.));
#2750=DIRECTION('',(0.,-1.,0.));
#2751=DIRECTION('',(0.,0.,-1.));
#2752=DIRECTION('',(0.,-1.,0.));
#2753=DIRECTION('center_axis',(1.,0.,0.));
#2754=DIRECTION('ref_axis',(0.,-1.,0.));
#2755=DIRECTION('center_axis',(-0.866025403784439,-0.499999999999999,0.));
#2756=DIRECTION('ref_axis',(0.499999999999999,-0.866025403784439,0.));
#2757=DIRECTION('',(0.499999999999999,-0.866025403784439,0.));
#2758=DIRECTION('',(0.,0.,-1.));
#2759=DIRECTION('',(0.,0.,-1.));
#2760=DIRECTION('center_axis',(1.,0.,0.));
#2761=DIRECTION('ref_axis',(0.,-1.,0.));
#2762=DIRECTION('',(1.,0.,0.));
#2763=DIRECTION('',(-1.,0.,0.));
#2764=DIRECTION('center_axis',(-1.,0.,0.));
#2765=DIRECTION('ref_axis',(0.,-1.,0.));
#2766=DIRECTION('center_axis',(0.,-1.,0.));
#2767=DIRECTION('ref_axis',(1.,0.,0.));
#2768=DIRECTION('',(-1.,0.,0.));
#2769=DIRECTION('',(0.,0.,1.));
#2770=DIRECTION('center_axis',(-1.,0.,0.));
#2771=DIRECTION('ref_axis',(0.,-1.,0.));
#2772=DIRECTION('',(0.,1.,0.));
#2773=DIRECTION('',(0.,1.,0.));
#2774=DIRECTION('',(0.,0.,1.));
#2775=DIRECTION('center_axis',(-1.,0.,0.));
#2776=DIRECTION('ref_axis',(0.,0.,-1.));
#2777=DIRECTION('',(0.,-1.,0.));
#2778=DIRECTION('',(0.,0.,-1.));
#2779=DIRECTION('center_axis',(0.,-1.,0.));
#2780=DIRECTION('ref_axis',(0.,0.,-1.));
#2781=DIRECTION('',(1.,0.,0.));
#2782=DIRECTION('',(0.,0.,1.));
#2783=DIRECTION('center_axis',(-0.8574917334448,-0.514497742535215,0.));
#2784=DIRECTION('ref_axis',(0.514497742535215,-0.8574917334448,0.));
#2785=DIRECTION('',(0.514497742535215,-0.8574917334448,0.));
#2786=DIRECTION('',(0.,0.,-1.));
#2787=DIRECTION('center_axis',(1.,0.,0.));
#2788=DIRECTION('ref_axis',(0.,0.,1.));
#2789=DIRECTION('',(0.,1.,0.));
#2790=DIRECTION('',(0.,0.,-1.));
#2791=DIRECTION('center_axis',(-2.19134751146495E-8,-1.,0.));
#2792=DIRECTION('ref_axis',(1.,-2.19134751146495E-8,0.));
#2793=DIRECTION('',(1.,-2.19134751146495E-8,0.));
#2794=DIRECTION('center_axis',(1.38348285443961E-15,-1.,0.));
#2795=DIRECTION('ref_axis',(1.,1.38348285443961E-15,0.));
#2796=DIRECTION('',(1.,1.38348285443961E-15,0.));
#2797=DIRECTION('',(0.,0.,-1.));
#2798=DIRECTION('center_axis',(1.,0.,0.));
#2799=DIRECTION('ref_axis',(0.,1.,0.));
#2800=DIRECTION('',(0.,1.,0.));
#2801=DIRECTION('',(0.,0.,1.));
#2802=DIRECTION('center_axis',(0.,-1.,0.));
#2803=DIRECTION('ref_axis',(1.,0.,0.));
#2804=DIRECTION('',(1.,0.,0.));
#2805=DIRECTION('',(0.,0.,-1.));
#2806=DIRECTION('center_axis',(1.,0.,0.));
#2807=DIRECTION('ref_axis',(0.,1.,0.));
#2808=DIRECTION('',(0.,1.,0.));
#2809=DIRECTION('',(0.,0.,1.));
#2810=DIRECTION('center_axis',(0.,-1.,0.));
#2811=DIRECTION('ref_axis',(1.,0.,0.));
#2812=DIRECTION('',(1.,0.,0.));
#2813=DIRECTION('',(0.,0.,-1.));
#2814=DIRECTION('center_axis',(1.,0.,0.));
#2815=DIRECTION('ref_axis',(0.,1.,0.));
#2816=DIRECTION('',(0.,1.,0.));
#2817=DIRECTION('',(0.,0.,-1.));
#2818=DIRECTION('center_axis',(0.,1.,0.));
#2819=DIRECTION('ref_axis',(-1.,0.,0.));
#2820=DIRECTION('',(-1.,0.,0.));
#2821=DIRECTION('center_axis',(0.,1.,0.));
#2822=DIRECTION('ref_axis',(-1.,0.,0.));
#2823=DIRECTION('',(1.,0.,0.));
#2824=DIRECTION('center_axis',(1.,0.,0.));
#2825=DIRECTION('ref_axis',(0.,0.,-1.));
#2826=DIRECTION('',(0.,-1.,0.));
#2827=DIRECTION('center_axis',(0.,0.,1.));
#2828=DIRECTION('ref_axis',(1.,0.,0.));
#2829=DIRECTION('center_axis',(0.,0.,1.));
#2830=DIRECTION('ref_axis',(1.,0.,0.));
#2831=DIRECTION('center_axis',(0.,0.,1.));
#2832=DIRECTION('ref_axis',(1.,0.,0.));
#2833=DIRECTION('',(1.,0.,0.));
#2834=DIRECTION('center_axis',(0.,0.,-1.));
#2835=DIRECTION('ref_axis',(1.,0.,0.));
#2836=DIRECTION('center_axis',(0.,0.,1.));
#2837=DIRECTION('ref_axis',(1.,0.,0.));
#2838=DIRECTION('center_axis',(0.,0.,-1.));
#2839=DIRECTION('ref_axis',(1.,0.,0.));
#2840=DIRECTION('',(0.,0.,1.));
#2841=DIRECTION('center_axis',(0.,0.,-1.));
#2842=DIRECTION('ref_axis',(1.,0.,0.));
#2843=DIRECTION('center_axis',(0.,0.,-1.));
#2844=DIRECTION('ref_axis',(1.,0.,0.));
#2845=DIRECTION('',(0.,0.,1.));
#2846=DIRECTION('',(0.,0.,-1.));
#2847=DIRECTION('center_axis',(0.,0.,1.));
#2848=DIRECTION('ref_axis',(1.,0.,0.));
#2849=DIRECTION('center_axis',(0.,0.,1.));
#2850=DIRECTION('ref_axis',(1.,0.,0.));
#2851=DIRECTION('',(-1.,0.,0.));
#2852=DIRECTION('center_axis',(0.,0.,1.));
#2853=DIRECTION('ref_axis',(1.,0.,0.));
#2854=DIRECTION('center_axis',(0.,0.,1.));
#2855=DIRECTION('ref_axis',(1.,0.,0.));
#2856=DIRECTION('center_axis',(0.,0.,-1.));
#2857=DIRECTION('ref_axis',(1.,0.,0.));
#2858=DIRECTION('center_axis',(0.,0.,1.));
#2859=DIRECTION('ref_axis',(1.,0.,0.));
#2860=DIRECTION('',(1.,0.,0.));
#2861=DIRECTION('',(0.,-1.,0.));
#2862=DIRECTION('',(-1.,0.,0.));
#2863=DIRECTION('',(0.,1.,0.));
#2864=DIRECTION('',(-1.,0.,0.));
#2865=DIRECTION('',(-0.499999999999999,0.866025403784439,0.));
#2866=DIRECTION('center_axis',(0.,0.,1.));
#2867=DIRECTION('ref_axis',(1.,0.,0.));
#2868=DIRECTION('',(1.,-2.19134751146495E-8,0.));
#2869=DIRECTION('',(0.514497742535215,-0.8574917334448,0.));
#2870=DIRECTION('',(0.,-1.,0.));
#2871=DIRECTION('',(-1.,0.,0.));
#2872=DIRECTION('center_axis',(0.,0.,1.));
#2873=DIRECTION('ref_axis',(0.707106781186548,0.707106781186548,0.));
#2874=DIRECTION('',(0.,1.,0.));
#2875=DIRECTION('center_axis',(0.,0.,1.));
#2876=DIRECTION('ref_axis',(0.707106773438964,-0.707106788934131,0.));
#2877=DIRECTION('',(1.,-2.19134751146495E-8,0.));
#2878=DIRECTION('center_axis',(0.,0.,1.));
#2879=DIRECTION('ref_axis',(1.,0.,0.));
#2880=DIRECTION('',(-0.499999999999999,0.866025403784439,0.));
#2881=DIRECTION('',(-1.,-1.38348285443961E-15,0.));
#2882=DIRECTION('',(0.,-1.,0.));
#2883=DIRECTION('',(-1.,0.,0.));
#2884=DIRECTION('',(0.,-1.,0.));
#2885=DIRECTION('',(-1.,0.,0.));
#2886=DIRECTION('',(0.,-1.,0.));
#2887=DIRECTION('',(1.,0.,0.));
#2888=DIRECTION('',(0.,-1.,0.));
#2889=DIRECTION('',(-1.,0.,0.));
#2890=DIRECTION('',(0.,-1.,0.));
#2891=DIRECTION('',(1.,0.,0.));
#2892=DIRECTION('',(0.,1.,0.));
#2893=DIRECTION('',(1.,0.,0.));
#2894=DIRECTION('',(0.,-1.,0.));
#2895=DIRECTION('',(-1.,0.,0.));
#2896=DIRECTION('',(0.,1.,0.));
#2897=DIRECTION('',(1.,0.,0.));
#2898=DIRECTION('',(0.,1.,0.));
#2899=DIRECTION('',(1.,0.,0.));
#2900=DIRECTION('',(0.,1.,0.));
#2901=DIRECTION('',(1.,1.38348285443961E-15,0.));
#2902=DIRECTION('',(0.,1.,0.));
#2903=DIRECTION('',(1.,0.,0.));
#2904=DIRECTION('',(0.,-1.,0.));
#2905=DIRECTION('',(-1.,0.,0.));
#2906=DIRECTION('',(0.499999999999999,-0.866025403784439,0.));
#2907=DIRECTION('center_axis',(0.,0.,-1.));
#2908=DIRECTION('ref_axis',(1.,0.,0.));
#2909=DIRECTION('center_axis',(-1.,0.,0.));
#2910=DIRECTION('ref_axis',(0.,-1.22464679914735E-16,1.));
#2911=DIRECTION('center_axis',(1.,0.,0.));
#2912=DIRECTION('ref_axis',(0.,0.,-1.));
#2913=DIRECTION('center_axis',(-1.,0.,0.));
#2914=DIRECTION('ref_axis',(0.,0.,-1.));
#2915=DIRECTION('center_axis',(1.,0.,0.));
#2916=DIRECTION('ref_axis',(0.,1.,0.));
#2917=DIRECTION('',(0.,0.,1.));
#2918=DIRECTION('',(0.,1.,0.));
#2919=DIRECTION('',(0.,0.,1.));
#2920=DIRECTION('center_axis',(0.,-1.,0.));
#2921=DIRECTION('ref_axis',(1.,0.,0.));
#2922=DIRECTION('',(0.,0.,1.));
#2923=DIRECTION('',(1.,0.,0.));
#2924=DIRECTION('center_axis',(1.,0.,0.));
#2925=DIRECTION('ref_axis',(0.,1.,0.));
#2926=DIRECTION('',(0.,0.,1.));
#2927=DIRECTION('',(0.,1.,0.));
#2928=DIRECTION('center_axis',(0.,-1.,0.));
#2929=DIRECTION('ref_axis',(1.,0.,0.));
#2930=DIRECTION('',(0.,0.,1.));
#2931=DIRECTION('',(1.,0.,0.));
#2932=DIRECTION('center_axis',(1.,0.,0.));
#2933=DIRECTION('ref_axis',(0.,1.,0.));
#2934=DIRECTION('',(0.,0.,1.));
#2935=DIRECTION('',(0.,1.,0.));
#2936=DIRECTION('center_axis',(1.38348285443961E-15,-1.,0.));
#2937=DIRECTION('ref_axis',(1.,1.38348285443961E-15,0.));
#2938=DIRECTION('',(0.,0.,1.));
#2939=DIRECTION('',(1.,1.38348285443961E-15,0.));
#2940=DIRECTION('center_axis',(-0.866025403784439,-0.499999999999999,0.));
#2941=DIRECTION('ref_axis',(0.499999999999999,-0.866025403784439,0.));
#2942=DIRECTION('',(0.,0.,1.));
#2943=DIRECTION('',(0.499999999999999,-0.866025403784439,0.));
#2944=DIRECTION('center_axis',(0.,0.,1.));
#2945=DIRECTION('ref_axis',(1.,0.,0.));
#2946=DIRECTION('',(0.,0.,-1.));
#2947=DIRECTION('center_axis',(0.,0.,-1.));
#2948=DIRECTION('ref_axis',(1.,0.,0.));
#2949=DIRECTION('center_axis',(-2.19134751146495E-8,-1.,0.));
#2950=DIRECTION('ref_axis',(1.,-2.19134751146495E-8,0.));
#2951=DIRECTION('',(0.,0.,-1.));
#2952=DIRECTION('',(-1.,2.19134751146495E-8,0.));
#2953=DIRECTION('center_axis',(0.,0.,1.));
#2954=DIRECTION('ref_axis',(0.707106773438964,-0.707106788934131,0.));
#2955=DIRECTION('',(0.,0.,1.));
#2956=DIRECTION('center_axis',(0.,0.,-1.));
#2957=DIRECTION('ref_axis',(0.707106773438964,-0.707106788934131,0.));
#2958=DIRECTION('center_axis',(1.,0.,0.));
#2959=DIRECTION('ref_axis',(0.,1.,0.));
#2960=DIRECTION('',(0.,0.,-1.));
#2961=DIRECTION('',(0.,-1.,0.));
#2962=DIRECTION('center_axis',(0.,0.,1.));
#2963=DIRECTION('ref_axis',(0.707106781186548,0.707106781186548,0.));
#2964=DIRECTION('',(0.,0.,1.));
#2965=DIRECTION('center_axis',(0.,0.,-1.));
#2966=DIRECTION('ref_axis',(0.707106781186548,0.707106781186548,0.));
#2967=DIRECTION('center_axis',(0.,1.,0.));
#2968=DIRECTION('ref_axis',(-1.,0.,0.));
#2969=DIRECTION('',(0.,0.,1.));
#2970=DIRECTION('',(1.,0.,0.));
#2971=DIRECTION('center_axis',(0.,0.,1.));
#2972=DIRECTION('ref_axis',(-0.981529002922588,0.191313398437721,0.));
#2973=DIRECTION('',(0.,0.,-1.));
#2974=DIRECTION('center_axis',(0.,0.,-1.));
#2975=DIRECTION('ref_axis',(1.,0.,0.));
#2976=DIRECTION('',(0.,0.,1.));
#2977=DIRECTION('center_axis',(-0.866025403784439,-0.499999999999999,0.));
#2978=DIRECTION('ref_axis',(0.499999999999999,-0.866025403784439,0.));
#2979=DIRECTION('',(0.,0.,-1.));
#2980=DIRECTION('',(0.499999999999999,-0.866025403784439,0.));
#2981=DIRECTION('center_axis',(-1.,0.,0.));
#2982=DIRECTION('ref_axis',(0.,-1.,0.));
#2983=DIRECTION('',(0.,0.,-1.));
#2984=DIRECTION('',(0.,1.,0.));
#2985=DIRECTION('center_axis',(0.,-1.,0.));
#2986=DIRECTION('ref_axis',(1.,0.,0.));
#2987=DIRECTION('',(0.,0.,1.));
#2988=DIRECTION('',(1.,0.,0.));
#2989=DIRECTION('center_axis',(1.,0.,0.));
#2990=DIRECTION('ref_axis',(0.,0.,-1.));
#2991=DIRECTION('center_axis',(1.,0.,0.));
#2992=DIRECTION('ref_axis',(0.,0.,-1.));
#2993=DIRECTION('',(0.,0.,1.));
#2994=DIRECTION('',(0.,-1.,0.));
#2995=DIRECTION('',(0.,0.,1.));
#2996=DIRECTION('',(0.,-1.,0.));
#2997=DIRECTION('center_axis',(0.,-1.,0.));
#2998=DIRECTION('ref_axis',(1.,0.,0.));
#2999=DIRECTION('',(1.,0.,0.));
#3000=DIRECTION('',(0.,0.,-1.));
#3001=DIRECTION('',(-1.,0.,0.));
#3002=DIRECTION('center_axis',(0.,0.,1.));
#3003=DIRECTION('ref_axis',(-1.,0.,0.));
#3004=DIRECTION('',(-1.,0.,0.));
#3005=DIRECTION('',(0.,-1.,0.));
#3006=DIRECTION('',(1.,0.,0.));
#3007=DIRECTION('',(0.,-1.,0.));
#3008=DIRECTION('center_axis',(0.,-1.,0.));
#3009=DIRECTION('ref_axis',(0.,0.,-1.));
#3010=DIRECTION('',(0.,0.,1.));
#3011=DIRECTION('',(0.,0.,-1.));
#3012=DIRECTION('center_axis',(-1.,0.,0.));
#3013=DIRECTION('ref_axis',(0.,0.,-1.));
#3014=DIRECTION('',(0.,0.,1.));
#3015=DIRECTION('center_axis',(0.,0.,1.));
#3016=DIRECTION('ref_axis',(-1.,0.,0.));
#3017=DIRECTION('',(0.,-1.,0.));
#3018=DIRECTION('',(1.,1.38348285443961E-15,0.));
#3019=DIRECTION('',(1.,0.,0.));
#3020=DIRECTION('center_axis',(1.,0.,0.));
#3021=DIRECTION('ref_axis',(0.,0.,1.));
#3022=DIRECTION('',(0.,0.,-1.));
#3023=DIRECTION('center_axis',(0.,-1.,0.));
#3024=DIRECTION('ref_axis',(1.,0.,0.));
#3025=DIRECTION('',(0.,0.,-1.));
#3026=DIRECTION('center_axis',(-1.,0.,0.));
#3027=DIRECTION('ref_axis',(0.,0.,-1.));
#3028=DIRECTION('center_axis',(-1.,0.,0.));
#3029=DIRECTION('ref_axis',(0.,0.,-1.));
#3030=DIRECTION('',(-1.,0.,0.));
#3031=DIRECTION('center_axis',(1.,0.,0.));
#3032=DIRECTION('ref_axis',(0.,0.,-1.));
#3033=DIRECTION('center_axis',(-1.,0.,0.));
#3034=DIRECTION('ref_axis',(0.,0.,-1.));
#3035=DIRECTION('center_axis',(-1.,0.,0.));
#3036=DIRECTION('ref_axis',(0.,0.,-1.));
#3037=DIRECTION('',(-1.,0.,0.));
#3038=DIRECTION('center_axis',(1.,0.,0.));
#3039=DIRECTION('ref_axis',(0.,0.,-1.));
#3040=DIRECTION('center_axis',(0.,-1.,0.));
#3041=DIRECTION('ref_axis',(1.,0.,0.));
#3042=DIRECTION('',(-1.,0.,0.));
#3043=DIRECTION('',(0.,0.,1.));
#3044=DIRECTION('',(1.,0.,0.));
#3045=DIRECTION('',(0.,0.,1.));
#3046=DIRECTION('center_axis',(-1.,0.,0.));
#3047=DIRECTION('ref_axis',(0.,-1.,0.));
#3048=DIRECTION('',(0.,1.,0.));
#3049=DIRECTION('',(0.,-1.,0.));
#3050=DIRECTION('',(0.,0.,1.));
#3051=DIRECTION('center_axis',(0.,1.,0.));
#3052=DIRECTION('ref_axis',(-1.,0.,0.));
#3053=DIRECTION('',(1.,0.,0.));
#3054=DIRECTION('',(-1.,0.,0.));
#3055=DIRECTION('',(0.,0.,1.));
#3056=DIRECTION('center_axis',(1.,0.,0.));
#3057=DIRECTION('ref_axis',(0.,1.,0.));
#3058=DIRECTION('',(0.,-1.,0.));
#3059=DIRECTION('',(0.,1.,0.));
#3060=DIRECTION('center_axis',(0.,0.,1.));
#3061=DIRECTION('ref_axis',(1.,0.,0.));
#3062=DIRECTION('center_axis',(-5.79246795456603E-16,1.,0.));
#3063=DIRECTION('ref_axis',(1.,5.79246795456603E-16,0.));
#3064=DIRECTION('',(1.,5.79246795456603E-16,0.));
#3065=DIRECTION('',(0.,0.,-1.));
#3066=DIRECTION('',(-1.,-5.79246795456603E-16,0.));
#3067=DIRECTION('',(0.,0.,-1.));
#3068=DIRECTION('center_axis',(-1.,6.34413156928661E-16,0.));
#3069=DIRECTION('ref_axis',(6.34413156928661E-16,1.,0.));
#3070=DIRECTION('',(6.34413156928661E-16,1.,0.));
#3071=DIRECTION('',(0.,0.,-1.));
#3072=DIRECTION('',(-6.34413156928661E-16,-1.,0.));
#3073=DIRECTION('center_axis',(0.,-1.,0.));
#3074=DIRECTION('ref_axis',(-1.,0.,0.));
#3075=DIRECTION('',(-1.,0.,0.));
#3076=DIRECTION('',(0.,0.,-1.));
#3077=DIRECTION('',(1.,0.,0.));
#3078=DIRECTION('center_axis',(1.,0.,0.));
#3079=DIRECTION('ref_axis',(0.,-1.,0.));
#3080=DIRECTION('',(0.,-1.,0.));
#3081=DIRECTION('',(0.,1.,0.));
#3082=DIRECTION('center_axis',(1.,0.,0.));
#3083=DIRECTION('ref_axis',(0.,-1.,0.));
#3084=DIRECTION('center_axis',(-1.,0.,0.));
#3085=DIRECTION('ref_axis',(0.,-1.,0.));
#3086=DIRECTION('center_axis',(1.,0.,0.));
#3087=DIRECTION('ref_axis',(0.,-1.,0.));
#3088=DIRECTION('center_axis',(0.,0.,1.));
#3089=DIRECTION('ref_axis',(1.,0.,0.));
#3090=DIRECTION('',(0.,-1.,0.));
#3091=DIRECTION('',(-1.,0.,0.));
#3092=DIRECTION('center_axis',(0.,0.,-1.));
#3093=DIRECTION('ref_axis',(1.,0.,0.));
#3094=DIRECTION('center_axis',(0.,0.,1.));
#3095=DIRECTION('ref_axis',(1.,0.,0.));
#3096=DIRECTION('',(-0.514497742535215,0.8574917334448,0.));
#3097=DIRECTION('',(-1.,2.19134751146495E-8,0.));
#3098=DIRECTION('center_axis',(0.,0.,1.));
#3099=DIRECTION('ref_axis',(1.,0.,0.));
#3100=DIRECTION('',(0.,0.,1.));
#3101=DIRECTION('center_axis',(0.,0.,-1.));
#3102=DIRECTION('ref_axis',(1.,0.,0.));
#3103=DIRECTION('center_axis',(0.,0.,1.));
#3104=DIRECTION('ref_axis',(1.,0.,0.));
#3105=DIRECTION('',(0.,0.,-1.));
#3106=DIRECTION('center_axis',(0.,1.,0.));
#3107=DIRECTION('ref_axis',(-1.,0.,0.));
#3108=DIRECTION('',(0.,0.,1.));
#3109=DIRECTION('center_axis',(-1.,0.,0.));
#3110=DIRECTION('ref_axis',(0.,-1.,0.));
#3111=DIRECTION('center_axis',(-0.8574917334448,-0.514497742535215,0.));
#3112=DIRECTION('ref_axis',(0.514497742535215,-0.8574917334448,0.));
#3113=DIRECTION('',(0.,0.,-1.));
#3114=DIRECTION('center_axis',(0.,0.,1.));
#3115=DIRECTION('ref_axis',(1.,0.,0.));
#3116=DIRECTION('',(-0.499999999999999,0.866025403784439,0.));
#3117=DIRECTION('',(-1.,-1.38348285443961E-15,0.));
#3118=DIRECTION('',(0.,-1.,0.));
#3119=DIRECTION('',(-1.,0.,0.));
#3120=DIRECTION('',(0.,-1.,0.));
#3121=DIRECTION('',(-1.,0.,0.));
#3122=DIRECTION('',(0.,-1.,0.));
#3123=DIRECTION('',(1.,0.,0.));
#3124=DIRECTION('',(0.,1.,0.));
#3125=DIRECTION('',(-1.,0.,0.));
#3126=DIRECTION('center_axis',(0.,0.,-1.));
#3127=DIRECTION('ref_axis',(1.,0.,0.));
#3128=DIRECTION('center_axis',(0.,0.,1.));
#3129=DIRECTION('ref_axis',(1.,0.,0.));
#3130=DIRECTION('',(0.,0.,1.));
#3131=DIRECTION('center_axis',(-2.19134751146495E-8,-1.,0.));
#3132=DIRECTION('ref_axis',(1.,-2.19134751146495E-8,0.));
#3133=DIRECTION('center_axis',(0.,-1.,0.));
#3134=DIRECTION('ref_axis',(1.,0.,0.));
#3135=DIRECTION('',(0.,0.,-1.));
#3136=DIRECTION('',(0.,0.,-1.));
#3137=DIRECTION('center_axis',(-1.,0.,0.));
#3138=DIRECTION('ref_axis',(0.,-1.,0.));
#3139=DIRECTION('',(0.,0.,-1.));
#3140=DIRECTION('center_axis',(0.,1.,0.));
#3141=DIRECTION('ref_axis',(-1.,0.,0.));
#3142=DIRECTION('',(0.,0.,-1.));
#3143=DIRECTION('center_axis',(1.,0.,0.));
#3144=DIRECTION('ref_axis',(0.,1.,0.));
#3145=DIRECTION('',(0.,0.,-1.));
#3146=DIRECTION('center_axis',(0.,-1.,0.));
#3147=DIRECTION('ref_axis',(1.,0.,0.));
#3148=DIRECTION('',(0.,0.,1.));
#3149=DIRECTION('center_axis',(1.,0.,0.));
#3150=DIRECTION('ref_axis',(0.,1.,0.));
#3151=DIRECTION('',(0.,0.,-1.));
#3152=DIRECTION('center_axis',(0.,-1.,0.));
#3153=DIRECTION('ref_axis',(1.,0.,0.));
#3154=DIRECTION('',(0.,0.,1.));
#3155=DIRECTION('center_axis',(1.,0.,0.));
#3156=DIRECTION('ref_axis',(0.,1.,0.));
#3157=DIRECTION('',(0.,0.,-1.));
#3158=DIRECTION('center_axis',(1.38348285443961E-15,-1.,0.));
#3159=DIRECTION('ref_axis',(1.,1.38348285443961E-15,0.));
#3160=DIRECTION('',(0.,0.,-1.));
#3161=DIRECTION('center_axis',(-0.866025403784439,-0.499999999999999,0.));
#3162=DIRECTION('ref_axis',(0.499999999999999,-0.866025403784439,0.));
#3163=CARTESIAN_POINT('',(0.,0.,0.));
#3164=CARTESIAN_POINT('Origin',(-26.,4.9579537445916,-6.));
#3165=CARTESIAN_POINT('',(-31.9998526742251,2.,-6.));
#3166=CARTESIAN_POINT('',(-20.0001473257749,2.,-6.));
#3167=CARTESIAN_POINT('',(-13.,2.,-6.));
#3168=CARTESIAN_POINT('Origin',(-26.,1.9579537445916,-6.));
#3169=CARTESIAN_POINT('',(-27.25,4.9579537445916,-6.));
#3170=CARTESIAN_POINT('Origin',(-26.,4.9579537445916,-6.));
#3171=CARTESIAN_POINT('Origin',(-26.,4.9579537445916,-4.));
#3172=CARTESIAN_POINT('',(-27.25,4.9579537445916,-4.));
#3173=CARTESIAN_POINT('',(-27.25,4.9579537445916,-4.));
#3174=CARTESIAN_POINT('Origin',(-26.,4.9579537445916,-4.));
#3175=CARTESIAN_POINT('Origin',(-26.,1.9579537445916,-4.));
#3176=CARTESIAN_POINT('',(-20.0001473257749,2.,-4.));
#3177=CARTESIAN_POINT('',(-20.0001473257749,2.,-4.));
#3178=CARTESIAN_POINT('',(-31.9998526742251,2.,-4.));
#3179=CARTESIAN_POINT('',(-31.9998526742251,2.,-4.));
#3180=CARTESIAN_POINT('Origin',(-26.,1.9579537445916,-4.));
#3181=CARTESIAN_POINT('Origin',(-26.,4.9579537445916,-4.));
#3182=CARTESIAN_POINT('',(-13.,2.,-4.));
#3183=CARTESIAN_POINT('Origin',(-32.0000008493662,-12.0000001788139,0.));
#3184=CARTESIAN_POINT('',(-32.0000008493662,-11.5000001678572,0.));
#3185=CARTESIAN_POINT('',(-32.0000008493662,-11.0000001639128,0.));
#3186=CARTESIAN_POINT('',(-32.0000008493662,-17.000000089407,0.));
#3187=CARTESIAN_POINT('',(-32.0000008493662,-11.5000001678572,-6.));
#3188=CARTESIAN_POINT('',(-32.0000008493662,-11.5000001678572,0.));
#3189=CARTESIAN_POINT('',(-32.0000008493662,-11.0000001639128,-6.));
#3190=CARTESIAN_POINT('',(-32.0000008493662,-16.250000089407,-6.));
#3191=CARTESIAN_POINT('',(-32.0000008493662,-11.0000001639128,0.));
#3192=CARTESIAN_POINT('Origin',(-55.,-11.,0.));
#3193=CARTESIAN_POINT('',(-53.,-11.,0.));
#3194=CARTESIAN_POINT('',(-55.,-11.,0.));
#3195=CARTESIAN_POINT('',(-41.7085481156726,-11.,0.));
#3196=CARTESIAN_POINT('',(-53.,-11.,-6.));
#3197=CARTESIAN_POINT('',(-53.,-11.,0.));
#3198=CARTESIAN_POINT('',(-55.,-11.,-6.));
#3199=CARTESIAN_POINT('',(-41.25,-11.,-6.));
#3200=CARTESIAN_POINT('',(-55.,-11.,0.));
#3201=CARTESIAN_POINT('Origin',(-49.,-13.5,0.));
#3202=CARTESIAN_POINT('',(-50.7173095345894,-14.9537358640442,0.));
#3203=CARTESIAN_POINT('',(-47.322949157269,-11.9999998430349,0.));
#3204=CARTESIAN_POINT('Origin',(-49.,-13.5,0.));
#3205=CARTESIAN_POINT('',(-50.7173095345894,-14.9537358640442,-6.));
#3206=CARTESIAN_POINT('',(-50.7173095345894,-14.9537358640442,0.));
#3207=CARTESIAN_POINT('',(-47.322949157269,-11.9999998430349,-6.));
#3208=CARTESIAN_POINT('Origin',(-49.,-13.5,-6.));
#3209=CARTESIAN_POINT('',(-47.322949157269,-11.9999998430349,0.));
#3210=CARTESIAN_POINT('Origin',(-52.3999982699752,-11.9999997317791,0.));
#3211=CARTESIAN_POINT('',(-32.5000008603229,-12.0000001678572,0.));
#3212=CARTESIAN_POINT('',(-40.4085471410929,-11.9999999945535,0.));
#3213=CARTESIAN_POINT('',(-32.5000008603229,-12.0000001678572,-6.));
#3214=CARTESIAN_POINT('',(-39.9499990418553,-12.0000000046018,-6.));
#3215=CARTESIAN_POINT('',(-32.5000008603229,-12.0000001678572,0.));
#3216=CARTESIAN_POINT('Origin',(-32.5000008493662,-11.5000001678572,0.));
#3217=CARTESIAN_POINT('Origin',(-32.5000008493662,-11.5000001678572,0.));
#3218=CARTESIAN_POINT('Origin',(-32.5000008493662,-11.5000001678572,-6.));
#3219=CARTESIAN_POINT('Origin',(0.,-11.,0.));
#3220=CARTESIAN_POINT('',(0.,-8.39827534923789,0.));
#3221=CARTESIAN_POINT('',(0.,-11.,0.));
#3222=CARTESIAN_POINT('',(0.,-16.5,0.));
#3223=CARTESIAN_POINT('',(0.,-2.60172465076211,0.));
#3224=CARTESIAN_POINT('Origin',(0.,-5.5,0.1));
#3225=CARTESIAN_POINT('',(0.,0.,0.));
#3226=CARTESIAN_POINT('',(0.,-16.5,0.));
#3227=CARTESIAN_POINT('',(0.,0.,-6.));
#3228=CARTESIAN_POINT('',(0.,0.,0.));
#3229=CARTESIAN_POINT('',(0.,-11.,-6.));
#3230=CARTESIAN_POINT('',(0.,-15.75,-6.));
#3231=CARTESIAN_POINT('',(0.,-11.,0.));
#3232=CARTESIAN_POINT('Origin',(-14.,-36.,-8.));
#3233=CARTESIAN_POINT('',(-36.8341924626905,-43.,-8.));
#3234=CARTESIAN_POINT('',(-54.1547005383793,-13.,-8.));
#3235=CARTESIAN_POINT('',(-40.8274864357365,-36.0834119491258,-8.));
#3236=CARTESIAN_POINT('',(-57.,-13.,-8.));
#3237=CARTESIAN_POINT('',(-40.25,-13.,-8.));
#3238=CARTESIAN_POINT('',(-57.,2.,-8.));
#3239=CARTESIAN_POINT('',(-57.,-15.75,-8.));
#3240=CARTESIAN_POINT('',(2.,2.,-8.));
#3241=CARTESIAN_POINT('',(-41.25,2.,-8.));
#3242=CARTESIAN_POINT('',(2.,-13.,-8.));
#3243=CARTESIAN_POINT('',(2.,-10.25,-8.));
#3244=CARTESIAN_POINT('',(-6.,-13.,-8.));
#3245=CARTESIAN_POINT('',(-13.75,-13.,-8.));
#3246=CARTESIAN_POINT('',(-6.,-27.,-8.));
#3247=CARTESIAN_POINT('',(-6.,-15.75,-8.));
#3248=CARTESIAN_POINT('',(-8.,-27.,-8.));
#3249=CARTESIAN_POINT('',(-17.75,-27.,-8.));
#3250=CARTESIAN_POINT('',(-8.,-43.,-8.));
#3251=CARTESIAN_POINT('',(-8.,-22.75,-8.));
#3252=CARTESIAN_POINT('',(-18.75,-43.,-8.));
#3253=CARTESIAN_POINT('',(-50.25,-13.5,-8.));
#3254=CARTESIAN_POINT('Origin',(-49.,-13.5,-8.));
#3255=CARTESIAN_POINT('',(-20.5,-22.25,-8.));
#3256=CARTESIAN_POINT('Origin',(-19.,-22.25,-8.));
#3257=CARTESIAN_POINT('',(-15.25,-36.,-8.));
#3258=CARTESIAN_POINT('Origin',(-14.,-36.,-8.));
#3259=CARTESIAN_POINT('Origin',(-53.,-11.,0.));
#3260=CARTESIAN_POINT('',(-35.6794919243113,-41.,0.));
#3261=CARTESIAN_POINT('',(-47.545567168511,-20.4473547906108,0.));
#3262=CARTESIAN_POINT('',(-35.6794919243113,-41.,-6.));
#3263=CARTESIAN_POINT('',(-35.6794919243113,-41.,0.));
#3264=CARTESIAN_POINT('',(-47.755689666012,-20.0834119491258,-6.));
#3265=CARTESIAN_POINT('Origin',(-35.6794919243113,-41.,0.));
#3266=CARTESIAN_POINT('',(-10.,-41.,0.));
#3267=CARTESIAN_POINT('',(-32.0482940778283,-41.,0.));
#3268=CARTESIAN_POINT('',(-10.,-41.,-6.));
#3269=CARTESIAN_POINT('',(-10.,-41.,0.));
#3270=CARTESIAN_POINT('',(-31.5897459621556,-41.,-6.));
#3271=CARTESIAN_POINT('Origin',(-53.0000011622906,-10.5000001639128,0.));
#3272=CARTESIAN_POINT('',(-53.0000011622906,-10.5000001639128,0.));
#3273=CARTESIAN_POINT('',(-53.0000011622906,-16.2500000819564,0.));
#3274=CARTESIAN_POINT('',(-53.0000011622906,-10.5000001639128,-6.));
#3275=CARTESIAN_POINT('',(-53.0000011622906,-10.5000001639128,0.));
#3276=CARTESIAN_POINT('',(-53.0000011622906,-15.5000000819564,-6.));
#3277=CARTESIAN_POINT('',(-53.,-11.,0.));
#3278=CARTESIAN_POINT('Origin',(-53.,-11.,0.));
#3279=CARTESIAN_POINT('',(-51.1176269559495,-14.2603657510936,0.));
#3280=CARTESIAN_POINT('',(-47.545567168511,-20.4473547906108,0.));
#3281=CARTESIAN_POINT('',(-51.1176269559495,-14.2603657510936,-6.));
#3282=CARTESIAN_POINT('',(-51.1176269559495,-14.2603657510936,0.));
#3283=CARTESIAN_POINT('',(-47.755689666012,-20.0834119491258,-6.));
#3284=CARTESIAN_POINT('Origin',(-10.,-41.,0.));
#3285=CARTESIAN_POINT('',(-10.,-25.,0.));
#3286=CARTESIAN_POINT('',(-10.,-31.5,0.));
#3287=CARTESIAN_POINT('',(-10.,-25.,-6.));
#3288=CARTESIAN_POINT('',(-10.,-25.,0.));
#3289=CARTESIAN_POINT('',(-10.,-30.75,-6.));
#3290=CARTESIAN_POINT('Origin',(-32.0000008493662,-10.5000001639128,0.));
#3291=CARTESIAN_POINT('',(-32.5000008493662,-10.5000001639128,0.));
#3292=CARTESIAN_POINT('',(-30.2085485403557,-10.5000001639128,0.));
#3293=CARTESIAN_POINT('',(-32.5000008493662,-10.5000001639128,-6.));
#3294=CARTESIAN_POINT('',(-32.5000008493662,-10.5000001639128,0.));
#3295=CARTESIAN_POINT('',(-29.7500004246831,-10.5000001639128,-6.));
#3296=CARTESIAN_POINT('Origin',(-49.,-13.5,0.));
#3297=CARTESIAN_POINT('',(-50.6770507769905,-11.9999997695349,0.));
#3298=CARTESIAN_POINT('Origin',(-49.,-13.5,0.));
#3299=CARTESIAN_POINT('',(-50.6770507769905,-11.9999997695349,-6.));
#3300=CARTESIAN_POINT('',(-50.6770507769905,-11.9999997695349,0.));
#3301=CARTESIAN_POINT('Origin',(-49.,-13.5,-6.));
#3302=CARTESIAN_POINT('Origin',(-10.,-25.,0.));
#3303=CARTESIAN_POINT('',(-8.,-25.,0.));
#3304=CARTESIAN_POINT('',(-19.2085481156726,-25.,0.));
#3305=CARTESIAN_POINT('',(-8.,-25.,-6.));
#3306=CARTESIAN_POINT('',(-8.,-25.,0.));
#3307=CARTESIAN_POINT('',(-18.75,-25.,-6.));
#3308=CARTESIAN_POINT('Origin',(-32.5000008493662,-11.0000001639128,0.));
#3309=CARTESIAN_POINT('Origin',(-32.5000008493662,-11.0000001639128,0.));
#3310=CARTESIAN_POINT('Origin',(-32.5000008493662,-11.0000001639128,-6.));
#3311=CARTESIAN_POINT('Origin',(-8.,-25.,0.));
#3312=CARTESIAN_POINT('',(-8.,-11.,0.));
#3313=CARTESIAN_POINT('',(-8.,-23.5,0.));
#3314=CARTESIAN_POINT('',(-8.,-11.,-6.));
#3315=CARTESIAN_POINT('',(-8.,-11.,0.));
#3316=CARTESIAN_POINT('',(-8.,-22.75,-6.));
#3317=CARTESIAN_POINT('Origin',(-8.,-11.,0.));
#3318=CARTESIAN_POINT('',(-18.2085481156726,-11.,0.));
#3319=CARTESIAN_POINT('',(-17.75,-11.,-6.));
#3320=CARTESIAN_POINT('Origin',(-19.,-22.25,-6.));
#3321=CARTESIAN_POINT('',(-20.5,-22.25,-6.));
#3322=CARTESIAN_POINT('',(-20.5,-22.25,-6.));
#3323=CARTESIAN_POINT('Origin',(-19.,-22.25,-6.));
#3324=CARTESIAN_POINT('Origin',(-27.5,-20.5,-6.));
#3325=CARTESIAN_POINT('',(-52.3999982699752,-11.9999997317791,-6.));
#3326=CARTESIAN_POINT('',(-39.9499990418553,-12.0000000046018,-6.));
#3327=CARTESIAN_POINT('',(-47.529381559198,-20.1176516104629,-6.));
#3328=CARTESIAN_POINT('Origin',(-27.5,-20.5,-6.));
#3329=CARTESIAN_POINT('',(-55.,0.,-6.));
#3330=CARTESIAN_POINT('',(-13.75,0.,-6.));
#3331=CARTESIAN_POINT('',(-55.,-10.25,-6.));
#3332=CARTESIAN_POINT('',(-16.25,-36.,-6.));
#3333=CARTESIAN_POINT('Origin',(-14.,-36.,-6.));
#3334=CARTESIAN_POINT('Origin',(-58.8341924626906,-43.,-0.900000000000001));
#3335=CARTESIAN_POINT('',(-57.8341924626906,-44.6,-0.900000000000001));
#3336=CARTESIAN_POINT('',(-57.8341924626906,-43.0000006407499,-0.900000000000001));
#3337=CARTESIAN_POINT('',(-57.8341924626906,-43.7500001601875,-0.900000000000001));
#3338=CARTESIAN_POINT('',(-36.8341924626905,-43.,-0.900000000000001));
#3339=CARTESIAN_POINT('',(-8.83419246269057,-43.,-0.900000000000001));
#3340=CARTESIAN_POINT('',(-8.83419246269057,-43.,-0.900000000000001));
#3341=CARTESIAN_POINT('',(-47.2568421935009,-43.,-0.900000000000001));
#3342=CARTESIAN_POINT('',(-8.83419246269057,-44.6,-0.900000000000001));
#3343=CARTESIAN_POINT('',(-8.83419246269057,-43.,-0.900000000000001));
#3344=CARTESIAN_POINT('',(-8.83419246269057,-44.6,-0.900000000000001));
#3345=CARTESIAN_POINT('Origin',(-33.8341924626906,-44.6,-5.55111512312578E-16));
#3346=CARTESIAN_POINT('',(-57.8341924626906,-44.6,-4.9));
#3347=CARTESIAN_POINT('',(-57.8341924626906,-44.6,-0.0250000186264518));
#3348=CARTESIAN_POINT('',(-8.83419246269057,-44.6,-4.9));
#3349=CARTESIAN_POINT('',(-8.83419246269057,-44.6,4.9));
#3350=CARTESIAN_POINT('',(-8.83419246269057,-44.6,-4.9));
#3351=CARTESIAN_POINT('Origin',(-58.8341924626906,-44.6,-4.9));
#3352=CARTESIAN_POINT('',(-57.8341924626906,-46.,-4.9));
#3353=CARTESIAN_POINT('',(-57.8341924626906,-44.5500001601875,-4.9));
#3354=CARTESIAN_POINT('',(-8.83419246269057,-46.,-4.9));
#3355=CARTESIAN_POINT('',(-8.83419246269057,-44.6,-4.9));
#3356=CARTESIAN_POINT('',(-8.83419246269057,-46.,-4.9));
#3357=CARTESIAN_POINT('Origin',(-58.8341924626906,-46.,-5.00000007450581));
#3358=CARTESIAN_POINT('',(-58.8341924626906,-46.,-5.00000007450581));
#3359=CARTESIAN_POINT('',(-58.8341924626906,-43.0000006407499,-5.00000007450581));
#3360=CARTESIAN_POINT('',(-58.8341924626906,-46.,-5.00000007450581));
#3361=CARTESIAN_POINT('',(-57.8341924626906,-43.0000006407499,-5.00000007450581));
#3362=CARTESIAN_POINT('',(-58.8341924626906,-43.0000006407499,-5.00000007450581));
#3363=CARTESIAN_POINT('',(-57.8341924626906,-46.,-5.00000007450581));
#3364=CARTESIAN_POINT('',(-57.8341924626906,-46.,-5.00000007450581));
#3365=CARTESIAN_POINT('',(-58.8341924626906,-46.,-5.00000007450581));
#3366=CARTESIAN_POINT('Origin',(-57.8341924626906,-44.500000320375,-0.050000037252903));
#3367=CARTESIAN_POINT('',(-57.8341924626906,-46.,4.9));
#3368=CARTESIAN_POINT('',(-57.8341924626906,-43.0000006407499,-5.00000007450581));
#3369=CARTESIAN_POINT('Origin',(2.,-5.5,0.1));
#3370=CARTESIAN_POINT('',(-2.,-8.39827534923789,0.));
#3371=CARTESIAN_POINT('',(2.,-8.39827534923789,0.));
#3372=CARTESIAN_POINT('',(-2.,-2.60172465076211,0.));
#3373=CARTESIAN_POINT('Origin',(-2.,-5.5,0.1));
#3374=CARTESIAN_POINT('',(2.,-2.60172465076211,0.));
#3375=CARTESIAN_POINT('Origin',(-49.,-13.5,0.));
#3376=CARTESIAN_POINT('',(-50.25,-13.5,0.));
#3377=CARTESIAN_POINT('',(-50.25,-13.5,0.));
#3378=CARTESIAN_POINT('Origin',(-49.,-13.5,0.));
#3379=CARTESIAN_POINT('Origin',(-14.,-36.,0.));
#3380=CARTESIAN_POINT('',(-16.25,-36.,0.));
#3381=CARTESIAN_POINT('Origin',(-14.,-36.,0.));
#3382=CARTESIAN_POINT('',(-16.25,-36.,0.));
#3383=CARTESIAN_POINT('Origin',(-14.,-36.,0.));
#3384=CARTESIAN_POINT('',(-15.25,-36.,0.));
#3385=CARTESIAN_POINT('',(-15.25,-36.,0.));
#3386=CARTESIAN_POINT('Origin',(-14.,-36.,0.));
#3387=CARTESIAN_POINT('Origin',(-55.,-13.,0.));
#3388=CARTESIAN_POINT('',(-57.,-13.,0.));
#3389=CARTESIAN_POINT('',(-54.1547005383793,-13.,0.));
#3390=CARTESIAN_POINT('',(-41.7085481156726,-13.,0.));
#3391=CARTESIAN_POINT('',(-57.,-13.,0.));
#3392=CARTESIAN_POINT('',(-54.1547005383793,-13.,0.));
#3393=CARTESIAN_POINT('Origin',(-57.,0.,0.));
#3394=CARTESIAN_POINT('',(-57.,2.,0.));
#3395=CARTESIAN_POINT('',(-57.,-0.5,0.));
#3396=CARTESIAN_POINT('',(-57.,-11.,0.));
#3397=CARTESIAN_POINT('',(-57.,2.,0.));
#3398=CARTESIAN_POINT('',(-57.,-10.5,2.31296463463574E-16));
#3399=CARTESIAN_POINT('',(-57.,-11.,0.));
#3400=CARTESIAN_POINT('Origin',(-57.,-5.5,2.31296463463574E-16));
#3401=CARTESIAN_POINT('Origin',(-54.7320508075689,-12.,0.));
#3402=CARTESIAN_POINT('',(-36.8341924626905,-43.,0.));
#3403=CARTESIAN_POINT('',(-49.2776179760798,-21.4473547906108,0.));
#3404=CARTESIAN_POINT('',(-36.8341924626905,-43.,0.));
#3405=CARTESIAN_POINT('',(-36.8341924626905,-43.,0.));
#3406=CARTESIAN_POINT('Origin',(-55.9,-5.5,2.31296463463574E-16));
#3407=CARTESIAN_POINT('',(-55.,-0.5,-3.81026936110102E-16));
#3408=CARTESIAN_POINT('',(-55.9,-0.5,0.));
#3409=CARTESIAN_POINT('',(-55.,-10.5,0.));
#3410=CARTESIAN_POINT('',(-55.9,-10.5,0.));
#3411=CARTESIAN_POINT('Origin',(-55.,-5.5,2.31296463463574E-16));
#3412=CARTESIAN_POINT('Origin',(-33.8341924626906,-43.,-5.55111512312578E-16));
#3413=CARTESIAN_POINT('',(-58.8341924626906,-43.0000006407499,0.));
#3414=CARTESIAN_POINT('',(-31.1256443470179,-43.,0.));
#3415=CARTESIAN_POINT('',(-58.8341924626906,-43.0000006407499,-5.00000007450581));
#3416=CARTESIAN_POINT('Origin',(-55.,0.,0.));
#3417=CARTESIAN_POINT('',(-55.,0.,0.));
#3418=CARTESIAN_POINT('',(-55.,-11.,0.));
#3419=CARTESIAN_POINT('',(-55.,-11.,0.));
#3420=CARTESIAN_POINT('',(-55.,0.,0.));
#3421=CARTESIAN_POINT('Origin',(-58.8341924626906,-43.,0.9));
#3422=CARTESIAN_POINT('',(-58.8341924626906,-46.,0.));
#3423=CARTESIAN_POINT('',(-58.8341924626906,-32.5,0.));
#3424=CARTESIAN_POINT('',(-58.8341924626906,-46.,-4.9));
#3425=CARTESIAN_POINT('Origin',(-33.8341924626906,-46.,-5.55111512312578E-16));
#3426=CARTESIAN_POINT('',(-8.83419246269057,-46.,0.));
#3427=CARTESIAN_POINT('',(-31.1256443470179,-46.,0.));
#3428=CARTESIAN_POINT('',(-8.83419246269057,-46.,4.9));
#3429=CARTESIAN_POINT('Origin',(-53.0000011622906,-11.0000001639128,0.));
#3430=CARTESIAN_POINT('',(-52.3999982699752,-11.9999997317791,0.));
#3431=CARTESIAN_POINT('',(-47.3198797095363,-20.4668195258381,0.));
#3432=CARTESIAN_POINT('',(-52.3999982699752,-11.9999997317791,0.));
#3433=CARTESIAN_POINT('Origin',(-8.83419246269057,-43.,-0.900000000000001));
#3434=CARTESIAN_POINT('',(-8.83419246269057,-43.,0.));
#3435=CARTESIAN_POINT('',(-8.83419246269057,-32.5,0.));
#3436=CARTESIAN_POINT('',(-8.83419246269057,-43.,-0.45));
#3437=CARTESIAN_POINT('Origin',(-52.3999982699752,-11.9999997317791,0.));
#3438=CARTESIAN_POINT('',(-40.4085471410929,-11.9999999945535,0.));
#3439=CARTESIAN_POINT('Origin',(-35.6794919243113,-43.,0.));
#3440=CARTESIAN_POINT('',(-8.,-43.,0.));
#3441=CARTESIAN_POINT('',(-32.0482940778283,-43.,0.));
#3442=CARTESIAN_POINT('',(-8.,-43.,0.));
#3443=CARTESIAN_POINT('Origin',(-8.,-41.,0.));
#3444=CARTESIAN_POINT('',(-8.,-27.,0.));
#3445=CARTESIAN_POINT('',(-8.,-31.5,0.));
#3446=CARTESIAN_POINT('',(-8.,-27.,0.));
#3447=CARTESIAN_POINT('Origin',(-10.,-27.,0.));
#3448=CARTESIAN_POINT('',(-6.,-27.,0.));
#3449=CARTESIAN_POINT('',(-19.2085481156726,-27.,0.));
#3450=CARTESIAN_POINT('',(-6.,-27.,0.));
#3451=CARTESIAN_POINT('Origin',(-6.,-25.,0.));
#3452=CARTESIAN_POINT('',(-6.,-13.,0.));
#3453=CARTESIAN_POINT('',(-6.,-23.5,0.));
#3454=CARTESIAN_POINT('',(-6.,-13.,0.));
#3455=CARTESIAN_POINT('Origin',(-8.,-13.,0.));
#3456=CARTESIAN_POINT('',(2.,-13.,0.));
#3457=CARTESIAN_POINT('',(-18.2085481156726,-13.,0.));
#3458=CARTESIAN_POINT('',(2.,-13.,0.));
#3459=CARTESIAN_POINT('Origin',(2.,-11.,0.));
#3460=CARTESIAN_POINT('',(2.,2.,0.));
#3461=CARTESIAN_POINT('',(2.,-16.5,0.));
#3462=CARTESIAN_POINT('',(2.,2.,0.));
#3463=CARTESIAN_POINT('Origin',(0.,2.,0.));
#3464=CARTESIAN_POINT('',(-14.2085481156726,2.,0.));
#3465=CARTESIAN_POINT('Origin',(0.,0.,0.));
#3466=CARTESIAN_POINT('',(-14.2085481156726,0.,0.));
#3467=CARTESIAN_POINT('Origin',(-2.,-5.5,0.1));
#3468=CARTESIAN_POINT('',(-2.,-13.75,0.));
#3469=CARTESIAN_POINT('Origin',(-28.4170962313453,-22.,0.));
#3470=CARTESIAN_POINT('Origin',(-28.4170962313453,-22.,0.));
#3471=CARTESIAN_POINT('Origin',(-26.,4.9579537445916,4.));
#3472=CARTESIAN_POINT('',(-31.9998526742251,2.,4.));
#3473=CARTESIAN_POINT('',(-20.0001473257749,2.,4.));
#3474=CARTESIAN_POINT('',(-13.,2.,4.));
#3475=CARTESIAN_POINT('Origin',(-26.,1.9579537445916,4.));
#3476=CARTESIAN_POINT('',(-27.25,4.9579537445916,4.));
#3477=CARTESIAN_POINT('Origin',(-26.,4.9579537445916,4.));
#3478=CARTESIAN_POINT('Origin',(-26.,4.9579537445916,6.));
#3479=CARTESIAN_POINT('',(-27.25,4.9579537445916,6.));
#3480=CARTESIAN_POINT('',(-27.25,4.9579537445916,6.));
#3481=CARTESIAN_POINT('Origin',(-26.,4.9579537445916,6.));
#3482=CARTESIAN_POINT('Origin',(-26.,1.9579537445916,6.));
#3483=CARTESIAN_POINT('',(-20.0001473257749,2.,6.));
#3484=CARTESIAN_POINT('',(-20.0001473257749,2.,6.));
#3485=CARTESIAN_POINT('',(-31.9998526742251,2.,6.));
#3486=CARTESIAN_POINT('',(-31.9998526742251,2.,6.));
#3487=CARTESIAN_POINT('Origin',(-26.,1.9579537445916,6.));
#3488=CARTESIAN_POINT('Origin',(-26.,4.9579537445916,6.));
#3489=CARTESIAN_POINT('',(-13.,2.,6.));
#3490=CARTESIAN_POINT('Origin',(-28.4170962313453,-22.,0.));
#3491=CARTESIAN_POINT('',(-16.25,-36.,0.));
#3492=CARTESIAN_POINT('Origin',(-14.,-36.,0.));
#3493=CARTESIAN_POINT('',(-15.25,-36.,0.));
#3494=CARTESIAN_POINT('Origin',(-14.,-36.,0.));
#3495=CARTESIAN_POINT('Origin',(-28.4170962313453,-22.,0.));
#3496=CARTESIAN_POINT('',(-57.,-13.,0.));
#3497=CARTESIAN_POINT('',(-54.1547005383793,-13.,0.));
#3498=CARTESIAN_POINT('',(-41.7085481156726,-13.,0.));
#3499=CARTESIAN_POINT('',(-57.,-10.5,2.31296463463574E-16));
#3500=CARTESIAN_POINT('',(-57.,-11.,0.));
#3501=CARTESIAN_POINT('',(-55.,-10.5,0.));
#3502=CARTESIAN_POINT('',(-55.9,-10.5,0.));
#3503=CARTESIAN_POINT('',(-55.,-11.,0.));
#3504=CARTESIAN_POINT('',(-55.,-11.,0.));
#3505=CARTESIAN_POINT('',(-53.,-11.,0.));
#3506=CARTESIAN_POINT('',(-41.7085481156726,-11.,0.));
#3507=CARTESIAN_POINT('',(-51.1176269559495,-14.2603657510936,0.));
#3508=CARTESIAN_POINT('',(-47.545567168511,-20.4473547906108,0.));
#3509=CARTESIAN_POINT('',(-50.6770507769905,-11.9999997695349,0.));
#3510=CARTESIAN_POINT('Origin',(-49.,-13.5,0.));
#3511=CARTESIAN_POINT('',(-52.3999982699752,-11.9999997317791,0.));
#3512=CARTESIAN_POINT('',(-40.4085471410929,-11.9999999945535,0.));
#3513=CARTESIAN_POINT('',(-47.3198797095363,-20.4668195258381,0.));
#3514=CARTESIAN_POINT('',(-53.0000011622906,-10.5000001639128,0.));
#3515=CARTESIAN_POINT('',(-53.0000011622906,-16.2500000819564,0.));
#3516=CARTESIAN_POINT('',(-32.5000008493662,-10.5000001639128,0.));
#3517=CARTESIAN_POINT('',(-30.2085485403557,-10.5000001639128,0.));
#3518=CARTESIAN_POINT('',(-32.0000008493662,-11.0000001639128,0.));
#3519=CARTESIAN_POINT('Origin',(-32.5000008493662,-11.0000001639128,0.));
#3520=CARTESIAN_POINT('',(-32.0000008493662,-11.5000001678572,0.));
#3521=CARTESIAN_POINT('',(-32.0000008493662,-17.000000089407,0.));
#3522=CARTESIAN_POINT('',(-32.5000008603229,-12.0000001678572,0.));
#3523=CARTESIAN_POINT('Origin',(-32.5000008493662,-11.5000001678572,0.));
#3524=CARTESIAN_POINT('',(-47.322949157269,-11.9999998430349,0.));
#3525=CARTESIAN_POINT('',(-40.4085471410929,-11.9999999945535,0.));
#3526=CARTESIAN_POINT('',(-50.7173095345894,-14.9537358640442,0.));
#3527=CARTESIAN_POINT('Origin',(-49.,-13.5,0.));
#3528=CARTESIAN_POINT('',(-35.6794919243113,-41.,0.));
#3529=CARTESIAN_POINT('',(-47.545567168511,-20.4473547906108,0.));
#3530=CARTESIAN_POINT('',(-10.,-41.,0.));
#3531=CARTESIAN_POINT('',(-32.0482940778283,-41.,0.));
#3532=CARTESIAN_POINT('',(-10.,-25.,0.));
#3533=CARTESIAN_POINT('',(-10.,-31.5,0.));
#3534=CARTESIAN_POINT('',(-8.,-25.,0.));
#3535=CARTESIAN_POINT('',(-19.2085481156726,-25.,0.));
#3536=CARTESIAN_POINT('',(-8.,-11.,0.));
#3537=CARTESIAN_POINT('',(-8.,-23.5,0.));
#3538=CARTESIAN_POINT('',(0.,-11.,0.));
#3539=CARTESIAN_POINT('',(-18.2085481156726,-11.,0.));
#3540=CARTESIAN_POINT('',(0.,-8.39827534923789,0.));
#3541=CARTESIAN_POINT('',(0.,-16.5,0.));
#3542=CARTESIAN_POINT('',(-2.,-8.39827534923789,0.));
#3543=CARTESIAN_POINT('',(2.,-8.39827534923789,0.));
#3544=CARTESIAN_POINT('',(-2.,-2.60172465076211,0.));
#3545=CARTESIAN_POINT('',(-2.,-13.75,0.));
#3546=CARTESIAN_POINT('',(0.,-2.60172465076211,0.));
#3547=CARTESIAN_POINT('',(2.,-2.60172465076211,0.));
#3548=CARTESIAN_POINT('',(0.,0.,0.));
#3549=CARTESIAN_POINT('',(0.,-16.5,0.));
#3550=CARTESIAN_POINT('',(-55.,0.,0.));
#3551=CARTESIAN_POINT('',(-14.2085481156726,0.,0.));
#3552=CARTESIAN_POINT('',(-55.,-0.5,-3.81026936110102E-16));
#3553=CARTESIAN_POINT('',(-55.,-11.,0.));
#3554=CARTESIAN_POINT('',(-57.,-0.5,0.));
#3555=CARTESIAN_POINT('',(-55.9,-0.5,0.));
#3556=CARTESIAN_POINT('',(-57.,2.,0.));
#3557=CARTESIAN_POINT('',(-57.,-11.,0.));
#3558=CARTESIAN_POINT('',(2.,2.,0.));
#3559=CARTESIAN_POINT('',(-14.2085481156726,2.,0.));
#3560=CARTESIAN_POINT('',(2.,-13.,0.));
#3561=CARTESIAN_POINT('',(2.,-16.5,0.));
#3562=CARTESIAN_POINT('',(-6.,-13.,0.));
#3563=CARTESIAN_POINT('',(-18.2085481156726,-13.,0.));
#3564=CARTESIAN_POINT('',(-6.,-27.,0.));
#3565=CARTESIAN_POINT('',(-6.,-23.5,0.));
#3566=CARTESIAN_POINT('',(-8.,-27.,0.));
#3567=CARTESIAN_POINT('',(-19.2085481156726,-27.,0.));
#3568=CARTESIAN_POINT('',(-8.,-43.,0.));
#3569=CARTESIAN_POINT('',(-8.,-31.5,0.));
#3570=CARTESIAN_POINT('',(-8.83419246269057,-43.,0.));
#3571=CARTESIAN_POINT('',(-32.0482940778283,-43.,0.));
#3572=CARTESIAN_POINT('',(-8.83419246269057,-46.,0.));
#3573=CARTESIAN_POINT('',(-8.83419246269057,-32.5,0.));
#3574=CARTESIAN_POINT('',(-58.8341924626906,-46.,0.));
#3575=CARTESIAN_POINT('',(-31.1256443470179,-46.,0.));
#3576=CARTESIAN_POINT('',(-58.8341924626906,-43.0000006407499,0.));
#3577=CARTESIAN_POINT('',(-58.8341924626906,-32.5,0.));
#3578=CARTESIAN_POINT('',(-36.8341924626905,-43.,0.));
#3579=CARTESIAN_POINT('',(-31.1256443470179,-43.,0.));
#3580=CARTESIAN_POINT('',(-49.2776179760798,-21.4473547906108,0.));
#3581=CARTESIAN_POINT('',(-50.25,-13.5,0.));
#3582=CARTESIAN_POINT('Origin',(-49.,-13.5,0.));
#3583=CARTESIAN_POINT('Origin',(2.,-5.5,0.1));
#3584=CARTESIAN_POINT('Origin',(0.,-5.5,0.1));
#3585=CARTESIAN_POINT('Origin',(-2.,-5.5,0.1));
#3586=CARTESIAN_POINT('Origin',(0.,-11.,0.));
#3587=CARTESIAN_POINT('',(0.,-11.,6.));
#3588=CARTESIAN_POINT('',(0.,-11.,0.));
#3589=CARTESIAN_POINT('',(0.,0.,6.));
#3590=CARTESIAN_POINT('',(0.,-15.75,6.));
#3591=CARTESIAN_POINT('',(0.,0.,0.));
#3592=CARTESIAN_POINT('Origin',(-8.,-11.,0.));
#3593=CARTESIAN_POINT('',(-8.,-11.,6.));
#3594=CARTESIAN_POINT('',(-8.,-11.,0.));
#3595=CARTESIAN_POINT('',(-17.75,-11.,6.));
#3596=CARTESIAN_POINT('Origin',(-8.,-25.,0.));
#3597=CARTESIAN_POINT('',(-8.,-25.,6.));
#3598=CARTESIAN_POINT('',(-8.,-25.,0.));
#3599=CARTESIAN_POINT('',(-8.,-22.75,6.));
#3600=CARTESIAN_POINT('Origin',(-10.,-25.,0.));
#3601=CARTESIAN_POINT('',(-10.,-25.,6.));
#3602=CARTESIAN_POINT('',(-10.,-25.,0.));
#3603=CARTESIAN_POINT('',(-18.75,-25.,6.));
#3604=CARTESIAN_POINT('Origin',(-10.,-41.,0.));
#3605=CARTESIAN_POINT('',(-10.,-41.,6.));
#3606=CARTESIAN_POINT('',(-10.,-41.,0.));
#3607=CARTESIAN_POINT('',(-10.,-30.75,6.));
#3608=CARTESIAN_POINT('Origin',(-35.6794919243113,-41.,0.));
#3609=CARTESIAN_POINT('',(-35.6794919243113,-41.,6.));
#3610=CARTESIAN_POINT('',(-35.6794919243113,-41.,0.));
#3611=CARTESIAN_POINT('',(-31.5897459621556,-41.,6.));
#3612=CARTESIAN_POINT('Origin',(-53.,-11.,0.));
#3613=CARTESIAN_POINT('',(-50.7173095345894,-14.9537358640442,6.));
#3614=CARTESIAN_POINT('',(-50.7173095345894,-14.9537358640442,0.));
#3615=CARTESIAN_POINT('',(-47.755689666012,-20.0834119491258,6.));
#3616=CARTESIAN_POINT('Origin',(-49.,-13.5,0.));
#3617=CARTESIAN_POINT('',(-47.322949157269,-11.9999998430349,6.));
#3618=CARTESIAN_POINT('',(-47.322949157269,-11.9999998430349,0.));
#3619=CARTESIAN_POINT('Origin',(-49.,-13.5,6.));
#3620=CARTESIAN_POINT('Origin',(-52.3999982699752,-11.9999997317791,0.));
#3621=CARTESIAN_POINT('',(-32.5000008603229,-12.0000001678572,6.));
#3622=CARTESIAN_POINT('',(-32.5000008603229,-12.0000001678572,0.));
#3623=CARTESIAN_POINT('',(-39.9499990418553,-12.0000000046018,6.));
#3624=CARTESIAN_POINT('Origin',(-32.5000008493662,-11.5000001678572,0.));
#3625=CARTESIAN_POINT('',(-32.0000008493662,-11.5000001678572,6.));
#3626=CARTESIAN_POINT('',(-32.0000008493662,-11.5000001678572,0.));
#3627=CARTESIAN_POINT('Origin',(-32.5000008493662,-11.5000001678572,6.));
#3628=CARTESIAN_POINT('Origin',(-32.0000008493662,-12.0000001788139,0.));
#3629=CARTESIAN_POINT('',(-32.0000008493662,-11.0000001639128,6.));
#3630=CARTESIAN_POINT('',(-32.0000008493662,-11.0000001639128,0.));
#3631=CARTESIAN_POINT('',(-32.0000008493662,-16.250000089407,6.));
#3632=CARTESIAN_POINT('Origin',(-32.5000008493662,-11.0000001639128,0.));
#3633=CARTESIAN_POINT('',(-32.5000008493662,-10.5000001639128,6.));
#3634=CARTESIAN_POINT('',(-32.5000008493662,-10.5000001639128,0.));
#3635=CARTESIAN_POINT('Origin',(-32.5000008493662,-11.0000001639128,6.));
#3636=CARTESIAN_POINT('Origin',(-32.0000008493662,-10.5000001639128,0.));
#3637=CARTESIAN_POINT('',(-53.0000011622906,-10.5000001639128,6.));
#3638=CARTESIAN_POINT('',(-53.0000011622906,-10.5000001639128,0.));
#3639=CARTESIAN_POINT('',(-29.7500004246831,-10.5000001639128,6.));
#3640=CARTESIAN_POINT('Origin',(-49.,-13.5,0.));
#3641=CARTESIAN_POINT('',(-51.1176269559495,-14.2603657510936,6.));
#3642=CARTESIAN_POINT('',(-51.1176269559495,-14.2603657510936,0.));
#3643=CARTESIAN_POINT('',(-50.6770507769905,-11.9999997695349,6.));
#3644=CARTESIAN_POINT('Origin',(-49.,-13.5,6.));
#3645=CARTESIAN_POINT('',(-50.6770507769905,-11.9999997695349,0.));
#3646=CARTESIAN_POINT('Origin',(-53.,-11.,0.));
#3647=CARTESIAN_POINT('',(-53.,-11.,6.));
#3648=CARTESIAN_POINT('',(-53.,-11.,0.));
#3649=CARTESIAN_POINT('',(-47.755689666012,-20.0834119491258,6.));
#3650=CARTESIAN_POINT('Origin',(-53.0000011622906,-10.5000001639128,0.));
#3651=CARTESIAN_POINT('',(-53.,-11.,0.));
#3652=CARTESIAN_POINT('',(-53.0000011622906,-15.5000000819564,6.));
#3653=CARTESIAN_POINT('Origin',(-55.,-11.,0.));
#3654=CARTESIAN_POINT('',(-55.,-11.,6.));
#3655=CARTESIAN_POINT('',(-55.,-11.,0.));
#3656=CARTESIAN_POINT('',(-41.25,-11.,6.));
#3657=CARTESIAN_POINT('Origin',(-2.,-5.5,0.1));
#3658=CARTESIAN_POINT('Origin',(-57.8341924626906,-44.500000320375,-0.050000037252903));
#3659=CARTESIAN_POINT('',(-57.8341924626906,-44.6,0.9));
#3660=CARTESIAN_POINT('',(-57.8341924626906,-44.6,4.9));
#3661=CARTESIAN_POINT('',(-57.8341924626906,-44.6,-0.0250000186264518));
#3662=CARTESIAN_POINT('',(-57.8341924626906,-43.0000006407499,0.9));
#3663=CARTESIAN_POINT('',(-57.8341924626906,-43.7500001601875,0.9));
#3664=CARTESIAN_POINT('',(-57.8341924626906,-43.0000006407499,4.9));
#3665=CARTESIAN_POINT('',(-57.8341924626906,-43.0000006407499,-5.00000007450581));
#3666=CARTESIAN_POINT('',(-57.8341924626906,-43.0000006407499,4.9));
#3667=CARTESIAN_POINT('Origin',(-33.8341924626906,-44.6,-5.55111512312578E-16));
#3668=CARTESIAN_POINT('',(-8.83419246269057,-44.6,4.9));
#3669=CARTESIAN_POINT('',(-58.8341924626906,-44.6,4.9));
#3670=CARTESIAN_POINT('',(-8.83419246269057,-44.6,0.9));
#3671=CARTESIAN_POINT('',(-8.83419246269057,-44.6,4.9));
#3672=CARTESIAN_POINT('',(-58.8341924626906,-44.6,0.9));
#3673=CARTESIAN_POINT('Origin',(-8.83419246269057,-44.6,4.9));
#3674=CARTESIAN_POINT('',(-8.83419246269057,-46.,4.9));
#3675=CARTESIAN_POINT('',(-58.8341924626906,-46.,4.9));
#3676=CARTESIAN_POINT('',(-58.8341924626906,-46.,4.9));
#3677=CARTESIAN_POINT('',(-8.83419246269057,-44.6,4.9));
#3678=CARTESIAN_POINT('',(-58.8341924626906,-43.0000006407499,4.9));
#3679=CARTESIAN_POINT('',(-58.8341924626906,-43.0000006407499,4.9));
#3680=CARTESIAN_POINT('',(-58.8341924626906,-44.6,4.9));
#3681=CARTESIAN_POINT('Origin',(-33.8341924626906,-46.,-5.55111512312578E-16));
#3682=CARTESIAN_POINT('',(-8.83419246269057,-46.,4.9));
#3683=CARTESIAN_POINT('',(-58.8341924626906,-46.,-4.9));
#3684=CARTESIAN_POINT('Origin',(-58.8341924626906,-43.,0.9));
#3685=CARTESIAN_POINT('',(-58.8341924626906,-43.0000006407499,-5.00000007450581));
#3686=CARTESIAN_POINT('Origin',(-8.83419246269057,-43.,0.9));
#3687=CARTESIAN_POINT('',(-8.83419246269057,-43.,0.9));
#3688=CARTESIAN_POINT('',(-8.83419246269057,-43.,0.9));
#3689=CARTESIAN_POINT('',(-36.8341924626905,-43.,0.9));
#3690=CARTESIAN_POINT('',(-22.2568421935009,-43.,0.9));
#3691=CARTESIAN_POINT('',(-58.8341924626906,-43.,0.9));
#3692=CARTESIAN_POINT('Origin',(-8.83419246269057,-43.,-0.900000000000001));
#3693=CARTESIAN_POINT('',(-8.83419246269057,-43.,-0.45));
#3694=CARTESIAN_POINT('Origin',(-33.8341924626906,-43.,-5.55111512312578E-16));
#3695=CARTESIAN_POINT('',(-36.8341924626905,-43.,0.));
#3696=CARTESIAN_POINT('Origin',(-25.35,-13.,18.));
#3697=CARTESIAN_POINT('',(-25.35,-13.,19.25));
#3698=CARTESIAN_POINT('Origin',(-25.35,-13.,18.));
#3699=CARTESIAN_POINT('',(-27.35,-13.,19.25));
#3700=CARTESIAN_POINT('',(-25.35,-13.,19.25));
#3701=CARTESIAN_POINT('Origin',(-27.3500000298023,-13.,18.));
#3702=CARTESIAN_POINT('Origin',(-25.35,-31.5,18.));
#3703=CARTESIAN_POINT('',(-25.35,-31.5,19.25));
#3704=CARTESIAN_POINT('Origin',(-25.35,-31.5,18.));
#3705=CARTESIAN_POINT('',(-27.35,-31.5,19.25));
#3706=CARTESIAN_POINT('',(-25.35,-31.5,19.25));
#3707=CARTESIAN_POINT('Origin',(-27.3500000298023,-31.5,18.));
#3708=CARTESIAN_POINT('Origin',(-27.3500000298023,-35.25,8.));
#3709=CARTESIAN_POINT('',(-25.35,-35.25,8.));
#3710=CARTESIAN_POINT('',(-27.3500000298023,-35.25,8.));
#3711=CARTESIAN_POINT('',(-34.9250005178153,-35.25,8.));
#3712=CARTESIAN_POINT('',(-25.35,-35.25,28.));
#3713=CARTESIAN_POINT('',(-25.35,-35.25,8.));
#3714=CARTESIAN_POINT('',(-27.3500000298023,-35.25,28.));
#3715=CARTESIAN_POINT('',(-27.3500000298023,-35.25,28.));
#3716=CARTESIAN_POINT('',(-27.3500000298023,-35.25,8.));
#3717=CARTESIAN_POINT('Origin',(-27.3500000298023,-9.25,8.));
#3718=CARTESIAN_POINT('',(-27.3500000298023,-9.25,8.));
#3719=CARTESIAN_POINT('',(-27.3500000298023,-10.2500000856817,8.));
#3720=CARTESIAN_POINT('',(-27.3500000298023,-9.25,28.));
#3721=CARTESIAN_POINT('',(-27.3500000298023,-9.25,28.));
#3722=CARTESIAN_POINT('',(-27.3500000298023,-9.25,8.));
#3723=CARTESIAN_POINT('Origin',(-25.35,-9.25,8.));
#3724=CARTESIAN_POINT('',(-25.35,-9.25,8.));
#3725=CARTESIAN_POINT('',(-33.9250005029142,-9.25,8.));
#3726=CARTESIAN_POINT('',(-25.35,-9.25,28.));
#3727=CARTESIAN_POINT('',(-25.35,-9.25,28.));
#3728=CARTESIAN_POINT('',(-25.35,-9.25,8.));
#3729=CARTESIAN_POINT('Origin',(-25.35,-35.25,8.));
#3730=CARTESIAN_POINT('',(-25.35,-23.2500000856817,8.));
#3731=CARTESIAN_POINT('',(-25.35,-35.25,28.));
#3732=CARTESIAN_POINT('Origin',(-26.3500000149012,-22.25,28.));
#3733=CARTESIAN_POINT('Origin',(-24.75,-15.25,8.));
#3734=CARTESIAN_POINT('',(-24.75,-15.25,8.));
#3735=CARTESIAN_POINT('',(-13.25,-15.25,8.));
#3736=CARTESIAN_POINT('',(-33.6250005029142,-15.25,8.));
#3737=CARTESIAN_POINT('',(-24.75,-15.25,6.));
#3738=CARTESIAN_POINT('',(-24.75,-15.25,8.));
#3739=CARTESIAN_POINT('',(-13.25,-15.25,6.));
#3740=CARTESIAN_POINT('',(-26.125,-15.25,6.));
#3741=CARTESIAN_POINT('',(-13.25,-15.25,8.));
#3742=CARTESIAN_POINT('Origin',(-24.75,-29.25,8.));
#3743=CARTESIAN_POINT('',(-24.75,-29.25,8.));
#3744=CARTESIAN_POINT('',(-24.75,-20.2500000856817,8.));
#3745=CARTESIAN_POINT('',(-24.75,-29.25,6.));
#3746=CARTESIAN_POINT('',(-24.75,-29.25,8.));
#3747=CARTESIAN_POINT('',(-24.75,-24.875,6.));
#3748=CARTESIAN_POINT('Origin',(-13.25,-29.25,8.));
#3749=CARTESIAN_POINT('',(-13.25,-29.25,8.));
#3750=CARTESIAN_POINT('',(-27.8750005029142,-29.25,8.));
#3751=CARTESIAN_POINT('',(-13.25,-29.25,6.));
#3752=CARTESIAN_POINT('',(-13.25,-29.25,8.));
#3753=CARTESIAN_POINT('',(-20.375,-29.25,6.));
#3754=CARTESIAN_POINT('Origin',(-13.25,-15.25,8.));
#3755=CARTESIAN_POINT('',(-13.25,-13.2500000856817,8.));
#3756=CARTESIAN_POINT('',(-13.25,-17.875,6.));
#3757=CARTESIAN_POINT('Origin',(-55.9,-5.5,2.31296463463574E-16));
#3758=CARTESIAN_POINT('Origin',(-55.,-5.5,2.31296463463574E-16));
#3759=CARTESIAN_POINT('Origin',(-57.,-5.5,2.31296463463574E-16));
#3760=CARTESIAN_POINT('Origin',(-27.5,-20.5,6.));
#3761=CARTESIAN_POINT('',(-55.,0.,6.));
#3762=CARTESIAN_POINT('',(-55.,-10.25,6.));
#3763=CARTESIAN_POINT('',(-13.75,0.,6.));
#3764=CARTESIAN_POINT('',(-16.25,-36.,6.));
#3765=CARTESIAN_POINT('Origin',(-14.,-36.,6.));
#3766=CARTESIAN_POINT('Origin',(-27.5,-20.5,6.));
#3767=CARTESIAN_POINT('',(-52.3999982699752,-11.9999997317791,6.));
#3768=CARTESIAN_POINT('',(-47.529381559198,-20.1176516104629,6.));
#3769=CARTESIAN_POINT('',(-39.9499990418553,-12.0000000046018,6.));
#3770=CARTESIAN_POINT('Origin',(-14.,-36.,0.));
#3771=CARTESIAN_POINT('',(-15.25,-36.,8.));
#3772=CARTESIAN_POINT('',(-15.25,-36.,0.));
#3773=CARTESIAN_POINT('Origin',(-14.,-36.,8.));
#3774=CARTESIAN_POINT('Origin',(-14.,-36.,0.));
#3775=CARTESIAN_POINT('',(-16.25,-36.,0.));
#3776=CARTESIAN_POINT('Origin',(0.,0.,0.));
#3777=CARTESIAN_POINT('',(-55.,0.,0.));
#3778=CARTESIAN_POINT('Origin',(-55.,0.,0.));
#3779=CARTESIAN_POINT('Origin',(-53.0000011622906,-11.0000001639128,0.));
#3780=CARTESIAN_POINT('',(-52.3999982699752,-11.9999997317791,0.));
#3781=CARTESIAN_POINT('Origin',(-42.5000010058284,-11.2500001713634,8.));
#3782=CARTESIAN_POINT('',(-54.1547005383793,-13.,8.));
#3783=CARTESIAN_POINT('',(-36.8341924626905,-43.,8.));
#3784=CARTESIAN_POINT('',(-49.4877404735808,-21.0834119491258,8.));
#3785=CARTESIAN_POINT('',(-8.,-43.,8.));
#3786=CARTESIAN_POINT('',(-31.5897459621556,-43.,8.));
#3787=CARTESIAN_POINT('',(-8.,-27.,8.));
#3788=CARTESIAN_POINT('',(-8.,-30.75,8.));
#3789=CARTESIAN_POINT('',(-6.,-27.,8.));
#3790=CARTESIAN_POINT('',(-18.75,-27.,8.));
#3791=CARTESIAN_POINT('',(-6.,-13.,8.));
#3792=CARTESIAN_POINT('',(-6.,-22.75,8.));
#3793=CARTESIAN_POINT('',(2.,-13.,8.));
#3794=CARTESIAN_POINT('',(-17.75,-13.,8.));
#3795=CARTESIAN_POINT('',(2.,2.,8.));
#3796=CARTESIAN_POINT('',(2.,-15.75,8.));
#3797=CARTESIAN_POINT('',(-57.,2.,8.));
#3798=CARTESIAN_POINT('',(-13.75,2.,8.));
#3799=CARTESIAN_POINT('',(-57.,-13.,8.));
#3800=CARTESIAN_POINT('',(-57.,-10.25,8.));
#3801=CARTESIAN_POINT('',(-41.25,-13.,8.));
#3802=CARTESIAN_POINT('',(-50.25,-13.5,8.));
#3803=CARTESIAN_POINT('Origin',(-49.,-13.5,8.));
#3804=CARTESIAN_POINT('Origin',(-49.,-13.5,0.));
#3805=CARTESIAN_POINT('',(-50.25,-13.5,0.));
#3806=CARTESIAN_POINT('Origin',(-52.3999982699752,-11.9999997317791,0.));
#3807=CARTESIAN_POINT('Origin',(-55.,-13.,0.));
#3808=CARTESIAN_POINT('',(-54.1547005383793,-13.,0.));
#3809=CARTESIAN_POINT('',(-57.,-13.,0.));
#3810=CARTESIAN_POINT('Origin',(-57.,0.,0.));
#3811=CARTESIAN_POINT('',(-57.,2.,0.));
#3812=CARTESIAN_POINT('Origin',(0.,2.,0.));
#3813=CARTESIAN_POINT('',(2.,2.,0.));
#3814=CARTESIAN_POINT('Origin',(2.,-11.,0.));
#3815=CARTESIAN_POINT('',(2.,-13.,0.));
#3816=CARTESIAN_POINT('Origin',(-8.,-13.,0.));
#3817=CARTESIAN_POINT('',(-6.,-13.,0.));
#3818=CARTESIAN_POINT('Origin',(-6.,-25.,0.));
#3819=CARTESIAN_POINT('',(-6.,-27.,0.));
#3820=CARTESIAN_POINT('Origin',(-10.,-27.,0.));
#3821=CARTESIAN_POINT('',(-8.,-27.,0.));
#3822=CARTESIAN_POINT('Origin',(-8.,-41.,0.));
#3823=CARTESIAN_POINT('',(-8.,-43.,0.));
#3824=CARTESIAN_POINT('Origin',(-35.6794919243113,-43.,0.));
#3825=CARTESIAN_POINT('',(-36.8341924626905,-43.,0.));
#3826=CARTESIAN_POINT('Origin',(-54.7320508075689,-12.,0.));
#3827=UNCERTAINTY_MEASURE_WITH_UNIT(LENGTH_MEASURE(0.01),#3831,
'DISTANCE_ACCURACY_VALUE',
'Maximum model space distance between geometric entities at asserted c
onnectivities');
#3828=UNCERTAINTY_MEASURE_WITH_UNIT(LENGTH_MEASURE(0.01),#3831,
'DISTANCE_ACCURACY_VALUE',
'Maximum model space distance between geometric entities at asserted c
onnectivities');
#3829=(
GEOMETRIC_REPRESENTATION_CONTEXT(3)
GLOBAL_UNCERTAINTY_ASSIGNED_CONTEXT((#3827))
GLOBAL_UNIT_ASSIGNED_CONTEXT((#3831,#3833,#3834))
REPRESENTATION_CONTEXT('','3D')
);
#3830=(
GEOMETRIC_REPRESENTATION_CONTEXT(3)
GLOBAL_UNCERTAINTY_ASSIGNED_CONTEXT((#3828))
GLOBAL_UNIT_ASSIGNED_CONTEXT((#3831,#3833,#3834))
REPRESENTATION_CONTEXT('','3D')
);
#3831=(
LENGTH_UNIT()
NAMED_UNIT(*)
SI_UNIT(.MILLI.,.METRE.)
);
#3832=(
LENGTH_UNIT()
NAMED_UNIT(*)
SI_UNIT($,.METRE.)
);
#3833=(
NAMED_UNIT(*)
PLANE_ANGLE_UNIT()
SI_UNIT($,.RADIAN.)
);
#3834=(
NAMED_UNIT(*)
SI_UNIT($,.STERADIAN.)
SOLID_ANGLE_UNIT()
);
#3835=SHAPE_DEFINITION_REPRESENTATION(#3836,#3837);
#3836=PRODUCT_DEFINITION_SHAPE('',$,#3839);
#3837=SHAPE_REPRESENTATION('',(#2369),#3829);
#3838=PRODUCT_DEFINITION_CONTEXT('part definition',#3843,'design');
#3839=PRODUCT_DEFINITION('2026-09-19-00-45-12-406',
'Shooting_Enclosure_1',#3840,#3838);
#3840=PRODUCT_DEFINITION_FORMATION('',$,#3845);
#3841=PRODUCT_RELATED_PRODUCT_CATEGORY('Shooting_Enclosure_1',
'Shooting_Enclosure_1',(#3845));
#3842=APPLICATION_PROTOCOL_DEFINITION('international standard',
'automotive_design',2009,#3843);
#3843=APPLICATION_CONTEXT(
'Core Data for Automotive Mechanical Design Process');
#3844=PRODUCT_CONTEXT('part definition',#3843,'mechanical');
#3845=PRODUCT('2026-09-19-00-45-12-406','Shooting_Enclosure_1',$,(#3844));
#3846=PRESENTATION_STYLE_ASSIGNMENT((#3847));
#3847=SURFACE_STYLE_USAGE(.BOTH.,#3848);
#3848=SURFACE_SIDE_STYLE('',(#3849));
#3849=SURFACE_STYLE_FILL_AREA(#3850);
#3850=FILL_AREA_STYLE('Steel - Satin',(#3851));
#3851=FILL_AREA_STYLE_COLOUR('Steel - Satin',#3852);
#3852=COLOUR_RGB('Steel - Satin',0.627450980392157,0.627450980392157,0.627450980392157);
ENDSEC;
END-ISO-10303-21;
