ISO-10303-21;
HEADER;
/* Generated by software containing ST-Developer
 * from STEP Tools, Inc. (www.steptools.com) 
 */

FILE_DESCRIPTION(
/* description */ (''),
/* implementation_level */ '2;1');

FILE_NAME(
/* name */ 'Shooting_Enclosure.step',
/* time_stamp */ '2026-09-20T18:34:04+05:30',
/* author */ (''),
/* organization */ (''),
/* preprocessor_version */ 'ST-DEVELOPER v20.2',
/* originating_system */ 'Autodesk Translation Framework v15.15.0.0',
/* authorisation */ '');

FILE_SCHEMA (('AUTOMOTIVE_DESIGN { 1 0 10303 214 3 1 1 }'));
ENDSEC;

DATA;
#10=MECHANICAL_DESIGN_GEOMETRIC_PRESENTATION_REPRESENTATION('',(#13,#14,
#15,#16),#3351);
#11=SHAPE_REPRESENTATION_RELATIONSHIP('SRR','None',#3358,#12);
#12=ADVANCED_BREP_SHAPE_REPRESENTATION('',(#17,#18,#19,#20),#3350);
#13=STYLED_ITEM('',(#3367),#17);
#14=STYLED_ITEM('',(#3367),#18);
#15=STYLED_ITEM('',(#3367),#19);
#16=STYLED_ITEM('',(#3367),#20);
#17=MANIFOLD_SOLID_BREP('Body1',#2064);
#18=MANIFOLD_SOLID_BREP('Body5',#2065);
#19=MANIFOLD_SOLID_BREP('Body6',#2066);
#20=MANIFOLD_SOLID_BREP('Body7',#2067);
#21=FACE_BOUND('',#211,.T.);
#22=FACE_BOUND('',#212,.T.);
#23=FACE_BOUND('',#213,.T.);
#24=FACE_BOUND('',#226,.T.);
#25=FACE_BOUND('',#227,.T.);
#26=FACE_BOUND('',#250,.T.);
#27=FACE_BOUND('',#252,.T.);
#28=FACE_BOUND('',#262,.T.);
#29=FACE_BOUND('',#264,.T.);
#30=FACE_BOUND('',#283,.T.);
#31=FACE_BOUND('',#284,.T.);
#32=FACE_BOUND('',#287,.T.);
#33=FACE_BOUND('',#288,.T.);
#34=FACE_BOUND('',#298,.T.);
#35=FACE_BOUND('',#299,.T.);
#36=FACE_BOUND('',#308,.T.);
#37=FACE_BOUND('',#309,.T.);
#38=FACE_BOUND('',#310,.T.);
#39=FACE_BOUND('',#311,.T.);
#40=CIRCLE('',#2084,2.25);
#41=CIRCLE('',#2085,2.25);
#42=CIRCLE('',#2088,0.5);
#43=CIRCLE('',#2089,0.5);
#44=CIRCLE('',#2091,1.25);
#45=CIRCLE('',#2092,1.49999999999999);
#46=CIRCLE('',#2093,1.25);
#47=CIRCLE('',#2101,2.25);
#48=CIRCLE('',#2102,2.25);
#49=CIRCLE('',#2105,0.5);
#50=CIRCLE('',#2106,0.5);
#51=CIRCLE('',#2108,1.49999999999999);
#52=CIRCLE('',#2111,2.25);
#53=CIRCLE('',#2113,1.25);
#54=CIRCLE('',#2115,2.25);
#55=CIRCLE('',#2117,1.25);
#56=CIRCLE('',#2120,4.);
#57=CIRCLE('',#2123,4.);
#58=CIRCLE('',#2149,2.25);
#59=CIRCLE('',#2150,1.25);
#60=CIRCLE('',#2152,2.25);
#61=CIRCLE('',#2153,0.5);
#62=CIRCLE('',#2154,0.5);
#63=CIRCLE('',#2155,2.25);
#64=CIRCLE('',#2156,1.25);
#65=CIRCLE('',#2162,2.25);
#66=CIRCLE('',#2165,0.5);
#67=CIRCLE('',#2168,0.5);
#68=CIRCLE('',#2171,2.25);
#69=CIRCLE('',#2176,1.25);
#70=CIRCLE('',#2177,1.25);
#71=CIRCLE('',#2179,1.25);
#72=CIRCLE('',#2180,1.25);
#73=CIRCLE('',#2191,4.);
#74=CIRCLE('',#2192,4.);
#75=CIRCLE('',#2196,2.25);
#76=CIRCLE('',#2199,1.25);
#77=CIRCLE('',#2206,1.25);
#78=CYLINDRICAL_SURFACE('',#2083,2.25);
#79=CYLINDRICAL_SURFACE('',#2087,0.5);
#80=CYLINDRICAL_SURFACE('',#2100,2.25);
#81=CYLINDRICAL_SURFACE('',#2104,0.5);
#82=CYLINDRICAL_SURFACE('',#2107,1.49999999999999);
#83=CYLINDRICAL_SURFACE('',#2112,1.25);
#84=CYLINDRICAL_SURFACE('',#2114,2.25);
#85=CYLINDRICAL_SURFACE('',#2116,1.25);
#86=CYLINDRICAL_SURFACE('',#2122,4.);
#87=CYLINDRICAL_SURFACE('',#2161,2.25);
#88=CYLINDRICAL_SURFACE('',#2164,0.5);
#89=CYLINDRICAL_SURFACE('',#2167,0.5);
#90=CYLINDRICAL_SURFACE('',#2170,2.25);
#91=CYLINDRICAL_SURFACE('',#2175,1.25);
#92=CYLINDRICAL_SURFACE('',#2178,1.25);
#93=CYLINDRICAL_SURFACE('',#2190,4.);
#94=CYLINDRICAL_SURFACE('',#2198,1.25);
#95=CYLINDRICAL_SURFACE('',#2200,2.25);
#96=CYLINDRICAL_SURFACE('',#2207,1.25);
#97=FACE_OUTER_BOUND('',#205,.T.);
#98=FACE_OUTER_BOUND('',#206,.T.);
#99=FACE_OUTER_BOUND('',#207,.T.);
#100=FACE_OUTER_BOUND('',#208,.T.);
#101=FACE_OUTER_BOUND('',#209,.T.);
#102=FACE_OUTER_BOUND('',#210,.T.);
#103=FACE_OUTER_BOUND('',#214,.T.);
#104=FACE_OUTER_BOUND('',#215,.T.);
#105=FACE_OUTER_BOUND('',#216,.T.);
#106=FACE_OUTER_BOUND('',#217,.T.);
#107=FACE_OUTER_BOUND('',#218,.T.);
#108=FACE_OUTER_BOUND('',#219,.T.);
#109=FACE_OUTER_BOUND('',#220,.T.);
#110=FACE_OUTER_BOUND('',#221,.T.);
#111=FACE_OUTER_BOUND('',#222,.T.);
#112=FACE_OUTER_BOUND('',#223,.T.);
#113=FACE_OUTER_BOUND('',#224,.T.);
#114=FACE_OUTER_BOUND('',#225,.T.);
#115=FACE_OUTER_BOUND('',#228,.T.);
#116=FACE_OUTER_BOUND('',#229,.T.);
#117=FACE_OUTER_BOUND('',#230,.T.);
#118=FACE_OUTER_BOUND('',#231,.T.);
#119=FACE_OUTER_BOUND('',#232,.T.);
#120=FACE_OUTER_BOUND('',#233,.T.);
#121=FACE_OUTER_BOUND('',#234,.T.);
#122=FACE_OUTER_BOUND('',#235,.T.);
#123=FACE_OUTER_BOUND('',#236,.T.);
#124=FACE_OUTER_BOUND('',#237,.T.);
#125=FACE_OUTER_BOUND('',#238,.T.);
#126=FACE_OUTER_BOUND('',#239,.T.);
#127=FACE_OUTER_BOUND('',#240,.T.);
#128=FACE_OUTER_BOUND('',#241,.T.);
#129=FACE_OUTER_BOUND('',#242,.T.);
#130=FACE_OUTER_BOUND('',#243,.T.);
#131=FACE_OUTER_BOUND('',#244,.T.);
#132=FACE_OUTER_BOUND('',#245,.T.);
#133=FACE_OUTER_BOUND('',#246,.T.);
#134=FACE_OUTER_BOUND('',#247,.T.);
#135=FACE_OUTER_BOUND('',#248,.T.);
#136=FACE_OUTER_BOUND('',#249,.T.);
#137=FACE_OUTER_BOUND('',#251,.T.);
#138=FACE_OUTER_BOUND('',#253,.T.);
#139=FACE_OUTER_BOUND('',#254,.T.);
#140=FACE_OUTER_BOUND('',#255,.T.);
#141=FACE_OUTER_BOUND('',#256,.T.);
#142=FACE_OUTER_BOUND('',#257,.T.);
#143=FACE_OUTER_BOUND('',#258,.T.);
#144=FACE_OUTER_BOUND('',#259,.T.);
#145=FACE_OUTER_BOUND('',#260,.T.);
#146=FACE_OUTER_BOUND('',#261,.T.);
#147=FACE_OUTER_BOUND('',#263,.T.);
#148=FACE_OUTER_BOUND('',#265,.T.);
#149=FACE_OUTER_BOUND('',#266,.T.);
#150=FACE_OUTER_BOUND('',#267,.T.);
#151=FACE_OUTER_BOUND('',#268,.T.);
#152=FACE_OUTER_BOUND('',#269,.T.);
#153=FACE_OUTER_BOUND('',#270,.T.);
#154=FACE_OUTER_BOUND('',#271,.T.);
#155=FACE_OUTER_BOUND('',#272,.T.);
#156=FACE_OUTER_BOUND('',#273,.T.);
#157=FACE_OUTER_BOUND('',#274,.T.);
#158=FACE_OUTER_BOUND('',#275,.T.);
#159=FACE_OUTER_BOUND('',#276,.T.);
#160=FACE_OUTER_BOUND('',#277,.T.);
#161=FACE_OUTER_BOUND('',#278,.T.);
#162=FACE_OUTER_BOUND('',#279,.T.);
#163=FACE_OUTER_BOUND('',#280,.T.);
#164=FACE_OUTER_BOUND('',#281,.T.);
#165=FACE_OUTER_BOUND('',#282,.T.);
#166=FACE_OUTER_BOUND('',#285,.T.);
#167=FACE_OUTER_BOUND('',#286,.T.);
#168=FACE_OUTER_BOUND('',#289,.T.);
#169=FACE_OUTER_BOUND('',#290,.T.);
#170=FACE_OUTER_BOUND('',#291,.T.);
#171=FACE_OUTER_BOUND('',#292,.T.);
#172=FACE_OUTER_BOUND('',#293,.T.);
#173=FACE_OUTER_BOUND('',#294,.T.);
#174=FACE_OUTER_BOUND('',#295,.T.);
#175=FACE_OUTER_BOUND('',#296,.T.);
#176=FACE_OUTER_BOUND('',#297,.T.);
#177=FACE_OUTER_BOUND('',#300,.T.);
#178=FACE_OUTER_BOUND('',#301,.T.);
#179=FACE_OUTER_BOUND('',#302,.T.);
#180=FACE_OUTER_BOUND('',#303,.T.);
#181=FACE_OUTER_BOUND('',#304,.T.);
#182=FACE_OUTER_BOUND('',#305,.T.);
#183=FACE_OUTER_BOUND('',#306,.T.);
#184=FACE_OUTER_BOUND('',#307,.T.);
#185=FACE_OUTER_BOUND('',#312,.T.);
#186=FACE_OUTER_BOUND('',#313,.T.);
#187=FACE_OUTER_BOUND('',#314,.T.);
#188=FACE_OUTER_BOUND('',#315,.T.);
#189=FACE_OUTER_BOUND('',#316,.T.);
#190=FACE_OUTER_BOUND('',#317,.T.);
#191=FACE_OUTER_BOUND('',#318,.T.);
#192=FACE_OUTER_BOUND('',#319,.T.);
#193=FACE_OUTER_BOUND('',#320,.T.);
#194=FACE_OUTER_BOUND('',#321,.T.);
#195=FACE_OUTER_BOUND('',#322,.T.);
#196=FACE_OUTER_BOUND('',#323,.T.);
#197=FACE_OUTER_BOUND('',#324,.T.);
#198=FACE_OUTER_BOUND('',#325,.T.);
#199=FACE_OUTER_BOUND('',#326,.T.);
#200=FACE_OUTER_BOUND('',#327,.T.);
#201=FACE_OUTER_BOUND('',#328,.T.);
#202=FACE_OUTER_BOUND('',#329,.T.);
#203=FACE_OUTER_BOUND('',#330,.T.);
#204=FACE_OUTER_BOUND('',#331,.T.);
#205=EDGE_LOOP('',(#1297,#1298,#1299,#1300));
#206=EDGE_LOOP('',(#1301,#1302,#1303,#1304));
#207=EDGE_LOOP('',(#1305,#1306,#1307,#1308));
#208=EDGE_LOOP('',(#1309,#1310,#1311,#1312));
#209=EDGE_LOOP('',(#1313,#1314,#1315,#1316));
#210=EDGE_LOOP('',(#1317,#1318,#1319,#1320,#1321,#1322,#1323,#1324,#1325,
#1326));
#211=EDGE_LOOP('',(#1327));
#212=EDGE_LOOP('',(#1328));
#213=EDGE_LOOP('',(#1329));
#214=EDGE_LOOP('',(#1330,#1331,#1332,#1333));
#215=EDGE_LOOP('',(#1334,#1335,#1336,#1337));
#216=EDGE_LOOP('',(#1338,#1339,#1340,#1341));
#217=EDGE_LOOP('',(#1342,#1343,#1344,#1345));
#218=EDGE_LOOP('',(#1346,#1347,#1348,#1349));
#219=EDGE_LOOP('',(#1350,#1351,#1352,#1353));
#220=EDGE_LOOP('',(#1354,#1355,#1356,#1357));
#221=EDGE_LOOP('',(#1358,#1359,#1360,#1361));
#222=EDGE_LOOP('',(#1362,#1363,#1364,#1365));
#223=EDGE_LOOP('',(#1366,#1367,#1368,#1369));
#224=EDGE_LOOP('',(#1370,#1371,#1372,#1373));
#225=EDGE_LOOP('',(#1374,#1375,#1376,#1377,#1378,#1379,#1380,#1381,#1382,
#1383,#1384,#1385,#1386,#1387,#1388,#1389,#1390));
#226=EDGE_LOOP('',(#1391));
#227=EDGE_LOOP('',(#1392));
#228=EDGE_LOOP('',(#1393,#1394,#1395,#1396));
#229=EDGE_LOOP('',(#1397,#1398,#1399,#1400));
#230=EDGE_LOOP('',(#1401,#1402,#1403,#1404));
#231=EDGE_LOOP('',(#1405,#1406,#1407,#1408));
#232=EDGE_LOOP('',(#1409,#1410,#1411,#1412,#1413,#1414));
#233=EDGE_LOOP('',(#1415,#1416,#1417,#1418));
#234=EDGE_LOOP('',(#1419,#1420,#1421,#1422));
#235=EDGE_LOOP('',(#1423,#1424,#1425,#1426));
#236=EDGE_LOOP('',(#1427,#1428,#1429,#1430,#1431,#1432));
#237=EDGE_LOOP('',(#1433,#1434,#1435,#1436));
#238=EDGE_LOOP('',(#1437,#1438,#1439,#1440));
#239=EDGE_LOOP('',(#1441,#1442,#1443,#1444));
#240=EDGE_LOOP('',(#1445,#1446,#1447,#1448));
#241=EDGE_LOOP('',(#1449,#1450,#1451,#1452));
#242=EDGE_LOOP('',(#1453,#1454,#1455,#1456));
#243=EDGE_LOOP('',(#1457,#1458,#1459,#1460));
#244=EDGE_LOOP('',(#1461,#1462,#1463,#1464));
#245=EDGE_LOOP('',(#1465,#1466,#1467,#1468));
#246=EDGE_LOOP('',(#1469,#1470,#1471,#1472));
#247=EDGE_LOOP('',(#1473,#1474,#1475,#1476));
#248=EDGE_LOOP('',(#1477,#1478,#1479,#1480));
#249=EDGE_LOOP('',(#1481));
#250=EDGE_LOOP('',(#1482));
#251=EDGE_LOOP('',(#1483,#1484,#1485,#1486,#1487,#1488,#1489,#1490,#1491,
#1492,#1493,#1494,#1495,#1496,#1497,#1498,#1499,#1500,#1501,#1502,#1503,
#1504,#1505,#1506,#1507,#1508,#1509,#1510,#1511,#1512,#1513,#1514,#1515,
#1516,#1517));
#252=EDGE_LOOP('',(#1518));
#253=EDGE_LOOP('',(#1519,#1520,#1521,#1522));
#254=EDGE_LOOP('',(#1523,#1524,#1525,#1526,#1527,#1528));
#255=EDGE_LOOP('',(#1529,#1530,#1531,#1532));
#256=EDGE_LOOP('',(#1533,#1534,#1535,#1536));
#257=EDGE_LOOP('',(#1537,#1538,#1539,#1540));
#258=EDGE_LOOP('',(#1541,#1542,#1543,#1544));
#259=EDGE_LOOP('',(#1545,#1546,#1547,#1548,#1549,#1550));
#260=EDGE_LOOP('',(#1551,#1552,#1553,#1554));
#261=EDGE_LOOP('',(#1555));
#262=EDGE_LOOP('',(#1556));
#263=EDGE_LOOP('',(#1557,#1558,#1559,#1560,#1561,#1562,#1563,#1564,#1565,
#1566,#1567,#1568,#1569,#1570,#1571,#1572,#1573,#1574,#1575,#1576,#1577,
#1578,#1579,#1580,#1581,#1582,#1583,#1584,#1585,#1586,#1587,#1588,#1589,
#1590,#1591));
#264=EDGE_LOOP('',(#1592));
#265=EDGE_LOOP('',(#1593,#1594,#1595,#1596));
#266=EDGE_LOOP('',(#1597,#1598,#1599,#1600));
#267=EDGE_LOOP('',(#1601,#1602,#1603,#1604));
#268=EDGE_LOOP('',(#1605,#1606,#1607,#1608));
#269=EDGE_LOOP('',(#1609,#1610,#1611,#1612));
#270=EDGE_LOOP('',(#1613,#1614,#1615,#1616));
#271=EDGE_LOOP('',(#1617,#1618,#1619,#1620));
#272=EDGE_LOOP('',(#1621,#1622,#1623,#1624));
#273=EDGE_LOOP('',(#1625,#1626,#1627,#1628));
#274=EDGE_LOOP('',(#1629,#1630,#1631,#1632));
#275=EDGE_LOOP('',(#1633,#1634,#1635,#1636));
#276=EDGE_LOOP('',(#1637,#1638,#1639,#1640));
#277=EDGE_LOOP('',(#1641,#1642,#1643,#1644));
#278=EDGE_LOOP('',(#1645,#1646,#1647,#1648));
#279=EDGE_LOOP('',(#1649,#1650,#1651,#1652));
#280=EDGE_LOOP('',(#1653,#1654,#1655,#1656));
#281=EDGE_LOOP('',(#1657,#1658,#1659,#1660));
#282=EDGE_LOOP('',(#1661,#1662,#1663,#1664));
#283=EDGE_LOOP('',(#1665));
#284=EDGE_LOOP('',(#1666));
#285=EDGE_LOOP('',(#1667,#1668,#1669,#1670));
#286=EDGE_LOOP('',(#1671,#1672,#1673,#1674));
#287=EDGE_LOOP('',(#1675));
#288=EDGE_LOOP('',(#1676));
#289=EDGE_LOOP('',(#1677,#1678,#1679,#1680));
#290=EDGE_LOOP('',(#1681,#1682,#1683,#1684));
#291=EDGE_LOOP('',(#1685,#1686,#1687,#1688));
#292=EDGE_LOOP('',(#1689,#1690,#1691,#1692));
#293=EDGE_LOOP('',(#1693,#1694,#1695,#1696));
#294=EDGE_LOOP('',(#1697,#1698,#1699,#1700));
#295=EDGE_LOOP('',(#1701,#1702,#1703,#1704));
#296=EDGE_LOOP('',(#1705,#1706,#1707,#1708));
#297=EDGE_LOOP('',(#1709,#1710,#1711,#1712,#1713,#1714,#1715,#1716,#1717,
#1718,#1719,#1720,#1721,#1722,#1723,#1724,#1725));
#298=EDGE_LOOP('',(#1726,#1727,#1728,#1729));
#299=EDGE_LOOP('',(#1730));
#300=EDGE_LOOP('',(#1731,#1732,#1733,#1734));
#301=EDGE_LOOP('',(#1735,#1736,#1737,#1738));
#302=EDGE_LOOP('',(#1739,#1740,#1741,#1742));
#303=EDGE_LOOP('',(#1743,#1744,#1745,#1746));
#304=EDGE_LOOP('',(#1747,#1748,#1749,#1750));
#305=EDGE_LOOP('',(#1751,#1752,#1753,#1754,#1755,#1756));
#306=EDGE_LOOP('',(#1757,#1758,#1759,#1760));
#307=EDGE_LOOP('',(#1761,#1762,#1763,#1764,#1765,#1766,#1767,#1768,#1769,
#1770));
#308=EDGE_LOOP('',(#1771,#1772,#1773,#1774));
#309=EDGE_LOOP('',(#1775,#1776,#1777,#1778));
#310=EDGE_LOOP('',(#1779));
#311=EDGE_LOOP('',(#1780));
#312=EDGE_LOOP('',(#1781,#1782,#1783,#1784));
#313=EDGE_LOOP('',(#1785,#1786,#1787,#1788));
#314=EDGE_LOOP('',(#1789,#1790,#1791,#1792));
#315=EDGE_LOOP('',(#1793,#1794,#1795,#1796,#1797,#1798));
#316=EDGE_LOOP('',(#1799,#1800,#1801,#1802));
#317=EDGE_LOOP('',(#1803,#1804,#1805,#1806));
#318=EDGE_LOOP('',(#1807,#1808,#1809,#1810));
#319=EDGE_LOOP('',(#1811,#1812,#1813,#1814));
#320=EDGE_LOOP('',(#1815,#1816,#1817,#1818));
#321=EDGE_LOOP('',(#1819,#1820,#1821,#1822));
#322=EDGE_LOOP('',(#1823,#1824,#1825,#1826));
#323=EDGE_LOOP('',(#1827,#1828,#1829,#1830));
#324=EDGE_LOOP('',(#1831,#1832,#1833,#1834));
#325=EDGE_LOOP('',(#1835,#1836,#1837,#1838));
#326=EDGE_LOOP('',(#1839,#1840,#1841,#1842,#1843,#1844));
#327=EDGE_LOOP('',(#1845,#1846,#1847,#1848));
#328=EDGE_LOOP('',(#1849,#1850,#1851,#1852));
#329=EDGE_LOOP('',(#1853,#1854,#1855,#1856));
#330=EDGE_LOOP('',(#1857,#1858,#1859,#1860));
#331=EDGE_LOOP('',(#1861,#1862,#1863,#1864,#1865,#1866));
#332=LINE('',#2772,#579);
#333=LINE('',#2774,#580);
#334=LINE('',#2776,#581);
#335=LINE('',#2777,#582);
#336=LINE('',#2781,#583);
#337=LINE('',#2783,#584);
#338=LINE('',#2785,#585);
#339=LINE('',#2786,#586);
#340=LINE('',#2792,#587);
#341=LINE('',#2795,#588);
#342=LINE('',#2798,#589);
#343=LINE('',#2800,#590);
#344=LINE('',#2801,#591);
#345=LINE('',#2808,#592);
#346=LINE('',#2810,#593);
#347=LINE('',#2812,#594);
#348=LINE('',#2814,#595);
#349=LINE('',#2816,#596);
#350=LINE('',#2818,#597);
#351=LINE('',#2820,#598);
#352=LINE('',#2822,#599);
#353=LINE('',#2824,#600);
#354=LINE('',#2825,#601);
#355=LINE('',#2834,#602);
#356=LINE('',#2836,#603);
#357=LINE('',#2837,#604);
#358=LINE('',#2840,#605);
#359=LINE('',#2842,#606);
#360=LINE('',#2843,#607);
#361=LINE('',#2846,#608);
#362=LINE('',#2848,#609);
#363=LINE('',#2849,#610);
#364=LINE('',#2850,#611);
#365=LINE('',#2853,#612);
#366=LINE('',#2855,#613);
#367=LINE('',#2856,#614);
#368=LINE('',#2859,#615);
#369=LINE('',#2861,#616);
#370=LINE('',#2862,#617);
#371=LINE('',#2865,#618);
#372=LINE('',#2867,#619);
#373=LINE('',#2868,#620);
#374=LINE('',#2873,#621);
#375=LINE('',#2877,#622);
#376=LINE('',#2879,#623);
#377=LINE('',#2880,#624);
#378=LINE('',#2886,#625);
#379=LINE('',#2890,#626);
#380=LINE('',#2891,#627);
#381=LINE('',#2894,#628);
#382=LINE('',#2896,#629);
#383=LINE('',#2898,#630);
#384=LINE('',#2900,#631);
#385=LINE('',#2901,#632);
#386=LINE('',#2906,#633);
#387=LINE('',#2911,#634);
#388=LINE('',#2914,#635);
#389=LINE('',#2919,#636);
#390=LINE('',#2920,#637);
#391=LINE('',#2921,#638);
#392=LINE('',#2925,#639);
#393=LINE('',#2926,#640);
#394=LINE('',#2928,#641);
#395=LINE('',#2932,#642);
#396=LINE('',#2933,#643);
#397=LINE('',#2936,#644);
#398=LINE('',#2938,#645);
#399=LINE('',#2942,#646);
#400=LINE('',#2943,#647);
#401=LINE('',#2946,#648);
#402=LINE('',#2947,#649);
#403=LINE('',#2948,#650);
#404=LINE('',#2951,#651);
#405=LINE('',#2952,#652);
#406=LINE('',#2955,#653);
#407=LINE('',#2956,#654);
#408=LINE('',#2959,#655);
#409=LINE('',#2960,#656);
#410=LINE('',#2963,#657);
#411=LINE('',#2964,#658);
#412=LINE('',#2966,#659);
#413=LINE('',#2969,#660);
#414=LINE('',#2970,#661);
#415=LINE('',#2973,#662);
#416=LINE('',#2974,#663);
#417=LINE('',#2976,#664);
#418=LINE('',#2979,#665);
#419=LINE('',#2980,#666);
#420=LINE('',#2983,#667);
#421=LINE('',#2984,#668);
#422=LINE('',#2987,#669);
#423=LINE('',#2988,#670);
#424=LINE('',#2990,#671);
#425=LINE('',#2996,#672);
#426=LINE('',#2998,#673);
#427=LINE('',#3000,#674);
#428=LINE('',#3001,#675);
#429=LINE('',#3004,#676);
#430=LINE('',#3006,#677);
#431=LINE('',#3008,#678);
#432=LINE('',#3010,#679);
#433=LINE('',#3011,#680);
#434=LINE('',#3014,#681);
#435=LINE('',#3015,#682);
#436=LINE('',#3018,#683);
#437=LINE('',#3020,#684);
#438=LINE('',#3021,#685);
#439=LINE('',#3023,#686);
#440=LINE('',#3026,#687);
#441=LINE('',#3027,#688);
#442=LINE('',#3029,#689);
#443=LINE('',#3039,#690);
#444=LINE('',#3041,#691);
#445=LINE('',#3043,#692);
#446=LINE('',#3045,#693);
#447=LINE('',#3047,#694);
#448=LINE('',#3049,#695);
#449=LINE('',#3053,#696);
#450=LINE('',#3054,#697);
#451=LINE('',#3056,#698);
#452=LINE('',#3058,#699);
#453=LINE('',#3062,#700);
#454=LINE('',#3066,#701);
#455=LINE('',#3070,#702);
#456=LINE('',#3072,#703);
#457=LINE('',#3074,#704);
#458=LINE('',#3076,#705);
#459=LINE('',#3078,#706);
#460=LINE('',#3080,#707);
#461=LINE('',#3082,#708);
#462=LINE('',#3084,#709);
#463=LINE('',#3086,#710);
#464=LINE('',#3088,#711);
#465=LINE('',#3090,#712);
#466=LINE('',#3092,#713);
#467=LINE('',#3094,#714);
#468=LINE('',#3096,#715);
#469=LINE('',#3098,#716);
#470=LINE('',#3100,#717);
#471=LINE('',#3102,#718);
#472=LINE('',#3104,#719);
#473=LINE('',#3105,#720);
#474=LINE('',#3110,#721);
#475=LINE('',#3112,#722);
#476=LINE('',#3113,#723);
#477=LINE('',#3116,#724);
#478=LINE('',#3117,#725);
#479=LINE('',#3120,#726);
#480=LINE('',#3121,#727);
#481=LINE('',#3124,#728);
#482=LINE('',#3125,#729);
#483=LINE('',#3128,#730);
#484=LINE('',#3132,#731);
#485=LINE('',#3133,#732);
#486=LINE('',#3136,#733);
#487=LINE('',#3140,#734);
#488=LINE('',#3141,#735);
#489=LINE('',#3144,#736);
#490=LINE('',#3148,#737);
#491=LINE('',#3149,#738);
#492=LINE('',#3152,#739);
#493=LINE('',#3155,#740);
#494=LINE('',#3158,#741);
#495=LINE('',#3159,#742);
#496=LINE('',#3161,#743);
#497=LINE('',#3162,#744);
#498=LINE('',#3165,#745);
#499=LINE('',#3166,#746);
#500=LINE('',#3171,#747);
#501=LINE('',#3177,#748);
#502=LINE('',#3182,#749);
#503=LINE('',#3184,#750);
#504=LINE('',#3186,#751);
#505=LINE('',#3187,#752);
#506=LINE('',#3190,#753);
#507=LINE('',#3192,#754);
#508=LINE('',#3193,#755);
#509=LINE('',#3196,#756);
#510=LINE('',#3198,#757);
#511=LINE('',#3199,#758);
#512=LINE('',#3201,#759);
#513=LINE('',#3202,#760);
#514=LINE('',#3207,#761);
#515=LINE('',#3209,#762);
#516=LINE('',#3211,#763);
#517=LINE('',#3212,#764);
#518=LINE('',#3215,#765);
#519=LINE('',#3217,#766);
#520=LINE('',#3218,#767);
#521=LINE('',#3221,#768);
#522=LINE('',#3223,#769);
#523=LINE('',#3224,#770);
#524=LINE('',#3226,#771);
#525=LINE('',#3227,#772);
#526=LINE('',#3233,#773);
#527=LINE('',#3235,#774);
#528=LINE('',#3236,#775);
#529=LINE('',#3238,#776);
#530=LINE('',#3241,#777);
#531=LINE('',#3243,#778);
#532=LINE('',#3244,#779);
#533=LINE('',#3249,#780);
#534=LINE('',#3250,#781);
#535=LINE('',#3253,#782);
#536=LINE('',#3256,#783);
#537=LINE('',#3258,#784);
#538=LINE('',#3260,#785);
#539=LINE('',#3263,#786);
#540=LINE('',#3267,#787);
#541=LINE('',#3269,#788);
#542=LINE('',#3271,#789);
#543=LINE('',#3273,#790);
#544=LINE('',#3275,#791);
#545=LINE('',#3277,#792);
#546=LINE('',#3279,#793);
#547=LINE('',#3281,#794);
#548=LINE('',#3283,#795);
#549=LINE('',#3284,#796);
#550=LINE('',#3288,#797);
#551=LINE('',#3291,#798);
#552=LINE('',#3292,#799);
#553=LINE('',#3294,#800);
#554=LINE('',#3296,#801);
#555=LINE('',#3298,#802);
#556=LINE('',#3300,#803);
#557=LINE('',#3302,#804);
#558=LINE('',#3304,#805);
#559=LINE('',#3306,#806);
#560=LINE('',#3308,#807);
#561=LINE('',#3313,#808);
#562=LINE('',#3315,#809);
#563=LINE('',#3317,#810);
#564=LINE('',#3318,#811);
#565=LINE('',#3321,#812);
#566=LINE('',#3323,#813);
#567=LINE('',#3324,#814);
#568=LINE('',#3327,#815);
#569=LINE('',#3329,#816);
#570=LINE('',#3331,#817);
#571=LINE('',#3332,#818);
#572=LINE('',#3335,#819);
#573=LINE('',#3337,#820);
#574=LINE('',#3338,#821);
#575=LINE('',#3341,#822);
#576=LINE('',#3342,#823);
#577=LINE('',#3344,#824);
#578=LINE('',#3346,#825);
#579=VECTOR('',#2231,10.);
#580=VECTOR('',#2232,10.);
#581=VECTOR('',#2233,10.);
#582=VECTOR('',#2234,10.);
#583=VECTOR('',#2237,10.);
#584=VECTOR('',#2238,10.);
#585=VECTOR('',#2239,10.);
#586=VECTOR('',#2240,10.);
#587=VECTOR('',#2245,10.);
#588=VECTOR('',#2248,10.);
#589=VECTOR('',#2251,10.);
#590=VECTOR('',#2252,10.);
#591=VECTOR('',#2253,10.);
#592=VECTOR('',#2262,10.);
#593=VECTOR('',#2263,10.);
#594=VECTOR('',#2264,10.);
#595=VECTOR('',#2265,10.);
#596=VECTOR('',#2266,10.);
#597=VECTOR('',#2267,10.);
#598=VECTOR('',#2268,10.);
#599=VECTOR('',#2269,10.);
#600=VECTOR('',#2270,10.);
#601=VECTOR('',#2271,10.);
#602=VECTOR('',#2280,10.);
#603=VECTOR('',#2281,10.);
#604=VECTOR('',#2282,10.);
#605=VECTOR('',#2285,10.);
#606=VECTOR('',#2286,10.);
#607=VECTOR('',#2287,10.);
#608=VECTOR('',#2290,10.);
#609=VECTOR('',#2291,10.);
#610=VECTOR('',#2292,10.);
#611=VECTOR('',#2293,10.);
#612=VECTOR('',#2296,10.);
#613=VECTOR('',#2297,10.);
#614=VECTOR('',#2298,10.);
#615=VECTOR('',#2301,10.);
#616=VECTOR('',#2302,10.);
#617=VECTOR('',#2303,10.);
#618=VECTOR('',#2306,10.);
#619=VECTOR('',#2307,10.);
#620=VECTOR('',#2308,10.);
#621=VECTOR('',#2313,10.);
#622=VECTOR('',#2318,10.);
#623=VECTOR('',#2319,10.);
#624=VECTOR('',#2320,10.);
#625=VECTOR('',#2329,1.49999999999999);
#626=VECTOR('',#2334,10.);
#627=VECTOR('',#2335,10.);
#628=VECTOR('',#2338,10.);
#629=VECTOR('',#2339,10.);
#630=VECTOR('',#2340,10.);
#631=VECTOR('',#2341,10.);
#632=VECTOR('',#2342,10.);
#633=VECTOR('',#2347,1.25);
#634=VECTOR('',#2354,1.25);
#635=VECTOR('',#2357,1.25);
#636=VECTOR('',#2362,10.);
#637=VECTOR('',#2363,10.);
#638=VECTOR('',#2364,10.);
#639=VECTOR('',#2367,10.);
#640=VECTOR('',#2368,10.);
#641=VECTOR('',#2369,10.);
#642=VECTOR('',#2374,10.);
#643=VECTOR('',#2375,10.);
#644=VECTOR('',#2378,10.);
#645=VECTOR('',#2379,10.);
#646=VECTOR('',#2384,10.);
#647=VECTOR('',#2385,10.);
#648=VECTOR('',#2388,10.);
#649=VECTOR('',#2389,10.);
#650=VECTOR('',#2390,10.);
#651=VECTOR('',#2393,10.);
#652=VECTOR('',#2394,10.);
#653=VECTOR('',#2397,10.);
#654=VECTOR('',#2398,10.);
#655=VECTOR('',#2401,10.);
#656=VECTOR('',#2402,10.);
#657=VECTOR('',#2405,10.);
#658=VECTOR('',#2406,10.);
#659=VECTOR('',#2409,10.);
#660=VECTOR('',#2412,10.);
#661=VECTOR('',#2413,10.);
#662=VECTOR('',#2416,10.);
#663=VECTOR('',#2417,10.);
#664=VECTOR('',#2420,10.);
#665=VECTOR('',#2423,10.);
#666=VECTOR('',#2424,10.);
#667=VECTOR('',#2427,10.);
#668=VECTOR('',#2428,10.);
#669=VECTOR('',#2431,10.);
#670=VECTOR('',#2432,10.);
#671=VECTOR('',#2435,10.);
#672=VECTOR('',#2442,10.);
#673=VECTOR('',#2443,10.);
#674=VECTOR('',#2444,10.);
#675=VECTOR('',#2445,10.);
#676=VECTOR('',#2448,10.);
#677=VECTOR('',#2449,10.);
#678=VECTOR('',#2450,10.);
#679=VECTOR('',#2451,10.);
#680=VECTOR('',#2452,10.);
#681=VECTOR('',#2455,10.);
#682=VECTOR('',#2456,10.);
#683=VECTOR('',#2459,10.);
#684=VECTOR('',#2460,10.);
#685=VECTOR('',#2461,10.);
#686=VECTOR('',#2464,10.);
#687=VECTOR('',#2467,10.);
#688=VECTOR('',#2468,10.);
#689=VECTOR('',#2471,10.);
#690=VECTOR('',#2482,10.);
#691=VECTOR('',#2483,10.);
#692=VECTOR('',#2484,10.);
#693=VECTOR('',#2485,10.);
#694=VECTOR('',#2486,10.);
#695=VECTOR('',#2487,10.);
#696=VECTOR('',#2490,10.);
#697=VECTOR('',#2491,10.);
#698=VECTOR('',#2492,10.);
#699=VECTOR('',#2493,10.);
#700=VECTOR('',#2496,10.);
#701=VECTOR('',#2499,10.);
#702=VECTOR('',#2502,10.);
#703=VECTOR('',#2503,10.);
#704=VECTOR('',#2504,10.);
#705=VECTOR('',#2505,10.);
#706=VECTOR('',#2506,10.);
#707=VECTOR('',#2507,10.);
#708=VECTOR('',#2508,10.);
#709=VECTOR('',#2509,10.);
#710=VECTOR('',#2510,10.);
#711=VECTOR('',#2511,10.);
#712=VECTOR('',#2512,10.);
#713=VECTOR('',#2513,10.);
#714=VECTOR('',#2514,10.);
#715=VECTOR('',#2515,10.);
#716=VECTOR('',#2516,10.);
#717=VECTOR('',#2517,10.);
#718=VECTOR('',#2518,10.);
#719=VECTOR('',#2519,10.);
#720=VECTOR('',#2520,10.);
#721=VECTOR('',#2525,10.);
#722=VECTOR('',#2526,10.);
#723=VECTOR('',#2527,10.);
#724=VECTOR('',#2530,10.);
#725=VECTOR('',#2531,10.);
#726=VECTOR('',#2534,10.);
#727=VECTOR('',#2535,10.);
#728=VECTOR('',#2538,10.);
#729=VECTOR('',#2539,10.);
#730=VECTOR('',#2542,10.);
#731=VECTOR('',#2547,10.);
#732=VECTOR('',#2548,10.);
#733=VECTOR('',#2551,10.);
#734=VECTOR('',#2556,10.);
#735=VECTOR('',#2557,10.);
#736=VECTOR('',#2560,10.);
#737=VECTOR('',#2565,10.);
#738=VECTOR('',#2566,10.);
#739=VECTOR('',#2569,10.);
#740=VECTOR('',#2572,10.);
#741=VECTOR('',#2575,10.);
#742=VECTOR('',#2576,10.);
#743=VECTOR('',#2579,10.);
#744=VECTOR('',#2580,10.);
#745=VECTOR('',#2583,10.);
#746=VECTOR('',#2584,10.);
#747=VECTOR('',#2589,1.25);
#748=VECTOR('',#2596,1.25);
#749=VECTOR('',#2601,10.);
#750=VECTOR('',#2602,10.);
#751=VECTOR('',#2603,10.);
#752=VECTOR('',#2604,10.);
#753=VECTOR('',#2607,10.);
#754=VECTOR('',#2608,10.);
#755=VECTOR('',#2609,10.);
#756=VECTOR('',#2612,10.);
#757=VECTOR('',#2613,10.);
#758=VECTOR('',#2614,10.);
#759=VECTOR('',#2617,10.);
#760=VECTOR('',#2618,10.);
#761=VECTOR('',#2623,10.);
#762=VECTOR('',#2624,10.);
#763=VECTOR('',#2625,10.);
#764=VECTOR('',#2626,10.);
#765=VECTOR('',#2629,10.);
#766=VECTOR('',#2630,10.);
#767=VECTOR('',#2631,10.);
#768=VECTOR('',#2634,10.);
#769=VECTOR('',#2635,10.);
#770=VECTOR('',#2636,10.);
#771=VECTOR('',#2639,10.);
#772=VECTOR('',#2640,10.);
#773=VECTOR('',#2649,10.);
#774=VECTOR('',#2650,10.);
#775=VECTOR('',#2651,10.);
#776=VECTOR('',#2654,10.);
#777=VECTOR('',#2657,10.);
#778=VECTOR('',#2658,10.);
#779=VECTOR('',#2659,10.);
#780=VECTOR('',#2664,10.);
#781=VECTOR('',#2665,10.);
#782=VECTOR('',#2668,1.25);
#783=VECTOR('',#2673,1.25);
#784=VECTOR('',#2676,10.);
#785=VECTOR('',#2679,10.);
#786=VECTOR('',#2684,10.);
#787=VECTOR('',#2687,10.);
#788=VECTOR('',#2688,10.);
#789=VECTOR('',#2689,10.);
#790=VECTOR('',#2690,10.);
#791=VECTOR('',#2691,10.);
#792=VECTOR('',#2692,10.);
#793=VECTOR('',#2693,10.);
#794=VECTOR('',#2694,10.);
#795=VECTOR('',#2695,10.);
#796=VECTOR('',#2696,10.);
#797=VECTOR('',#2701,1.25);
#798=VECTOR('',#2706,10.);
#799=VECTOR('',#2707,10.);
#800=VECTOR('',#2710,10.);
#801=VECTOR('',#2713,10.);
#802=VECTOR('',#2716,10.);
#803=VECTOR('',#2719,10.);
#804=VECTOR('',#2722,10.);
#805=VECTOR('',#2725,10.);
#806=VECTOR('',#2728,10.);
#807=VECTOR('',#2731,10.);
#808=VECTOR('',#2736,10.);
#809=VECTOR('',#2737,10.);
#810=VECTOR('',#2738,10.);
#811=VECTOR('',#2739,10.);
#812=VECTOR('',#2742,10.);
#813=VECTOR('',#2743,10.);
#814=VECTOR('',#2744,10.);
#815=VECTOR('',#2747,10.);
#816=VECTOR('',#2748,10.);
#817=VECTOR('',#2749,10.);
#818=VECTOR('',#2750,10.);
#819=VECTOR('',#2753,10.);
#820=VECTOR('',#2754,10.);
#821=VECTOR('',#2755,10.);
#822=VECTOR('',#2758,10.);
#823=VECTOR('',#2759,10.);
#824=VECTOR('',#2762,10.);
#825=VECTOR('',#2765,10.);
#826=VERTEX_POINT('',#2770);
#827=VERTEX_POINT('',#2771);
#828=VERTEX_POINT('',#2773);
#829=VERTEX_POINT('',#2775);
#830=VERTEX_POINT('',#2779);
#831=VERTEX_POINT('',#2780);
#832=VERTEX_POINT('',#2782);
#833=VERTEX_POINT('',#2784);
#834=VERTEX_POINT('',#2788);
#835=VERTEX_POINT('',#2789);
#836=VERTEX_POINT('',#2791);
#837=VERTEX_POINT('',#2793);
#838=VERTEX_POINT('',#2797);
#839=VERTEX_POINT('',#2799);
#840=VERTEX_POINT('',#2806);
#841=VERTEX_POINT('',#2807);
#842=VERTEX_POINT('',#2809);
#843=VERTEX_POINT('',#2811);
#844=VERTEX_POINT('',#2813);
#845=VERTEX_POINT('',#2815);
#846=VERTEX_POINT('',#2817);
#847=VERTEX_POINT('',#2819);
#848=VERTEX_POINT('',#2821);
#849=VERTEX_POINT('',#2823);
#850=VERTEX_POINT('',#2826);
#851=VERTEX_POINT('',#2828);
#852=VERTEX_POINT('',#2830);
#853=VERTEX_POINT('',#2833);
#854=VERTEX_POINT('',#2835);
#855=VERTEX_POINT('',#2839);
#856=VERTEX_POINT('',#2841);
#857=VERTEX_POINT('',#2845);
#858=VERTEX_POINT('',#2847);
#859=VERTEX_POINT('',#2852);
#860=VERTEX_POINT('',#2854);
#861=VERTEX_POINT('',#2858);
#862=VERTEX_POINT('',#2860);
#863=VERTEX_POINT('',#2864);
#864=VERTEX_POINT('',#2866);
#865=VERTEX_POINT('',#2870);
#866=VERTEX_POINT('',#2872);
#867=VERTEX_POINT('',#2876);
#868=VERTEX_POINT('',#2878);
#869=VERTEX_POINT('',#2885);
#870=VERTEX_POINT('',#2889);
#871=VERTEX_POINT('',#2893);
#872=VERTEX_POINT('',#2895);
#873=VERTEX_POINT('',#2897);
#874=VERTEX_POINT('',#2899);
#875=VERTEX_POINT('',#2902);
#876=VERTEX_POINT('',#2905);
#877=VERTEX_POINT('',#2909);
#878=VERTEX_POINT('',#2913);
#879=VERTEX_POINT('',#2917);
#880=VERTEX_POINT('',#2918);
#881=VERTEX_POINT('',#2923);
#882=VERTEX_POINT('',#2924);
#883=VERTEX_POINT('',#2927);
#884=VERTEX_POINT('',#2931);
#885=VERTEX_POINT('',#2935);
#886=VERTEX_POINT('',#2937);
#887=VERTEX_POINT('',#2941);
#888=VERTEX_POINT('',#2945);
#889=VERTEX_POINT('',#2950);
#890=VERTEX_POINT('',#2954);
#891=VERTEX_POINT('',#2958);
#892=VERTEX_POINT('',#2962);
#893=VERTEX_POINT('',#2968);
#894=VERTEX_POINT('',#2972);
#895=VERTEX_POINT('',#2978);
#896=VERTEX_POINT('',#2982);
#897=VERTEX_POINT('',#2986);
#898=VERTEX_POINT('',#2994);
#899=VERTEX_POINT('',#2995);
#900=VERTEX_POINT('',#2997);
#901=VERTEX_POINT('',#2999);
#902=VERTEX_POINT('',#3003);
#903=VERTEX_POINT('',#3005);
#904=VERTEX_POINT('',#3007);
#905=VERTEX_POINT('',#3009);
#906=VERTEX_POINT('',#3013);
#907=VERTEX_POINT('',#3017);
#908=VERTEX_POINT('',#3019);
#909=VERTEX_POINT('',#3025);
#910=VERTEX_POINT('',#3032);
#911=VERTEX_POINT('',#3034);
#912=VERTEX_POINT('',#3037);
#913=VERTEX_POINT('',#3038);
#914=VERTEX_POINT('',#3040);
#915=VERTEX_POINT('',#3042);
#916=VERTEX_POINT('',#3044);
#917=VERTEX_POINT('',#3046);
#918=VERTEX_POINT('',#3048);
#919=VERTEX_POINT('',#3050);
#920=VERTEX_POINT('',#3052);
#921=VERTEX_POINT('',#3055);
#922=VERTEX_POINT('',#3057);
#923=VERTEX_POINT('',#3059);
#924=VERTEX_POINT('',#3061);
#925=VERTEX_POINT('',#3063);
#926=VERTEX_POINT('',#3065);
#927=VERTEX_POINT('',#3067);
#928=VERTEX_POINT('',#3069);
#929=VERTEX_POINT('',#3071);
#930=VERTEX_POINT('',#3073);
#931=VERTEX_POINT('',#3075);
#932=VERTEX_POINT('',#3077);
#933=VERTEX_POINT('',#3079);
#934=VERTEX_POINT('',#3081);
#935=VERTEX_POINT('',#3083);
#936=VERTEX_POINT('',#3085);
#937=VERTEX_POINT('',#3087);
#938=VERTEX_POINT('',#3089);
#939=VERTEX_POINT('',#3091);
#940=VERTEX_POINT('',#3093);
#941=VERTEX_POINT('',#3095);
#942=VERTEX_POINT('',#3097);
#943=VERTEX_POINT('',#3099);
#944=VERTEX_POINT('',#3101);
#945=VERTEX_POINT('',#3103);
#946=VERTEX_POINT('',#3106);
#947=VERTEX_POINT('',#3109);
#948=VERTEX_POINT('',#3111);
#949=VERTEX_POINT('',#3115);
#950=VERTEX_POINT('',#3119);
#951=VERTEX_POINT('',#3123);
#952=VERTEX_POINT('',#3127);
#953=VERTEX_POINT('',#3131);
#954=VERTEX_POINT('',#3135);
#955=VERTEX_POINT('',#3139);
#956=VERTEX_POINT('',#3143);
#957=VERTEX_POINT('',#3147);
#958=VERTEX_POINT('',#3151);
#959=VERTEX_POINT('',#3153);
#960=VERTEX_POINT('',#3157);
#961=VERTEX_POINT('',#3164);
#962=VERTEX_POINT('',#3168);
#963=VERTEX_POINT('',#3170);
#964=VERTEX_POINT('',#3174);
#965=VERTEX_POINT('',#3176);
#966=VERTEX_POINT('',#3180);
#967=VERTEX_POINT('',#3181);
#968=VERTEX_POINT('',#3183);
#969=VERTEX_POINT('',#3185);
#970=VERTEX_POINT('',#3189);
#971=VERTEX_POINT('',#3191);
#972=VERTEX_POINT('',#3195);
#973=VERTEX_POINT('',#3197);
#974=VERTEX_POINT('',#3205);
#975=VERTEX_POINT('',#3206);
#976=VERTEX_POINT('',#3208);
#977=VERTEX_POINT('',#3210);
#978=VERTEX_POINT('',#3214);
#979=VERTEX_POINT('',#3216);
#980=VERTEX_POINT('',#3220);
#981=VERTEX_POINT('',#3222);
#982=VERTEX_POINT('',#3232);
#983=VERTEX_POINT('',#3234);
#984=VERTEX_POINT('',#3240);
#985=VERTEX_POINT('',#3242);
#986=VERTEX_POINT('',#3245);
#987=VERTEX_POINT('',#3248);
#988=VERTEX_POINT('',#3252);
#989=VERTEX_POINT('',#3265);
#990=VERTEX_POINT('',#3266);
#991=VERTEX_POINT('',#3268);
#992=VERTEX_POINT('',#3270);
#993=VERTEX_POINT('',#3272);
#994=VERTEX_POINT('',#3274);
#995=VERTEX_POINT('',#3276);
#996=VERTEX_POINT('',#3278);
#997=VERTEX_POINT('',#3280);
#998=VERTEX_POINT('',#3282);
#999=VERTEX_POINT('',#3285);
#1000=VERTEX_POINT('',#3311);
#1001=VERTEX_POINT('',#3312);
#1002=VERTEX_POINT('',#3314);
#1003=VERTEX_POINT('',#3316);
#1004=VERTEX_POINT('',#3320);
#1005=VERTEX_POINT('',#3322);
#1006=VERTEX_POINT('',#3326);
#1007=VERTEX_POINT('',#3328);
#1008=VERTEX_POINT('',#3330);
#1009=VERTEX_POINT('',#3334);
#1010=VERTEX_POINT('',#3336);
#1011=VERTEX_POINT('',#3340);
#1012=EDGE_CURVE('',#826,#827,#332,.T.);
#1013=EDGE_CURVE('',#828,#826,#333,.T.);
#1014=EDGE_CURVE('',#828,#829,#334,.T.);
#1015=EDGE_CURVE('',#827,#829,#335,.T.);
#1016=EDGE_CURVE('',#830,#831,#336,.T.);
#1017=EDGE_CURVE('',#830,#832,#337,.T.);
#1018=EDGE_CURVE('',#832,#833,#338,.T.);
#1019=EDGE_CURVE('',#833,#831,#339,.T.);
#1020=EDGE_CURVE('',#834,#835,#40,.T.);
#1021=EDGE_CURVE('',#836,#834,#340,.T.);
#1022=EDGE_CURVE('',#836,#837,#41,.T.);
#1023=EDGE_CURVE('',#835,#837,#341,.T.);
#1024=EDGE_CURVE('',#835,#838,#342,.T.);
#1025=EDGE_CURVE('',#837,#839,#343,.T.);
#1026=EDGE_CURVE('',#838,#839,#344,.T.);
#1027=EDGE_CURVE('',#838,#826,#42,.T.);
#1028=EDGE_CURVE('',#839,#828,#43,.T.);
#1029=EDGE_CURVE('',#840,#841,#345,.F.);
#1030=EDGE_CURVE('',#841,#842,#346,.F.);
#1031=EDGE_CURVE('',#842,#843,#347,.F.);
#1032=EDGE_CURVE('',#843,#844,#348,.F.);
#1033=EDGE_CURVE('',#844,#845,#349,.F.);
#1034=EDGE_CURVE('',#845,#846,#350,.F.);
#1035=EDGE_CURVE('',#846,#847,#351,.F.);
#1036=EDGE_CURVE('',#847,#848,#352,.F.);
#1037=EDGE_CURVE('',#848,#849,#353,.F.);
#1038=EDGE_CURVE('',#849,#840,#354,.F.);
#1039=EDGE_CURVE('',#850,#850,#44,.T.);
#1040=EDGE_CURVE('',#851,#851,#45,.T.);
#1041=EDGE_CURVE('',#852,#852,#46,.T.);
#1042=EDGE_CURVE('',#853,#834,#355,.T.);
#1043=EDGE_CURVE('',#854,#853,#356,.T.);
#1044=EDGE_CURVE('',#854,#836,#357,.T.);
#1045=EDGE_CURVE('',#855,#853,#358,.T.);
#1046=EDGE_CURVE('',#856,#855,#359,.T.);
#1047=EDGE_CURVE('',#856,#854,#360,.T.);
#1048=EDGE_CURVE('',#857,#830,#361,.T.);
#1049=EDGE_CURVE('',#858,#857,#362,.T.);
#1050=EDGE_CURVE('',#858,#832,#363,.T.);
#1051=EDGE_CURVE('',#830,#832,#364,.T.);
#1052=EDGE_CURVE('',#859,#830,#365,.T.);
#1053=EDGE_CURVE('',#859,#860,#366,.T.);
#1054=EDGE_CURVE('',#860,#832,#367,.T.);
#1055=EDGE_CURVE('',#861,#855,#368,.T.);
#1056=EDGE_CURVE('',#862,#861,#369,.T.);
#1057=EDGE_CURVE('',#862,#856,#370,.T.);
#1058=EDGE_CURVE('',#863,#857,#371,.T.);
#1059=EDGE_CURVE('',#864,#863,#372,.T.);
#1060=EDGE_CURVE('',#864,#858,#373,.T.);
#1061=EDGE_CURVE('',#865,#859,#47,.T.);
#1062=EDGE_CURVE('',#866,#865,#374,.T.);
#1063=EDGE_CURVE('',#866,#860,#48,.T.);
#1064=EDGE_CURVE('',#867,#861,#375,.T.);
#1065=EDGE_CURVE('',#868,#867,#376,.T.);
#1066=EDGE_CURVE('',#868,#862,#377,.T.);
#1067=EDGE_CURVE('',#827,#863,#49,.T.);
#1068=EDGE_CURVE('',#829,#864,#50,.T.);
#1069=EDGE_CURVE('',#851,#869,#378,.T.);
#1070=EDGE_CURVE('',#869,#869,#51,.T.);
#1071=EDGE_CURVE('',#870,#866,#379,.T.);
#1072=EDGE_CURVE('',#832,#870,#380,.T.);
#1073=EDGE_CURVE('',#871,#868,#381,.T.);
#1074=EDGE_CURVE('',#872,#871,#382,.T.);
#1075=EDGE_CURVE('',#873,#872,#383,.T.);
#1076=EDGE_CURVE('',#874,#873,#384,.T.);
#1077=EDGE_CURVE('',#833,#874,#385,.T.);
#1078=EDGE_CURVE('',#875,#875,#52,.T.);
#1079=EDGE_CURVE('',#850,#876,#386,.T.);
#1080=EDGE_CURVE('',#876,#876,#53,.T.);
#1081=EDGE_CURVE('',#877,#877,#54,.T.);
#1082=EDGE_CURVE('',#877,#875,#387,.T.);
#1083=EDGE_CURVE('',#852,#878,#388,.T.);
#1084=EDGE_CURVE('',#878,#878,#55,.T.);
#1085=EDGE_CURVE('',#879,#880,#389,.T.);
#1086=EDGE_CURVE('',#842,#879,#390,.F.);
#1087=EDGE_CURVE('',#880,#841,#391,.T.);
#1088=EDGE_CURVE('',#881,#882,#392,.T.);
#1089=EDGE_CURVE('',#843,#881,#393,.F.);
#1090=EDGE_CURVE('',#883,#879,#394,.T.);
#1091=EDGE_CURVE('',#883,#882,#56,.T.);
#1092=EDGE_CURVE('',#880,#884,#395,.T.);
#1093=EDGE_CURVE('',#840,#884,#396,.F.);
#1094=EDGE_CURVE('',#882,#885,#397,.T.);
#1095=EDGE_CURVE('',#886,#883,#398,.T.);
#1096=EDGE_CURVE('',#885,#886,#57,.T.);
#1097=EDGE_CURVE('',#884,#887,#399,.T.);
#1098=EDGE_CURVE('',#849,#887,#400,.F.);
#1099=EDGE_CURVE('',#885,#888,#401,.T.);
#1100=EDGE_CURVE('',#831,#886,#402,.T.);
#1101=EDGE_CURVE('',#874,#888,#403,.T.);
#1102=EDGE_CURVE('',#887,#889,#404,.T.);
#1103=EDGE_CURVE('',#848,#889,#405,.T.);
#1104=EDGE_CURVE('',#889,#890,#406,.T.);
#1105=EDGE_CURVE('',#847,#890,#407,.F.);
#1106=EDGE_CURVE('',#830,#891,#408,.T.);
#1107=EDGE_CURVE('',#891,#870,#409,.T.);
#1108=EDGE_CURVE('',#890,#892,#410,.T.);
#1109=EDGE_CURVE('',#846,#892,#411,.T.);
#1110=EDGE_CURVE('',#891,#865,#412,.T.);
#1111=EDGE_CURVE('',#892,#893,#413,.T.);
#1112=EDGE_CURVE('',#845,#893,#414,.F.);
#1113=EDGE_CURVE('',#893,#894,#415,.T.);
#1114=EDGE_CURVE('',#844,#894,#416,.F.);
#1115=EDGE_CURVE('',#894,#881,#417,.T.);
#1116=EDGE_CURVE('',#888,#895,#418,.T.);
#1117=EDGE_CURVE('',#873,#895,#419,.T.);
#1118=EDGE_CURVE('',#895,#896,#420,.T.);
#1119=EDGE_CURVE('',#872,#896,#421,.T.);
#1120=EDGE_CURVE('',#896,#897,#422,.T.);
#1121=EDGE_CURVE('',#871,#897,#423,.T.);
#1122=EDGE_CURVE('',#897,#867,#424,.T.);
#1123=EDGE_CURVE('',#898,#899,#425,.T.);
#1124=EDGE_CURVE('',#900,#898,#426,.T.);
#1125=EDGE_CURVE('',#900,#901,#427,.T.);
#1126=EDGE_CURVE('',#901,#899,#428,.T.);
#1127=EDGE_CURVE('',#899,#902,#429,.T.);
#1128=EDGE_CURVE('',#901,#903,#430,.T.);
#1129=EDGE_CURVE('',#904,#903,#431,.T.);
#1130=EDGE_CURVE('',#904,#905,#432,.T.);
#1131=EDGE_CURVE('',#902,#905,#433,.T.);
#1132=EDGE_CURVE('',#900,#906,#434,.T.);
#1133=EDGE_CURVE('',#903,#906,#435,.T.);
#1134=EDGE_CURVE('',#907,#904,#436,.T.);
#1135=EDGE_CURVE('',#907,#908,#437,.T.);
#1136=EDGE_CURVE('',#905,#908,#438,.T.);
#1137=EDGE_CURVE('',#907,#906,#439,.T.);
#1138=EDGE_CURVE('',#902,#909,#440,.T.);
#1139=EDGE_CURVE('',#908,#909,#441,.T.);
#1140=EDGE_CURVE('',#909,#898,#442,.T.);
#1141=EDGE_CURVE('',#910,#910,#58,.T.);
#1142=EDGE_CURVE('',#911,#911,#59,.T.);
#1143=EDGE_CURVE('',#912,#913,#443,.T.);
#1144=EDGE_CURVE('',#914,#912,#444,.T.);
#1145=EDGE_CURVE('',#915,#914,#445,.T.);
#1146=EDGE_CURVE('',#916,#915,#446,.T.);
#1147=EDGE_CURVE('',#917,#916,#447,.T.);
#1148=EDGE_CURVE('',#918,#917,#448,.T.);
#1149=EDGE_CURVE('',#919,#918,#60,.T.);
#1150=EDGE_CURVE('',#920,#919,#449,.T.);
#1151=EDGE_CURVE('',#917,#920,#450,.T.);
#1152=EDGE_CURVE('',#921,#917,#451,.T.);
#1153=EDGE_CURVE('',#922,#921,#452,.T.);
#1154=EDGE_CURVE('',#923,#922,#61,.T.);
#1155=EDGE_CURVE('',#924,#923,#453,.T.);
#1156=EDGE_CURVE('',#925,#924,#62,.T.);
#1157=EDGE_CURVE('',#926,#925,#454,.T.);
#1158=EDGE_CURVE('',#927,#926,#63,.T.);
#1159=EDGE_CURVE('',#928,#927,#455,.T.);
#1160=EDGE_CURVE('',#929,#928,#456,.T.);
#1161=EDGE_CURVE('',#930,#929,#457,.T.);
#1162=EDGE_CURVE('',#931,#930,#458,.T.);
#1163=EDGE_CURVE('',#932,#931,#459,.T.);
#1164=EDGE_CURVE('',#933,#932,#460,.T.);
#1165=EDGE_CURVE('',#934,#933,#461,.T.);
#1166=EDGE_CURVE('',#935,#934,#462,.T.);
#1167=EDGE_CURVE('',#936,#935,#463,.T.);
#1168=EDGE_CURVE('',#937,#936,#464,.T.);
#1169=EDGE_CURVE('',#938,#937,#465,.T.);
#1170=EDGE_CURVE('',#939,#938,#466,.T.);
#1171=EDGE_CURVE('',#940,#939,#467,.T.);
#1172=EDGE_CURVE('',#941,#940,#468,.T.);
#1173=EDGE_CURVE('',#942,#941,#469,.T.);
#1174=EDGE_CURVE('',#943,#942,#470,.T.);
#1175=EDGE_CURVE('',#944,#943,#471,.T.);
#1176=EDGE_CURVE('',#945,#944,#472,.T.);
#1177=EDGE_CURVE('',#913,#945,#473,.T.);
#1178=EDGE_CURVE('',#946,#946,#64,.T.);
#1179=EDGE_CURVE('',#930,#947,#474,.T.);
#1180=EDGE_CURVE('',#947,#948,#475,.T.);
#1181=EDGE_CURVE('',#931,#948,#476,.T.);
#1182=EDGE_CURVE('',#929,#949,#477,.T.);
#1183=EDGE_CURVE('',#949,#947,#478,.T.);
#1184=EDGE_CURVE('',#928,#950,#479,.T.);
#1185=EDGE_CURVE('',#950,#949,#480,.T.);
#1186=EDGE_CURVE('',#927,#951,#481,.T.);
#1187=EDGE_CURVE('',#951,#950,#482,.T.);
#1188=EDGE_CURVE('',#952,#926,#483,.T.);
#1189=EDGE_CURVE('',#952,#951,#65,.T.);
#1190=EDGE_CURVE('',#953,#925,#484,.T.);
#1191=EDGE_CURVE('',#953,#952,#485,.T.);
#1192=EDGE_CURVE('',#924,#954,#486,.T.);
#1193=EDGE_CURVE('',#954,#953,#66,.T.);
#1194=EDGE_CURVE('',#955,#923,#487,.T.);
#1195=EDGE_CURVE('',#955,#954,#488,.T.);
#1196=EDGE_CURVE('',#922,#956,#489,.T.);
#1197=EDGE_CURVE('',#956,#955,#67,.T.);
#1198=EDGE_CURVE('',#921,#957,#490,.T.);
#1199=EDGE_CURVE('',#957,#956,#491,.T.);
#1200=EDGE_CURVE('',#958,#918,#492,.T.);
#1201=EDGE_CURVE('',#958,#959,#68,.T.);
#1202=EDGE_CURVE('',#919,#959,#493,.T.);
#1203=EDGE_CURVE('',#960,#917,#494,.T.);
#1204=EDGE_CURVE('',#960,#958,#495,.T.);
#1205=EDGE_CURVE('',#960,#917,#496,.T.);
#1206=EDGE_CURVE('',#960,#957,#497,.T.);
#1207=EDGE_CURVE('',#916,#961,#498,.T.);
#1208=EDGE_CURVE('',#961,#960,#499,.T.);
#1209=EDGE_CURVE('',#962,#962,#69,.T.);
#1210=EDGE_CURVE('',#962,#963,#500,.T.);
#1211=EDGE_CURVE('',#963,#963,#70,.T.);
#1212=EDGE_CURVE('',#964,#964,#71,.T.);
#1213=EDGE_CURVE('',#964,#965,#501,.T.);
#1214=EDGE_CURVE('',#965,#965,#72,.T.);
#1215=EDGE_CURVE('',#966,#967,#502,.T.);
#1216=EDGE_CURVE('',#966,#968,#503,.T.);
#1217=EDGE_CURVE('',#969,#968,#504,.T.);
#1218=EDGE_CURVE('',#967,#969,#505,.T.);
#1219=EDGE_CURVE('',#967,#970,#506,.T.);
#1220=EDGE_CURVE('',#971,#969,#507,.T.);
#1221=EDGE_CURVE('',#970,#971,#508,.T.);
#1222=EDGE_CURVE('',#970,#972,#509,.T.);
#1223=EDGE_CURVE('',#973,#971,#510,.T.);
#1224=EDGE_CURVE('',#972,#973,#511,.T.);
#1225=EDGE_CURVE('',#972,#966,#512,.T.);
#1226=EDGE_CURVE('',#968,#973,#513,.T.);
#1227=EDGE_CURVE('',#974,#975,#514,.T.);
#1228=EDGE_CURVE('',#974,#976,#515,.T.);
#1229=EDGE_CURVE('',#977,#976,#516,.T.);
#1230=EDGE_CURVE('',#975,#977,#517,.T.);
#1231=EDGE_CURVE('',#978,#974,#518,.T.);
#1232=EDGE_CURVE('',#978,#979,#519,.T.);
#1233=EDGE_CURVE('',#976,#979,#520,.T.);
#1234=EDGE_CURVE('',#980,#978,#521,.T.);
#1235=EDGE_CURVE('',#980,#981,#522,.T.);
#1236=EDGE_CURVE('',#979,#981,#523,.T.);
#1237=EDGE_CURVE('',#975,#980,#524,.T.);
#1238=EDGE_CURVE('',#981,#977,#525,.T.);
#1239=EDGE_CURVE('',#915,#936,#73,.T.);
#1240=EDGE_CURVE('',#937,#914,#74,.T.);
#1241=EDGE_CURVE('',#932,#982,#526,.T.);
#1242=EDGE_CURVE('',#982,#983,#527,.T.);
#1243=EDGE_CURVE('',#933,#983,#528,.T.);
#1244=EDGE_CURVE('',#948,#982,#529,.T.);
#1245=EDGE_CURVE('',#984,#961,#530,.T.);
#1246=EDGE_CURVE('',#985,#984,#531,.T.);
#1247=EDGE_CURVE('',#983,#985,#532,.T.);
#1248=EDGE_CURVE('',#986,#986,#75,.T.);
#1249=EDGE_CURVE('',#987,#960,#533,.T.);
#1250=EDGE_CURVE('',#959,#987,#534,.T.);
#1251=EDGE_CURVE('',#911,#988,#535,.T.);
#1252=EDGE_CURVE('',#988,#988,#76,.T.);
#1253=EDGE_CURVE('',#986,#910,#536,.T.);
#1254=EDGE_CURVE('',#934,#985,#537,.T.);
#1255=EDGE_CURVE('',#935,#984,#538,.T.);
#1256=EDGE_CURVE('',#987,#920,#539,.T.);
#1257=EDGE_CURVE('',#989,#990,#540,.F.);
#1258=EDGE_CURVE('',#990,#991,#541,.F.);
#1259=EDGE_CURVE('',#991,#992,#542,.F.);
#1260=EDGE_CURVE('',#992,#993,#543,.F.);
#1261=EDGE_CURVE('',#993,#994,#544,.F.);
#1262=EDGE_CURVE('',#994,#995,#545,.F.);
#1263=EDGE_CURVE('',#995,#996,#546,.F.);
#1264=EDGE_CURVE('',#996,#997,#547,.F.);
#1265=EDGE_CURVE('',#997,#998,#548,.F.);
#1266=EDGE_CURVE('',#998,#989,#549,.F.);
#1267=EDGE_CURVE('',#999,#999,#77,.T.);
#1268=EDGE_CURVE('',#946,#999,#550,.T.);
#1269=EDGE_CURVE('',#989,#913,#551,.T.);
#1270=EDGE_CURVE('',#912,#998,#552,.F.);
#1271=EDGE_CURVE('',#938,#997,#553,.F.);
#1272=EDGE_CURVE('',#939,#996,#554,.F.);
#1273=EDGE_CURVE('',#940,#995,#555,.F.);
#1274=EDGE_CURVE('',#941,#994,#556,.T.);
#1275=EDGE_CURVE('',#942,#993,#557,.F.);
#1276=EDGE_CURVE('',#943,#992,#558,.T.);
#1277=EDGE_CURVE('',#944,#991,#559,.F.);
#1278=EDGE_CURVE('',#945,#990,#560,.F.);
#1279=EDGE_CURVE('',#1000,#1001,#561,.T.);
#1280=EDGE_CURVE('',#1002,#1000,#562,.T.);
#1281=EDGE_CURVE('',#1003,#1002,#563,.T.);
#1282=EDGE_CURVE('',#1001,#1003,#564,.T.);
#1283=EDGE_CURVE('',#1002,#1004,#565,.T.);
#1284=EDGE_CURVE('',#1004,#1005,#566,.T.);
#1285=EDGE_CURVE('',#1003,#1005,#567,.T.);
#1286=EDGE_CURVE('',#1006,#1000,#568,.T.);
#1287=EDGE_CURVE('',#1007,#1006,#569,.T.);
#1288=EDGE_CURVE('',#1008,#1007,#570,.T.);
#1289=EDGE_CURVE('',#1004,#1008,#571,.T.);
#1290=EDGE_CURVE('',#1009,#1008,#572,.T.);
#1291=EDGE_CURVE('',#1007,#1010,#573,.T.);
#1292=EDGE_CURVE('',#1009,#1010,#574,.T.);
#1293=EDGE_CURVE('',#1011,#1006,#575,.T.);
#1294=EDGE_CURVE('',#1010,#1011,#576,.T.);
#1295=EDGE_CURVE('',#1001,#1011,#577,.T.);
#1296=EDGE_CURVE('',#1005,#1009,#578,.T.);
#1297=ORIENTED_EDGE('',*,*,#1012,.F.);
#1298=ORIENTED_EDGE('',*,*,#1013,.F.);
#1299=ORIENTED_EDGE('',*,*,#1014,.T.);
#1300=ORIENTED_EDGE('',*,*,#1015,.F.);
#1301=ORIENTED_EDGE('',*,*,#1016,.F.);
#1302=ORIENTED_EDGE('',*,*,#1017,.T.);
#1303=ORIENTED_EDGE('',*,*,#1018,.T.);
#1304=ORIENTED_EDGE('',*,*,#1019,.T.);
#1305=ORIENTED_EDGE('',*,*,#1020,.F.);
#1306=ORIENTED_EDGE('',*,*,#1021,.F.);
#1307=ORIENTED_EDGE('',*,*,#1022,.T.);
#1308=ORIENTED_EDGE('',*,*,#1023,.F.);
#1309=ORIENTED_EDGE('',*,*,#1024,.F.);
#1310=ORIENTED_EDGE('',*,*,#1023,.T.);
#1311=ORIENTED_EDGE('',*,*,#1025,.T.);
#1312=ORIENTED_EDGE('',*,*,#1026,.F.);
#1313=ORIENTED_EDGE('',*,*,#1027,.F.);
#1314=ORIENTED_EDGE('',*,*,#1026,.T.);
#1315=ORIENTED_EDGE('',*,*,#1028,.T.);
#1316=ORIENTED_EDGE('',*,*,#1013,.T.);
#1317=ORIENTED_EDGE('',*,*,#1029,.T.);
#1318=ORIENTED_EDGE('',*,*,#1030,.T.);
#1319=ORIENTED_EDGE('',*,*,#1031,.T.);
#1320=ORIENTED_EDGE('',*,*,#1032,.T.);
#1321=ORIENTED_EDGE('',*,*,#1033,.T.);
#1322=ORIENTED_EDGE('',*,*,#1034,.T.);
#1323=ORIENTED_EDGE('',*,*,#1035,.T.);
#1324=ORIENTED_EDGE('',*,*,#1036,.T.);
#1325=ORIENTED_EDGE('',*,*,#1037,.T.);
#1326=ORIENTED_EDGE('',*,*,#1038,.T.);
#1327=ORIENTED_EDGE('',*,*,#1039,.T.);
#1328=ORIENTED_EDGE('',*,*,#1040,.T.);
#1329=ORIENTED_EDGE('',*,*,#1041,.T.);
#1330=ORIENTED_EDGE('',*,*,#1042,.F.);
#1331=ORIENTED_EDGE('',*,*,#1043,.F.);
#1332=ORIENTED_EDGE('',*,*,#1044,.T.);
#1333=ORIENTED_EDGE('',*,*,#1021,.T.);
#1334=ORIENTED_EDGE('',*,*,#1045,.F.);
#1335=ORIENTED_EDGE('',*,*,#1046,.F.);
#1336=ORIENTED_EDGE('',*,*,#1047,.T.);
#1337=ORIENTED_EDGE('',*,*,#1043,.T.);
#1338=ORIENTED_EDGE('',*,*,#1048,.F.);
#1339=ORIENTED_EDGE('',*,*,#1049,.F.);
#1340=ORIENTED_EDGE('',*,*,#1050,.T.);
#1341=ORIENTED_EDGE('',*,*,#1051,.F.);
#1342=ORIENTED_EDGE('',*,*,#1052,.F.);
#1343=ORIENTED_EDGE('',*,*,#1053,.T.);
#1344=ORIENTED_EDGE('',*,*,#1054,.T.);
#1345=ORIENTED_EDGE('',*,*,#1017,.F.);
#1346=ORIENTED_EDGE('',*,*,#1055,.F.);
#1347=ORIENTED_EDGE('',*,*,#1056,.F.);
#1348=ORIENTED_EDGE('',*,*,#1057,.T.);
#1349=ORIENTED_EDGE('',*,*,#1046,.T.);
#1350=ORIENTED_EDGE('',*,*,#1058,.F.);
#1351=ORIENTED_EDGE('',*,*,#1059,.F.);
#1352=ORIENTED_EDGE('',*,*,#1060,.T.);
#1353=ORIENTED_EDGE('',*,*,#1049,.T.);
#1354=ORIENTED_EDGE('',*,*,#1061,.F.);
#1355=ORIENTED_EDGE('',*,*,#1062,.F.);
#1356=ORIENTED_EDGE('',*,*,#1063,.T.);
#1357=ORIENTED_EDGE('',*,*,#1053,.F.);
#1358=ORIENTED_EDGE('',*,*,#1064,.F.);
#1359=ORIENTED_EDGE('',*,*,#1065,.F.);
#1360=ORIENTED_EDGE('',*,*,#1066,.T.);
#1361=ORIENTED_EDGE('',*,*,#1056,.T.);
#1362=ORIENTED_EDGE('',*,*,#1067,.F.);
#1363=ORIENTED_EDGE('',*,*,#1015,.T.);
#1364=ORIENTED_EDGE('',*,*,#1068,.T.);
#1365=ORIENTED_EDGE('',*,*,#1059,.T.);
#1366=ORIENTED_EDGE('',*,*,#1040,.F.);
#1367=ORIENTED_EDGE('',*,*,#1069,.T.);
#1368=ORIENTED_EDGE('',*,*,#1070,.F.);
#1369=ORIENTED_EDGE('',*,*,#1069,.F.);
#1370=ORIENTED_EDGE('',*,*,#1063,.F.);
#1371=ORIENTED_EDGE('',*,*,#1071,.F.);
#1372=ORIENTED_EDGE('',*,*,#1072,.F.);
#1373=ORIENTED_EDGE('',*,*,#1054,.F.);
#1374=ORIENTED_EDGE('',*,*,#1050,.F.);
#1375=ORIENTED_EDGE('',*,*,#1060,.F.);
#1376=ORIENTED_EDGE('',*,*,#1068,.F.);
#1377=ORIENTED_EDGE('',*,*,#1014,.F.);
#1378=ORIENTED_EDGE('',*,*,#1028,.F.);
#1379=ORIENTED_EDGE('',*,*,#1025,.F.);
#1380=ORIENTED_EDGE('',*,*,#1022,.F.);
#1381=ORIENTED_EDGE('',*,*,#1044,.F.);
#1382=ORIENTED_EDGE('',*,*,#1047,.F.);
#1383=ORIENTED_EDGE('',*,*,#1057,.F.);
#1384=ORIENTED_EDGE('',*,*,#1066,.F.);
#1385=ORIENTED_EDGE('',*,*,#1073,.F.);
#1386=ORIENTED_EDGE('',*,*,#1074,.F.);
#1387=ORIENTED_EDGE('',*,*,#1075,.F.);
#1388=ORIENTED_EDGE('',*,*,#1076,.F.);
#1389=ORIENTED_EDGE('',*,*,#1077,.F.);
#1390=ORIENTED_EDGE('',*,*,#1018,.F.);
#1391=ORIENTED_EDGE('',*,*,#1070,.T.);
#1392=ORIENTED_EDGE('',*,*,#1078,.F.);
#1393=ORIENTED_EDGE('',*,*,#1039,.F.);
#1394=ORIENTED_EDGE('',*,*,#1079,.T.);
#1395=ORIENTED_EDGE('',*,*,#1080,.F.);
#1396=ORIENTED_EDGE('',*,*,#1079,.F.);
#1397=ORIENTED_EDGE('',*,*,#1081,.F.);
#1398=ORIENTED_EDGE('',*,*,#1082,.T.);
#1399=ORIENTED_EDGE('',*,*,#1078,.T.);
#1400=ORIENTED_EDGE('',*,*,#1082,.F.);
#1401=ORIENTED_EDGE('',*,*,#1041,.F.);
#1402=ORIENTED_EDGE('',*,*,#1083,.T.);
#1403=ORIENTED_EDGE('',*,*,#1084,.F.);
#1404=ORIENTED_EDGE('',*,*,#1083,.F.);
#1405=ORIENTED_EDGE('',*,*,#1085,.F.);
#1406=ORIENTED_EDGE('',*,*,#1086,.F.);
#1407=ORIENTED_EDGE('',*,*,#1030,.F.);
#1408=ORIENTED_EDGE('',*,*,#1087,.F.);
#1409=ORIENTED_EDGE('',*,*,#1088,.F.);
#1410=ORIENTED_EDGE('',*,*,#1089,.F.);
#1411=ORIENTED_EDGE('',*,*,#1031,.F.);
#1412=ORIENTED_EDGE('',*,*,#1086,.T.);
#1413=ORIENTED_EDGE('',*,*,#1090,.F.);
#1414=ORIENTED_EDGE('',*,*,#1091,.T.);
#1415=ORIENTED_EDGE('',*,*,#1092,.F.);
#1416=ORIENTED_EDGE('',*,*,#1087,.T.);
#1417=ORIENTED_EDGE('',*,*,#1029,.F.);
#1418=ORIENTED_EDGE('',*,*,#1093,.T.);
#1419=ORIENTED_EDGE('',*,*,#1094,.F.);
#1420=ORIENTED_EDGE('',*,*,#1091,.F.);
#1421=ORIENTED_EDGE('',*,*,#1095,.F.);
#1422=ORIENTED_EDGE('',*,*,#1096,.F.);
#1423=ORIENTED_EDGE('',*,*,#1097,.F.);
#1424=ORIENTED_EDGE('',*,*,#1093,.F.);
#1425=ORIENTED_EDGE('',*,*,#1038,.F.);
#1426=ORIENTED_EDGE('',*,*,#1098,.T.);
#1427=ORIENTED_EDGE('',*,*,#1099,.F.);
#1428=ORIENTED_EDGE('',*,*,#1096,.T.);
#1429=ORIENTED_EDGE('',*,*,#1100,.F.);
#1430=ORIENTED_EDGE('',*,*,#1019,.F.);
#1431=ORIENTED_EDGE('',*,*,#1077,.T.);
#1432=ORIENTED_EDGE('',*,*,#1101,.T.);
#1433=ORIENTED_EDGE('',*,*,#1102,.F.);
#1434=ORIENTED_EDGE('',*,*,#1098,.F.);
#1435=ORIENTED_EDGE('',*,*,#1037,.F.);
#1436=ORIENTED_EDGE('',*,*,#1103,.T.);
#1437=ORIENTED_EDGE('',*,*,#1104,.F.);
#1438=ORIENTED_EDGE('',*,*,#1103,.F.);
#1439=ORIENTED_EDGE('',*,*,#1036,.F.);
#1440=ORIENTED_EDGE('',*,*,#1105,.T.);
#1441=ORIENTED_EDGE('',*,*,#1106,.F.);
#1442=ORIENTED_EDGE('',*,*,#1051,.T.);
#1443=ORIENTED_EDGE('',*,*,#1072,.T.);
#1444=ORIENTED_EDGE('',*,*,#1107,.F.);
#1445=ORIENTED_EDGE('',*,*,#1108,.F.);
#1446=ORIENTED_EDGE('',*,*,#1105,.F.);
#1447=ORIENTED_EDGE('',*,*,#1035,.F.);
#1448=ORIENTED_EDGE('',*,*,#1109,.T.);
#1449=ORIENTED_EDGE('',*,*,#1110,.F.);
#1450=ORIENTED_EDGE('',*,*,#1107,.T.);
#1451=ORIENTED_EDGE('',*,*,#1071,.T.);
#1452=ORIENTED_EDGE('',*,*,#1062,.T.);
#1453=ORIENTED_EDGE('',*,*,#1111,.F.);
#1454=ORIENTED_EDGE('',*,*,#1109,.F.);
#1455=ORIENTED_EDGE('',*,*,#1034,.F.);
#1456=ORIENTED_EDGE('',*,*,#1112,.T.);
#1457=ORIENTED_EDGE('',*,*,#1113,.F.);
#1458=ORIENTED_EDGE('',*,*,#1112,.F.);
#1459=ORIENTED_EDGE('',*,*,#1033,.F.);
#1460=ORIENTED_EDGE('',*,*,#1114,.T.);
#1461=ORIENTED_EDGE('',*,*,#1115,.F.);
#1462=ORIENTED_EDGE('',*,*,#1114,.F.);
#1463=ORIENTED_EDGE('',*,*,#1032,.F.);
#1464=ORIENTED_EDGE('',*,*,#1089,.T.);
#1465=ORIENTED_EDGE('',*,*,#1116,.F.);
#1466=ORIENTED_EDGE('',*,*,#1101,.F.);
#1467=ORIENTED_EDGE('',*,*,#1076,.T.);
#1468=ORIENTED_EDGE('',*,*,#1117,.T.);
#1469=ORIENTED_EDGE('',*,*,#1118,.F.);
#1470=ORIENTED_EDGE('',*,*,#1117,.F.);
#1471=ORIENTED_EDGE('',*,*,#1075,.T.);
#1472=ORIENTED_EDGE('',*,*,#1119,.T.);
#1473=ORIENTED_EDGE('',*,*,#1120,.F.);
#1474=ORIENTED_EDGE('',*,*,#1119,.F.);
#1475=ORIENTED_EDGE('',*,*,#1074,.T.);
#1476=ORIENTED_EDGE('',*,*,#1121,.T.);
#1477=ORIENTED_EDGE('',*,*,#1122,.F.);
#1478=ORIENTED_EDGE('',*,*,#1121,.F.);
#1479=ORIENTED_EDGE('',*,*,#1073,.T.);
#1480=ORIENTED_EDGE('',*,*,#1065,.T.);
#1481=ORIENTED_EDGE('',*,*,#1081,.T.);
#1482=ORIENTED_EDGE('',*,*,#1084,.T.);
#1483=ORIENTED_EDGE('',*,*,#1085,.T.);
#1484=ORIENTED_EDGE('',*,*,#1092,.T.);
#1485=ORIENTED_EDGE('',*,*,#1097,.T.);
#1486=ORIENTED_EDGE('',*,*,#1102,.T.);
#1487=ORIENTED_EDGE('',*,*,#1104,.T.);
#1488=ORIENTED_EDGE('',*,*,#1108,.T.);
#1489=ORIENTED_EDGE('',*,*,#1111,.T.);
#1490=ORIENTED_EDGE('',*,*,#1113,.T.);
#1491=ORIENTED_EDGE('',*,*,#1115,.T.);
#1492=ORIENTED_EDGE('',*,*,#1088,.T.);
#1493=ORIENTED_EDGE('',*,*,#1094,.T.);
#1494=ORIENTED_EDGE('',*,*,#1099,.T.);
#1495=ORIENTED_EDGE('',*,*,#1116,.T.);
#1496=ORIENTED_EDGE('',*,*,#1118,.T.);
#1497=ORIENTED_EDGE('',*,*,#1120,.T.);
#1498=ORIENTED_EDGE('',*,*,#1122,.T.);
#1499=ORIENTED_EDGE('',*,*,#1064,.T.);
#1500=ORIENTED_EDGE('',*,*,#1055,.T.);
#1501=ORIENTED_EDGE('',*,*,#1045,.T.);
#1502=ORIENTED_EDGE('',*,*,#1042,.T.);
#1503=ORIENTED_EDGE('',*,*,#1020,.T.);
#1504=ORIENTED_EDGE('',*,*,#1024,.T.);
#1505=ORIENTED_EDGE('',*,*,#1027,.T.);
#1506=ORIENTED_EDGE('',*,*,#1012,.T.);
#1507=ORIENTED_EDGE('',*,*,#1067,.T.);
#1508=ORIENTED_EDGE('',*,*,#1058,.T.);
#1509=ORIENTED_EDGE('',*,*,#1048,.T.);
#1510=ORIENTED_EDGE('',*,*,#1106,.T.);
#1511=ORIENTED_EDGE('',*,*,#1110,.T.);
#1512=ORIENTED_EDGE('',*,*,#1061,.T.);
#1513=ORIENTED_EDGE('',*,*,#1052,.T.);
#1514=ORIENTED_EDGE('',*,*,#1016,.T.);
#1515=ORIENTED_EDGE('',*,*,#1100,.T.);
#1516=ORIENTED_EDGE('',*,*,#1095,.T.);
#1517=ORIENTED_EDGE('',*,*,#1090,.T.);
#1518=ORIENTED_EDGE('',*,*,#1080,.T.);
#1519=ORIENTED_EDGE('',*,*,#1123,.F.);
#1520=ORIENTED_EDGE('',*,*,#1124,.F.);
#1521=ORIENTED_EDGE('',*,*,#1125,.T.);
#1522=ORIENTED_EDGE('',*,*,#1126,.T.);
#1523=ORIENTED_EDGE('',*,*,#1127,.F.);
#1524=ORIENTED_EDGE('',*,*,#1126,.F.);
#1525=ORIENTED_EDGE('',*,*,#1128,.T.);
#1526=ORIENTED_EDGE('',*,*,#1129,.F.);
#1527=ORIENTED_EDGE('',*,*,#1130,.T.);
#1528=ORIENTED_EDGE('',*,*,#1131,.F.);
#1529=ORIENTED_EDGE('',*,*,#1125,.F.);
#1530=ORIENTED_EDGE('',*,*,#1132,.T.);
#1531=ORIENTED_EDGE('',*,*,#1133,.F.);
#1532=ORIENTED_EDGE('',*,*,#1128,.F.);
#1533=ORIENTED_EDGE('',*,*,#1134,.F.);
#1534=ORIENTED_EDGE('',*,*,#1135,.T.);
#1535=ORIENTED_EDGE('',*,*,#1136,.F.);
#1536=ORIENTED_EDGE('',*,*,#1130,.F.);
#1537=ORIENTED_EDGE('',*,*,#1133,.T.);
#1538=ORIENTED_EDGE('',*,*,#1137,.F.);
#1539=ORIENTED_EDGE('',*,*,#1134,.T.);
#1540=ORIENTED_EDGE('',*,*,#1129,.T.);
#1541=ORIENTED_EDGE('',*,*,#1138,.F.);
#1542=ORIENTED_EDGE('',*,*,#1131,.T.);
#1543=ORIENTED_EDGE('',*,*,#1136,.T.);
#1544=ORIENTED_EDGE('',*,*,#1139,.T.);
#1545=ORIENTED_EDGE('',*,*,#1140,.F.);
#1546=ORIENTED_EDGE('',*,*,#1139,.F.);
#1547=ORIENTED_EDGE('',*,*,#1135,.F.);
#1548=ORIENTED_EDGE('',*,*,#1137,.T.);
#1549=ORIENTED_EDGE('',*,*,#1132,.F.);
#1550=ORIENTED_EDGE('',*,*,#1124,.T.);
#1551=ORIENTED_EDGE('',*,*,#1138,.T.);
#1552=ORIENTED_EDGE('',*,*,#1140,.T.);
#1553=ORIENTED_EDGE('',*,*,#1123,.T.);
#1554=ORIENTED_EDGE('',*,*,#1127,.T.);
#1555=ORIENTED_EDGE('',*,*,#1141,.F.);
#1556=ORIENTED_EDGE('',*,*,#1142,.F.);
#1557=ORIENTED_EDGE('',*,*,#1143,.F.);
#1558=ORIENTED_EDGE('',*,*,#1144,.F.);
#1559=ORIENTED_EDGE('',*,*,#1145,.F.);
#1560=ORIENTED_EDGE('',*,*,#1146,.F.);
#1561=ORIENTED_EDGE('',*,*,#1147,.F.);
#1562=ORIENTED_EDGE('',*,*,#1148,.F.);
#1563=ORIENTED_EDGE('',*,*,#1149,.F.);
#1564=ORIENTED_EDGE('',*,*,#1150,.F.);
#1565=ORIENTED_EDGE('',*,*,#1151,.F.);
#1566=ORIENTED_EDGE('',*,*,#1152,.F.);
#1567=ORIENTED_EDGE('',*,*,#1153,.F.);
#1568=ORIENTED_EDGE('',*,*,#1154,.F.);
#1569=ORIENTED_EDGE('',*,*,#1155,.F.);
#1570=ORIENTED_EDGE('',*,*,#1156,.F.);
#1571=ORIENTED_EDGE('',*,*,#1157,.F.);
#1572=ORIENTED_EDGE('',*,*,#1158,.F.);
#1573=ORIENTED_EDGE('',*,*,#1159,.F.);
#1574=ORIENTED_EDGE('',*,*,#1160,.F.);
#1575=ORIENTED_EDGE('',*,*,#1161,.F.);
#1576=ORIENTED_EDGE('',*,*,#1162,.F.);
#1577=ORIENTED_EDGE('',*,*,#1163,.F.);
#1578=ORIENTED_EDGE('',*,*,#1164,.F.);
#1579=ORIENTED_EDGE('',*,*,#1165,.F.);
#1580=ORIENTED_EDGE('',*,*,#1166,.F.);
#1581=ORIENTED_EDGE('',*,*,#1167,.F.);
#1582=ORIENTED_EDGE('',*,*,#1168,.F.);
#1583=ORIENTED_EDGE('',*,*,#1169,.F.);
#1584=ORIENTED_EDGE('',*,*,#1170,.F.);
#1585=ORIENTED_EDGE('',*,*,#1171,.F.);
#1586=ORIENTED_EDGE('',*,*,#1172,.F.);
#1587=ORIENTED_EDGE('',*,*,#1173,.F.);
#1588=ORIENTED_EDGE('',*,*,#1174,.F.);
#1589=ORIENTED_EDGE('',*,*,#1175,.F.);
#1590=ORIENTED_EDGE('',*,*,#1176,.F.);
#1591=ORIENTED_EDGE('',*,*,#1177,.F.);
#1592=ORIENTED_EDGE('',*,*,#1178,.F.);
#1593=ORIENTED_EDGE('',*,*,#1162,.T.);
#1594=ORIENTED_EDGE('',*,*,#1179,.T.);
#1595=ORIENTED_EDGE('',*,*,#1180,.T.);
#1596=ORIENTED_EDGE('',*,*,#1181,.F.);
#1597=ORIENTED_EDGE('',*,*,#1161,.T.);
#1598=ORIENTED_EDGE('',*,*,#1182,.T.);
#1599=ORIENTED_EDGE('',*,*,#1183,.T.);
#1600=ORIENTED_EDGE('',*,*,#1179,.F.);
#1601=ORIENTED_EDGE('',*,*,#1160,.T.);
#1602=ORIENTED_EDGE('',*,*,#1184,.T.);
#1603=ORIENTED_EDGE('',*,*,#1185,.T.);
#1604=ORIENTED_EDGE('',*,*,#1182,.F.);
#1605=ORIENTED_EDGE('',*,*,#1159,.T.);
#1606=ORIENTED_EDGE('',*,*,#1186,.T.);
#1607=ORIENTED_EDGE('',*,*,#1187,.T.);
#1608=ORIENTED_EDGE('',*,*,#1184,.F.);
#1609=ORIENTED_EDGE('',*,*,#1158,.T.);
#1610=ORIENTED_EDGE('',*,*,#1188,.F.);
#1611=ORIENTED_EDGE('',*,*,#1189,.T.);
#1612=ORIENTED_EDGE('',*,*,#1186,.F.);
#1613=ORIENTED_EDGE('',*,*,#1157,.T.);
#1614=ORIENTED_EDGE('',*,*,#1190,.F.);
#1615=ORIENTED_EDGE('',*,*,#1191,.T.);
#1616=ORIENTED_EDGE('',*,*,#1188,.T.);
#1617=ORIENTED_EDGE('',*,*,#1156,.T.);
#1618=ORIENTED_EDGE('',*,*,#1192,.T.);
#1619=ORIENTED_EDGE('',*,*,#1193,.T.);
#1620=ORIENTED_EDGE('',*,*,#1190,.T.);
#1621=ORIENTED_EDGE('',*,*,#1155,.T.);
#1622=ORIENTED_EDGE('',*,*,#1194,.F.);
#1623=ORIENTED_EDGE('',*,*,#1195,.T.);
#1624=ORIENTED_EDGE('',*,*,#1192,.F.);
#1625=ORIENTED_EDGE('',*,*,#1154,.T.);
#1626=ORIENTED_EDGE('',*,*,#1196,.T.);
#1627=ORIENTED_EDGE('',*,*,#1197,.T.);
#1628=ORIENTED_EDGE('',*,*,#1194,.T.);
#1629=ORIENTED_EDGE('',*,*,#1153,.T.);
#1630=ORIENTED_EDGE('',*,*,#1198,.T.);
#1631=ORIENTED_EDGE('',*,*,#1199,.T.);
#1632=ORIENTED_EDGE('',*,*,#1196,.F.);
#1633=ORIENTED_EDGE('',*,*,#1149,.T.);
#1634=ORIENTED_EDGE('',*,*,#1200,.F.);
#1635=ORIENTED_EDGE('',*,*,#1201,.T.);
#1636=ORIENTED_EDGE('',*,*,#1202,.F.);
#1637=ORIENTED_EDGE('',*,*,#1148,.T.);
#1638=ORIENTED_EDGE('',*,*,#1203,.F.);
#1639=ORIENTED_EDGE('',*,*,#1204,.T.);
#1640=ORIENTED_EDGE('',*,*,#1200,.T.);
#1641=ORIENTED_EDGE('',*,*,#1152,.T.);
#1642=ORIENTED_EDGE('',*,*,#1205,.F.);
#1643=ORIENTED_EDGE('',*,*,#1206,.T.);
#1644=ORIENTED_EDGE('',*,*,#1198,.F.);
#1645=ORIENTED_EDGE('',*,*,#1147,.T.);
#1646=ORIENTED_EDGE('',*,*,#1207,.T.);
#1647=ORIENTED_EDGE('',*,*,#1208,.T.);
#1648=ORIENTED_EDGE('',*,*,#1203,.T.);
#1649=ORIENTED_EDGE('',*,*,#1209,.F.);
#1650=ORIENTED_EDGE('',*,*,#1210,.T.);
#1651=ORIENTED_EDGE('',*,*,#1211,.F.);
#1652=ORIENTED_EDGE('',*,*,#1210,.F.);
#1653=ORIENTED_EDGE('',*,*,#1212,.F.);
#1654=ORIENTED_EDGE('',*,*,#1213,.T.);
#1655=ORIENTED_EDGE('',*,*,#1214,.F.);
#1656=ORIENTED_EDGE('',*,*,#1213,.F.);
#1657=ORIENTED_EDGE('',*,*,#1215,.F.);
#1658=ORIENTED_EDGE('',*,*,#1216,.T.);
#1659=ORIENTED_EDGE('',*,*,#1217,.F.);
#1660=ORIENTED_EDGE('',*,*,#1218,.F.);
#1661=ORIENTED_EDGE('',*,*,#1219,.F.);
#1662=ORIENTED_EDGE('',*,*,#1218,.T.);
#1663=ORIENTED_EDGE('',*,*,#1220,.F.);
#1664=ORIENTED_EDGE('',*,*,#1221,.F.);
#1665=ORIENTED_EDGE('',*,*,#1211,.T.);
#1666=ORIENTED_EDGE('',*,*,#1214,.T.);
#1667=ORIENTED_EDGE('',*,*,#1222,.F.);
#1668=ORIENTED_EDGE('',*,*,#1221,.T.);
#1669=ORIENTED_EDGE('',*,*,#1223,.F.);
#1670=ORIENTED_EDGE('',*,*,#1224,.F.);
#1671=ORIENTED_EDGE('',*,*,#1225,.F.);
#1672=ORIENTED_EDGE('',*,*,#1224,.T.);
#1673=ORIENTED_EDGE('',*,*,#1226,.F.);
#1674=ORIENTED_EDGE('',*,*,#1216,.F.);
#1675=ORIENTED_EDGE('',*,*,#1209,.T.);
#1676=ORIENTED_EDGE('',*,*,#1212,.T.);
#1677=ORIENTED_EDGE('',*,*,#1226,.T.);
#1678=ORIENTED_EDGE('',*,*,#1223,.T.);
#1679=ORIENTED_EDGE('',*,*,#1220,.T.);
#1680=ORIENTED_EDGE('',*,*,#1217,.T.);
#1681=ORIENTED_EDGE('',*,*,#1227,.F.);
#1682=ORIENTED_EDGE('',*,*,#1228,.T.);
#1683=ORIENTED_EDGE('',*,*,#1229,.F.);
#1684=ORIENTED_EDGE('',*,*,#1230,.F.);
#1685=ORIENTED_EDGE('',*,*,#1231,.F.);
#1686=ORIENTED_EDGE('',*,*,#1232,.T.);
#1687=ORIENTED_EDGE('',*,*,#1233,.F.);
#1688=ORIENTED_EDGE('',*,*,#1228,.F.);
#1689=ORIENTED_EDGE('',*,*,#1234,.F.);
#1690=ORIENTED_EDGE('',*,*,#1235,.T.);
#1691=ORIENTED_EDGE('',*,*,#1236,.F.);
#1692=ORIENTED_EDGE('',*,*,#1232,.F.);
#1693=ORIENTED_EDGE('',*,*,#1237,.F.);
#1694=ORIENTED_EDGE('',*,*,#1230,.T.);
#1695=ORIENTED_EDGE('',*,*,#1238,.F.);
#1696=ORIENTED_EDGE('',*,*,#1235,.F.);
#1697=ORIENTED_EDGE('',*,*,#1168,.T.);
#1698=ORIENTED_EDGE('',*,*,#1239,.F.);
#1699=ORIENTED_EDGE('',*,*,#1145,.T.);
#1700=ORIENTED_EDGE('',*,*,#1240,.F.);
#1701=ORIENTED_EDGE('',*,*,#1164,.T.);
#1702=ORIENTED_EDGE('',*,*,#1241,.T.);
#1703=ORIENTED_EDGE('',*,*,#1242,.T.);
#1704=ORIENTED_EDGE('',*,*,#1243,.F.);
#1705=ORIENTED_EDGE('',*,*,#1163,.T.);
#1706=ORIENTED_EDGE('',*,*,#1181,.T.);
#1707=ORIENTED_EDGE('',*,*,#1244,.T.);
#1708=ORIENTED_EDGE('',*,*,#1241,.F.);
#1709=ORIENTED_EDGE('',*,*,#1189,.F.);
#1710=ORIENTED_EDGE('',*,*,#1191,.F.);
#1711=ORIENTED_EDGE('',*,*,#1193,.F.);
#1712=ORIENTED_EDGE('',*,*,#1195,.F.);
#1713=ORIENTED_EDGE('',*,*,#1197,.F.);
#1714=ORIENTED_EDGE('',*,*,#1199,.F.);
#1715=ORIENTED_EDGE('',*,*,#1206,.F.);
#1716=ORIENTED_EDGE('',*,*,#1208,.F.);
#1717=ORIENTED_EDGE('',*,*,#1245,.F.);
#1718=ORIENTED_EDGE('',*,*,#1246,.F.);
#1719=ORIENTED_EDGE('',*,*,#1247,.F.);
#1720=ORIENTED_EDGE('',*,*,#1242,.F.);
#1721=ORIENTED_EDGE('',*,*,#1244,.F.);
#1722=ORIENTED_EDGE('',*,*,#1180,.F.);
#1723=ORIENTED_EDGE('',*,*,#1183,.F.);
#1724=ORIENTED_EDGE('',*,*,#1185,.F.);
#1725=ORIENTED_EDGE('',*,*,#1187,.F.);
#1726=ORIENTED_EDGE('',*,*,#1229,.T.);
#1727=ORIENTED_EDGE('',*,*,#1233,.T.);
#1728=ORIENTED_EDGE('',*,*,#1236,.T.);
#1729=ORIENTED_EDGE('',*,*,#1238,.T.);
#1730=ORIENTED_EDGE('',*,*,#1248,.F.);
#1731=ORIENTED_EDGE('',*,*,#1249,.F.);
#1732=ORIENTED_EDGE('',*,*,#1250,.F.);
#1733=ORIENTED_EDGE('',*,*,#1201,.F.);
#1734=ORIENTED_EDGE('',*,*,#1204,.F.);
#1735=ORIENTED_EDGE('',*,*,#1142,.T.);
#1736=ORIENTED_EDGE('',*,*,#1251,.T.);
#1737=ORIENTED_EDGE('',*,*,#1252,.F.);
#1738=ORIENTED_EDGE('',*,*,#1251,.F.);
#1739=ORIENTED_EDGE('',*,*,#1248,.T.);
#1740=ORIENTED_EDGE('',*,*,#1253,.T.);
#1741=ORIENTED_EDGE('',*,*,#1141,.T.);
#1742=ORIENTED_EDGE('',*,*,#1253,.F.);
#1743=ORIENTED_EDGE('',*,*,#1165,.T.);
#1744=ORIENTED_EDGE('',*,*,#1243,.T.);
#1745=ORIENTED_EDGE('',*,*,#1247,.T.);
#1746=ORIENTED_EDGE('',*,*,#1254,.F.);
#1747=ORIENTED_EDGE('',*,*,#1166,.T.);
#1748=ORIENTED_EDGE('',*,*,#1254,.T.);
#1749=ORIENTED_EDGE('',*,*,#1246,.T.);
#1750=ORIENTED_EDGE('',*,*,#1255,.F.);
#1751=ORIENTED_EDGE('',*,*,#1167,.T.);
#1752=ORIENTED_EDGE('',*,*,#1255,.T.);
#1753=ORIENTED_EDGE('',*,*,#1245,.T.);
#1754=ORIENTED_EDGE('',*,*,#1207,.F.);
#1755=ORIENTED_EDGE('',*,*,#1146,.T.);
#1756=ORIENTED_EDGE('',*,*,#1239,.T.);
#1757=ORIENTED_EDGE('',*,*,#1151,.T.);
#1758=ORIENTED_EDGE('',*,*,#1256,.F.);
#1759=ORIENTED_EDGE('',*,*,#1249,.T.);
#1760=ORIENTED_EDGE('',*,*,#1205,.T.);
#1761=ORIENTED_EDGE('',*,*,#1257,.T.);
#1762=ORIENTED_EDGE('',*,*,#1258,.T.);
#1763=ORIENTED_EDGE('',*,*,#1259,.T.);
#1764=ORIENTED_EDGE('',*,*,#1260,.T.);
#1765=ORIENTED_EDGE('',*,*,#1261,.T.);
#1766=ORIENTED_EDGE('',*,*,#1262,.T.);
#1767=ORIENTED_EDGE('',*,*,#1263,.T.);
#1768=ORIENTED_EDGE('',*,*,#1264,.T.);
#1769=ORIENTED_EDGE('',*,*,#1265,.T.);
#1770=ORIENTED_EDGE('',*,*,#1266,.T.);
#1771=ORIENTED_EDGE('',*,*,#1215,.T.);
#1772=ORIENTED_EDGE('',*,*,#1219,.T.);
#1773=ORIENTED_EDGE('',*,*,#1222,.T.);
#1774=ORIENTED_EDGE('',*,*,#1225,.T.);
#1775=ORIENTED_EDGE('',*,*,#1227,.T.);
#1776=ORIENTED_EDGE('',*,*,#1237,.T.);
#1777=ORIENTED_EDGE('',*,*,#1234,.T.);
#1778=ORIENTED_EDGE('',*,*,#1231,.T.);
#1779=ORIENTED_EDGE('',*,*,#1252,.T.);
#1780=ORIENTED_EDGE('',*,*,#1267,.T.);
#1781=ORIENTED_EDGE('',*,*,#1178,.T.);
#1782=ORIENTED_EDGE('',*,*,#1268,.T.);
#1783=ORIENTED_EDGE('',*,*,#1267,.F.);
#1784=ORIENTED_EDGE('',*,*,#1268,.F.);
#1785=ORIENTED_EDGE('',*,*,#1150,.T.);
#1786=ORIENTED_EDGE('',*,*,#1202,.T.);
#1787=ORIENTED_EDGE('',*,*,#1250,.T.);
#1788=ORIENTED_EDGE('',*,*,#1256,.T.);
#1789=ORIENTED_EDGE('',*,*,#1143,.T.);
#1790=ORIENTED_EDGE('',*,*,#1269,.F.);
#1791=ORIENTED_EDGE('',*,*,#1266,.F.);
#1792=ORIENTED_EDGE('',*,*,#1270,.F.);
#1793=ORIENTED_EDGE('',*,*,#1169,.T.);
#1794=ORIENTED_EDGE('',*,*,#1240,.T.);
#1795=ORIENTED_EDGE('',*,*,#1144,.T.);
#1796=ORIENTED_EDGE('',*,*,#1270,.T.);
#1797=ORIENTED_EDGE('',*,*,#1265,.F.);
#1798=ORIENTED_EDGE('',*,*,#1271,.F.);
#1799=ORIENTED_EDGE('',*,*,#1170,.T.);
#1800=ORIENTED_EDGE('',*,*,#1271,.T.);
#1801=ORIENTED_EDGE('',*,*,#1264,.F.);
#1802=ORIENTED_EDGE('',*,*,#1272,.F.);
#1803=ORIENTED_EDGE('',*,*,#1171,.T.);
#1804=ORIENTED_EDGE('',*,*,#1272,.T.);
#1805=ORIENTED_EDGE('',*,*,#1263,.F.);
#1806=ORIENTED_EDGE('',*,*,#1273,.F.);
#1807=ORIENTED_EDGE('',*,*,#1172,.T.);
#1808=ORIENTED_EDGE('',*,*,#1273,.T.);
#1809=ORIENTED_EDGE('',*,*,#1262,.F.);
#1810=ORIENTED_EDGE('',*,*,#1274,.F.);
#1811=ORIENTED_EDGE('',*,*,#1173,.T.);
#1812=ORIENTED_EDGE('',*,*,#1274,.T.);
#1813=ORIENTED_EDGE('',*,*,#1261,.F.);
#1814=ORIENTED_EDGE('',*,*,#1275,.F.);
#1815=ORIENTED_EDGE('',*,*,#1174,.T.);
#1816=ORIENTED_EDGE('',*,*,#1275,.T.);
#1817=ORIENTED_EDGE('',*,*,#1260,.F.);
#1818=ORIENTED_EDGE('',*,*,#1276,.F.);
#1819=ORIENTED_EDGE('',*,*,#1175,.T.);
#1820=ORIENTED_EDGE('',*,*,#1276,.T.);
#1821=ORIENTED_EDGE('',*,*,#1259,.F.);
#1822=ORIENTED_EDGE('',*,*,#1277,.F.);
#1823=ORIENTED_EDGE('',*,*,#1176,.T.);
#1824=ORIENTED_EDGE('',*,*,#1277,.T.);
#1825=ORIENTED_EDGE('',*,*,#1258,.F.);
#1826=ORIENTED_EDGE('',*,*,#1278,.F.);
#1827=ORIENTED_EDGE('',*,*,#1177,.T.);
#1828=ORIENTED_EDGE('',*,*,#1278,.T.);
#1829=ORIENTED_EDGE('',*,*,#1257,.F.);
#1830=ORIENTED_EDGE('',*,*,#1269,.T.);
#1831=ORIENTED_EDGE('',*,*,#1279,.F.);
#1832=ORIENTED_EDGE('',*,*,#1280,.F.);
#1833=ORIENTED_EDGE('',*,*,#1281,.F.);
#1834=ORIENTED_EDGE('',*,*,#1282,.F.);
#1835=ORIENTED_EDGE('',*,*,#1281,.T.);
#1836=ORIENTED_EDGE('',*,*,#1283,.T.);
#1837=ORIENTED_EDGE('',*,*,#1284,.T.);
#1838=ORIENTED_EDGE('',*,*,#1285,.F.);
#1839=ORIENTED_EDGE('',*,*,#1280,.T.);
#1840=ORIENTED_EDGE('',*,*,#1286,.F.);
#1841=ORIENTED_EDGE('',*,*,#1287,.F.);
#1842=ORIENTED_EDGE('',*,*,#1288,.F.);
#1843=ORIENTED_EDGE('',*,*,#1289,.F.);
#1844=ORIENTED_EDGE('',*,*,#1283,.F.);
#1845=ORIENTED_EDGE('',*,*,#1290,.T.);
#1846=ORIENTED_EDGE('',*,*,#1288,.T.);
#1847=ORIENTED_EDGE('',*,*,#1291,.T.);
#1848=ORIENTED_EDGE('',*,*,#1292,.F.);
#1849=ORIENTED_EDGE('',*,*,#1291,.F.);
#1850=ORIENTED_EDGE('',*,*,#1287,.T.);
#1851=ORIENTED_EDGE('',*,*,#1293,.F.);
#1852=ORIENTED_EDGE('',*,*,#1294,.F.);
#1853=ORIENTED_EDGE('',*,*,#1279,.T.);
#1854=ORIENTED_EDGE('',*,*,#1295,.T.);
#1855=ORIENTED_EDGE('',*,*,#1293,.T.);
#1856=ORIENTED_EDGE('',*,*,#1286,.T.);
#1857=ORIENTED_EDGE('',*,*,#1284,.F.);
#1858=ORIENTED_EDGE('',*,*,#1289,.T.);
#1859=ORIENTED_EDGE('',*,*,#1290,.F.);
#1860=ORIENTED_EDGE('',*,*,#1296,.F.);
#1861=ORIENTED_EDGE('',*,*,#1282,.T.);
#1862=ORIENTED_EDGE('',*,*,#1285,.T.);
#1863=ORIENTED_EDGE('',*,*,#1296,.T.);
#1864=ORIENTED_EDGE('',*,*,#1292,.T.);
#1865=ORIENTED_EDGE('',*,*,#1294,.T.);
#1866=ORIENTED_EDGE('',*,*,#1295,.F.);
#1867=PLANE('',#2081);
#1868=PLANE('',#2082);
#1869=PLANE('',#2086);
#1870=PLANE('',#2090);
#1871=PLANE('',#2094);
#1872=PLANE('',#2095);
#1873=PLANE('',#2096);
#1874=PLANE('',#2097);
#1875=PLANE('',#2098);
#1876=PLANE('',#2099);
#1877=PLANE('',#2103);
#1878=PLANE('',#2109);
#1879=PLANE('',#2110);
#1880=PLANE('',#2118);
#1881=PLANE('',#2119);
#1882=PLANE('',#2121);
#1883=PLANE('',#2124);
#1884=PLANE('',#2125);
#1885=PLANE('',#2126);
#1886=PLANE('',#2127);
#1887=PLANE('',#2128);
#1888=PLANE('',#2129);
#1889=PLANE('',#2130);
#1890=PLANE('',#2131);
#1891=PLANE('',#2132);
#1892=PLANE('',#2133);
#1893=PLANE('',#2134);
#1894=PLANE('',#2135);
#1895=PLANE('',#2136);
#1896=PLANE('',#2137);
#1897=PLANE('',#2138);
#1898=PLANE('',#2139);
#1899=PLANE('',#2140);
#1900=PLANE('',#2141);
#1901=PLANE('',#2142);
#1902=PLANE('',#2143);
#1903=PLANE('',#2144);
#1904=PLANE('',#2145);
#1905=PLANE('',#2146);
#1906=PLANE('',#2147);
#1907=PLANE('',#2148);
#1908=PLANE('',#2151);
#1909=PLANE('',#2157);
#1910=PLANE('',#2158);
#1911=PLANE('',#2159);
#1912=PLANE('',#2160);
#1913=PLANE('',#2163);
#1914=PLANE('',#2166);
#1915=PLANE('',#2169);
#1916=PLANE('',#2172);
#1917=PLANE('',#2173);
#1918=PLANE('',#2174);
#1919=PLANE('',#2181);
#1920=PLANE('',#2182);
#1921=PLANE('',#2183);
#1922=PLANE('',#2184);
#1923=PLANE('',#2185);
#1924=PLANE('',#2186);
#1925=PLANE('',#2187);
#1926=PLANE('',#2188);
#1927=PLANE('',#2189);
#1928=PLANE('',#2193);
#1929=PLANE('',#2194);
#1930=PLANE('',#2195);
#1931=PLANE('',#2197);
#1932=PLANE('',#2201);
#1933=PLANE('',#2202);
#1934=PLANE('',#2203);
#1935=PLANE('',#2204);
#1936=PLANE('',#2205);
#1937=PLANE('',#2208);
#1938=PLANE('',#2209);
#1939=PLANE('',#2210);
#1940=PLANE('',#2211);
#1941=PLANE('',#2212);
#1942=PLANE('',#2213);
#1943=PLANE('',#2214);
#1944=PLANE('',#2215);
#1945=PLANE('',#2216);
#1946=PLANE('',#2217);
#1947=PLANE('',#2218);
#1948=PLANE('',#2219);
#1949=PLANE('',#2220);
#1950=PLANE('',#2221);
#1951=PLANE('',#2222);
#1952=PLANE('',#2223);
#1953=PLANE('',#2224);
#1954=PLANE('',#2225);
#1955=PLANE('',#2226);
#1956=ADVANCED_FACE('',(#97),#1867,.T.);
#1957=ADVANCED_FACE('',(#98),#1868,.F.);
#1958=ADVANCED_FACE('',(#99),#78,.T.);
#1959=ADVANCED_FACE('',(#100),#1869,.T.);
#1960=ADVANCED_FACE('',(#101),#79,.T.);
#1961=ADVANCED_FACE('',(#102,#21,#22,#23),#1870,.F.);
#1962=ADVANCED_FACE('',(#103),#1871,.F.);
#1963=ADVANCED_FACE('',(#104),#1872,.F.);
#1964=ADVANCED_FACE('',(#105),#1873,.T.);
#1965=ADVANCED_FACE('',(#106),#1874,.F.);
#1966=ADVANCED_FACE('',(#107),#1875,.F.);
#1967=ADVANCED_FACE('',(#108),#1876,.T.);
#1968=ADVANCED_FACE('',(#109),#80,.T.);
#1969=ADVANCED_FACE('',(#110),#1877,.F.);
#1970=ADVANCED_FACE('',(#111),#81,.T.);
#1971=ADVANCED_FACE('',(#112),#82,.F.);
#1972=ADVANCED_FACE('',(#113),#1878,.T.);
#1973=ADVANCED_FACE('',(#114,#24,#25),#1879,.T.);
#1974=ADVANCED_FACE('',(#115),#83,.F.);
#1975=ADVANCED_FACE('',(#116),#84,.T.);
#1976=ADVANCED_FACE('',(#117),#85,.F.);
#1977=ADVANCED_FACE('',(#118),#1880,.T.);
#1978=ADVANCED_FACE('',(#119),#1881,.T.);
#1979=ADVANCED_FACE('',(#120),#1882,.T.);
#1980=ADVANCED_FACE('',(#121),#86,.F.);
#1981=ADVANCED_FACE('',(#122),#1883,.T.);
#1982=ADVANCED_FACE('',(#123),#1884,.F.);
#1983=ADVANCED_FACE('',(#124),#1885,.T.);
#1984=ADVANCED_FACE('',(#125),#1886,.T.);
#1985=ADVANCED_FACE('',(#126),#1887,.T.);
#1986=ADVANCED_FACE('',(#127),#1888,.T.);
#1987=ADVANCED_FACE('',(#128),#1889,.T.);
#1988=ADVANCED_FACE('',(#129),#1890,.T.);
#1989=ADVANCED_FACE('',(#130),#1891,.T.);
#1990=ADVANCED_FACE('',(#131),#1892,.T.);
#1991=ADVANCED_FACE('',(#132),#1893,.F.);
#1992=ADVANCED_FACE('',(#133),#1894,.F.);
#1993=ADVANCED_FACE('',(#134),#1895,.F.);
#1994=ADVANCED_FACE('',(#135),#1896,.F.);
#1995=ADVANCED_FACE('',(#136,#26),#1897,.T.);
#1996=ADVANCED_FACE('',(#137,#27),#1898,.T.);
#1997=ADVANCED_FACE('',(#138),#1899,.F.);
#1998=ADVANCED_FACE('',(#139),#1900,.T.);
#1999=ADVANCED_FACE('',(#140),#1901,.T.);
#2000=ADVANCED_FACE('',(#141),#1902,.T.);
#2001=ADVANCED_FACE('',(#142),#1903,.F.);
#2002=ADVANCED_FACE('',(#143),#1904,.T.);
#2003=ADVANCED_FACE('',(#144),#1905,.T.);
#2004=ADVANCED_FACE('',(#145),#1906,.T.);
#2005=ADVANCED_FACE('',(#146,#28),#1907,.F.);
#2006=ADVANCED_FACE('',(#147,#29),#1908,.F.);
#2007=ADVANCED_FACE('',(#148),#1909,.F.);
#2008=ADVANCED_FACE('',(#149),#1910,.F.);
#2009=ADVANCED_FACE('',(#150),#1911,.F.);
#2010=ADVANCED_FACE('',(#151),#1912,.F.);
#2011=ADVANCED_FACE('',(#152),#87,.T.);
#2012=ADVANCED_FACE('',(#153),#1913,.T.);
#2013=ADVANCED_FACE('',(#154),#88,.T.);
#2014=ADVANCED_FACE('',(#155),#1914,.T.);
#2015=ADVANCED_FACE('',(#156),#89,.T.);
#2016=ADVANCED_FACE('',(#157),#1915,.T.);
#2017=ADVANCED_FACE('',(#158),#90,.T.);
#2018=ADVANCED_FACE('',(#159),#1916,.F.);
#2019=ADVANCED_FACE('',(#160),#1917,.T.);
#2020=ADVANCED_FACE('',(#161),#1918,.F.);
#2021=ADVANCED_FACE('',(#162),#91,.F.);
#2022=ADVANCED_FACE('',(#163),#92,.F.);
#2023=ADVANCED_FACE('',(#164),#1919,.T.);
#2024=ADVANCED_FACE('',(#165,#30,#31),#1920,.T.);
#2025=ADVANCED_FACE('',(#166),#1921,.T.);
#2026=ADVANCED_FACE('',(#167,#32,#33),#1922,.T.);
#2027=ADVANCED_FACE('',(#168),#1923,.T.);
#2028=ADVANCED_FACE('',(#169),#1924,.F.);
#2029=ADVANCED_FACE('',(#170),#1925,.F.);
#2030=ADVANCED_FACE('',(#171),#1926,.F.);
#2031=ADVANCED_FACE('',(#172),#1927,.F.);
#2032=ADVANCED_FACE('',(#173),#93,.F.);
#2033=ADVANCED_FACE('',(#174),#1928,.F.);
#2034=ADVANCED_FACE('',(#175),#1929,.F.);
#2035=ADVANCED_FACE('',(#176,#34,#35),#1930,.F.);
#2036=ADVANCED_FACE('',(#177),#1931,.F.);
#2037=ADVANCED_FACE('',(#178),#94,.F.);
#2038=ADVANCED_FACE('',(#179),#95,.T.);
#2039=ADVANCED_FACE('',(#180),#1932,.F.);
#2040=ADVANCED_FACE('',(#181),#1933,.F.);
#2041=ADVANCED_FACE('',(#182),#1934,.F.);
#2042=ADVANCED_FACE('',(#183),#1935,.T.);
#2043=ADVANCED_FACE('',(#184,#36,#37,#38,#39),#1936,.T.);
#2044=ADVANCED_FACE('',(#185),#96,.F.);
#2045=ADVANCED_FACE('',(#186),#1937,.T.);
#2046=ADVANCED_FACE('',(#187),#1938,.T.);
#2047=ADVANCED_FACE('',(#188),#1939,.T.);
#2048=ADVANCED_FACE('',(#189),#1940,.T.);
#2049=ADVANCED_FACE('',(#190),#1941,.T.);
#2050=ADVANCED_FACE('',(#191),#1942,.T.);
#2051=ADVANCED_FACE('',(#192),#1943,.T.);
#2052=ADVANCED_FACE('',(#193),#1944,.T.);
#2053=ADVANCED_FACE('',(#194),#1945,.T.);
#2054=ADVANCED_FACE('',(#195),#1946,.T.);
#2055=ADVANCED_FACE('',(#196),#1947,.T.);
#2056=ADVANCED_FACE('',(#197),#1948,.F.);
#2057=ADVANCED_FACE('',(#198),#1949,.F.);
#2058=ADVANCED_FACE('',(#199),#1950,.T.);
#2059=ADVANCED_FACE('',(#200),#1951,.F.);
#2060=ADVANCED_FACE('',(#201),#1952,.T.);
#2061=ADVANCED_FACE('',(#202),#1953,.T.);
#2062=ADVANCED_FACE('',(#203),#1954,.T.);
#2063=ADVANCED_FACE('',(#204),#1955,.T.);
#2064=CLOSED_SHELL('',(#1956,#1957,#1958,#1959,#1960,#1961,#1962,#1963,
#1964,#1965,#1966,#1967,#1968,#1969,#1970,#1971,#1972,#1973,#1974,#1975,
#1976,#1977,#1978,#1979,#1980,#1981,#1982,#1983,#1984,#1985,#1986,#1987,
#1988,#1989,#1990,#1991,#1992,#1993,#1994,#1995,#1996));
#2065=CLOSED_SHELL('',(#1997,#1998,#1999,#2000,#2001,#2002,#2003,#2004));
#2066=CLOSED_SHELL('',(#2005,#2006,#2007,#2008,#2009,#2010,#2011,#2012,
#2013,#2014,#2015,#2016,#2017,#2018,#2019,#2020,#2021,#2022,#2023,#2024,
#2025,#2026,#2027,#2028,#2029,#2030,#2031,#2032,#2033,#2034,#2035,#2036,
#2037,#2038,#2039,#2040,#2041,#2042,#2043,#2044,#2045,#2046,#2047,#2048,
#2049,#2050,#2051,#2052,#2053,#2054,#2055));
#2067=CLOSED_SHELL('',(#2056,#2057,#2058,#2059,#2060,#2061,#2062,#2063));
#2068=DERIVED_UNIT_ELEMENT(#2070,1.);
#2069=DERIVED_UNIT_ELEMENT(#3353,-3.);
#2070=(
MASS_UNIT()
NAMED_UNIT(*)
SI_UNIT(.KILO.,.GRAM.)
);
#2071=DERIVED_UNIT((#2068,#2069));
#2072=MEASURE_REPRESENTATION_ITEM('density measure',
POSITIVE_RATIO_MEASURE(7850.),#2071);
#2073=PROPERTY_DEFINITION_REPRESENTATION(#2078,#2075);
#2074=PROPERTY_DEFINITION_REPRESENTATION(#2079,#2076);
#2075=REPRESENTATION('material name',(#2077),#3350);
#2076=REPRESENTATION('density',(#2072),#3350);
#2077=DESCRIPTIVE_REPRESENTATION_ITEM('Steel','Steel');
#2078=PROPERTY_DEFINITION('material property','material name',#3360);
#2079=PROPERTY_DEFINITION('material property','density of part',#3360);
#2080=AXIS2_PLACEMENT_3D('',#2768,#2227,#2228);
#2081=AXIS2_PLACEMENT_3D('',#2769,#2229,#2230);
#2082=AXIS2_PLACEMENT_3D('',#2778,#2235,#2236);
#2083=AXIS2_PLACEMENT_3D('',#2787,#2241,#2242);
#2084=AXIS2_PLACEMENT_3D('',#2790,#2243,#2244);
#2085=AXIS2_PLACEMENT_3D('',#2794,#2246,#2247);
#2086=AXIS2_PLACEMENT_3D('',#2796,#2249,#2250);
#2087=AXIS2_PLACEMENT_3D('',#2802,#2254,#2255);
#2088=AXIS2_PLACEMENT_3D('',#2803,#2256,#2257);
#2089=AXIS2_PLACEMENT_3D('',#2804,#2258,#2259);
#2090=AXIS2_PLACEMENT_3D('',#2805,#2260,#2261);
#2091=AXIS2_PLACEMENT_3D('',#2827,#2272,#2273);
#2092=AXIS2_PLACEMENT_3D('',#2829,#2274,#2275);
#2093=AXIS2_PLACEMENT_3D('',#2831,#2276,#2277);
#2094=AXIS2_PLACEMENT_3D('',#2832,#2278,#2279);
#2095=AXIS2_PLACEMENT_3D('',#2838,#2283,#2284);
#2096=AXIS2_PLACEMENT_3D('',#2844,#2288,#2289);
#2097=AXIS2_PLACEMENT_3D('',#2851,#2294,#2295);
#2098=AXIS2_PLACEMENT_3D('',#2857,#2299,#2300);
#2099=AXIS2_PLACEMENT_3D('',#2863,#2304,#2305);
#2100=AXIS2_PLACEMENT_3D('',#2869,#2309,#2310);
#2101=AXIS2_PLACEMENT_3D('',#2871,#2311,#2312);
#2102=AXIS2_PLACEMENT_3D('',#2874,#2314,#2315);
#2103=AXIS2_PLACEMENT_3D('',#2875,#2316,#2317);
#2104=AXIS2_PLACEMENT_3D('',#2881,#2321,#2322);
#2105=AXIS2_PLACEMENT_3D('',#2882,#2323,#2324);
#2106=AXIS2_PLACEMENT_3D('',#2883,#2325,#2326);
#2107=AXIS2_PLACEMENT_3D('',#2884,#2327,#2328);
#2108=AXIS2_PLACEMENT_3D('',#2887,#2330,#2331);
#2109=AXIS2_PLACEMENT_3D('',#2888,#2332,#2333);
#2110=AXIS2_PLACEMENT_3D('',#2892,#2336,#2337);
#2111=AXIS2_PLACEMENT_3D('',#2903,#2343,#2344);
#2112=AXIS2_PLACEMENT_3D('',#2904,#2345,#2346);
#2113=AXIS2_PLACEMENT_3D('',#2907,#2348,#2349);
#2114=AXIS2_PLACEMENT_3D('',#2908,#2350,#2351);
#2115=AXIS2_PLACEMENT_3D('',#2910,#2352,#2353);
#2116=AXIS2_PLACEMENT_3D('',#2912,#2355,#2356);
#2117=AXIS2_PLACEMENT_3D('',#2915,#2358,#2359);
#2118=AXIS2_PLACEMENT_3D('',#2916,#2360,#2361);
#2119=AXIS2_PLACEMENT_3D('',#2922,#2365,#2366);
#2120=AXIS2_PLACEMENT_3D('',#2929,#2370,#2371);
#2121=AXIS2_PLACEMENT_3D('',#2930,#2372,#2373);
#2122=AXIS2_PLACEMENT_3D('',#2934,#2376,#2377);
#2123=AXIS2_PLACEMENT_3D('',#2939,#2380,#2381);
#2124=AXIS2_PLACEMENT_3D('',#2940,#2382,#2383);
#2125=AXIS2_PLACEMENT_3D('',#2944,#2386,#2387);
#2126=AXIS2_PLACEMENT_3D('',#2949,#2391,#2392);
#2127=AXIS2_PLACEMENT_3D('',#2953,#2395,#2396);
#2128=AXIS2_PLACEMENT_3D('',#2957,#2399,#2400);
#2129=AXIS2_PLACEMENT_3D('',#2961,#2403,#2404);
#2130=AXIS2_PLACEMENT_3D('',#2965,#2407,#2408);
#2131=AXIS2_PLACEMENT_3D('',#2967,#2410,#2411);
#2132=AXIS2_PLACEMENT_3D('',#2971,#2414,#2415);
#2133=AXIS2_PLACEMENT_3D('',#2975,#2418,#2419);
#2134=AXIS2_PLACEMENT_3D('',#2977,#2421,#2422);
#2135=AXIS2_PLACEMENT_3D('',#2981,#2425,#2426);
#2136=AXIS2_PLACEMENT_3D('',#2985,#2429,#2430);
#2137=AXIS2_PLACEMENT_3D('',#2989,#2433,#2434);
#2138=AXIS2_PLACEMENT_3D('',#2991,#2436,#2437);
#2139=AXIS2_PLACEMENT_3D('',#2992,#2438,#2439);
#2140=AXIS2_PLACEMENT_3D('',#2993,#2440,#2441);
#2141=AXIS2_PLACEMENT_3D('',#3002,#2446,#2447);
#2142=AXIS2_PLACEMENT_3D('',#3012,#2453,#2454);
#2143=AXIS2_PLACEMENT_3D('',#3016,#2457,#2458);
#2144=AXIS2_PLACEMENT_3D('',#3022,#2462,#2463);
#2145=AXIS2_PLACEMENT_3D('',#3024,#2465,#2466);
#2146=AXIS2_PLACEMENT_3D('',#3028,#2469,#2470);
#2147=AXIS2_PLACEMENT_3D('',#3030,#2472,#2473);
#2148=AXIS2_PLACEMENT_3D('',#3031,#2474,#2475);
#2149=AXIS2_PLACEMENT_3D('',#3033,#2476,#2477);
#2150=AXIS2_PLACEMENT_3D('',#3035,#2478,#2479);
#2151=AXIS2_PLACEMENT_3D('',#3036,#2480,#2481);
#2152=AXIS2_PLACEMENT_3D('',#3051,#2488,#2489);
#2153=AXIS2_PLACEMENT_3D('',#3060,#2494,#2495);
#2154=AXIS2_PLACEMENT_3D('',#3064,#2497,#2498);
#2155=AXIS2_PLACEMENT_3D('',#3068,#2500,#2501);
#2156=AXIS2_PLACEMENT_3D('',#3107,#2521,#2522);
#2157=AXIS2_PLACEMENT_3D('',#3108,#2523,#2524);
#2158=AXIS2_PLACEMENT_3D('',#3114,#2528,#2529);
#2159=AXIS2_PLACEMENT_3D('',#3118,#2532,#2533);
#2160=AXIS2_PLACEMENT_3D('',#3122,#2536,#2537);
#2161=AXIS2_PLACEMENT_3D('',#3126,#2540,#2541);
#2162=AXIS2_PLACEMENT_3D('',#3129,#2543,#2544);
#2163=AXIS2_PLACEMENT_3D('',#3130,#2545,#2546);
#2164=AXIS2_PLACEMENT_3D('',#3134,#2549,#2550);
#2165=AXIS2_PLACEMENT_3D('',#3137,#2552,#2553);
#2166=AXIS2_PLACEMENT_3D('',#3138,#2554,#2555);
#2167=AXIS2_PLACEMENT_3D('',#3142,#2558,#2559);
#2168=AXIS2_PLACEMENT_3D('',#3145,#2561,#2562);
#2169=AXIS2_PLACEMENT_3D('',#3146,#2563,#2564);
#2170=AXIS2_PLACEMENT_3D('',#3150,#2567,#2568);
#2171=AXIS2_PLACEMENT_3D('',#3154,#2570,#2571);
#2172=AXIS2_PLACEMENT_3D('',#3156,#2573,#2574);
#2173=AXIS2_PLACEMENT_3D('',#3160,#2577,#2578);
#2174=AXIS2_PLACEMENT_3D('',#3163,#2581,#2582);
#2175=AXIS2_PLACEMENT_3D('',#3167,#2585,#2586);
#2176=AXIS2_PLACEMENT_3D('',#3169,#2587,#2588);
#2177=AXIS2_PLACEMENT_3D('',#3172,#2590,#2591);
#2178=AXIS2_PLACEMENT_3D('',#3173,#2592,#2593);
#2179=AXIS2_PLACEMENT_3D('',#3175,#2594,#2595);
#2180=AXIS2_PLACEMENT_3D('',#3178,#2597,#2598);
#2181=AXIS2_PLACEMENT_3D('',#3179,#2599,#2600);
#2182=AXIS2_PLACEMENT_3D('',#3188,#2605,#2606);
#2183=AXIS2_PLACEMENT_3D('',#3194,#2610,#2611);
#2184=AXIS2_PLACEMENT_3D('',#3200,#2615,#2616);
#2185=AXIS2_PLACEMENT_3D('',#3203,#2619,#2620);
#2186=AXIS2_PLACEMENT_3D('',#3204,#2621,#2622);
#2187=AXIS2_PLACEMENT_3D('',#3213,#2627,#2628);
#2188=AXIS2_PLACEMENT_3D('',#3219,#2632,#2633);
#2189=AXIS2_PLACEMENT_3D('',#3225,#2637,#2638);
#2190=AXIS2_PLACEMENT_3D('',#3228,#2641,#2642);
#2191=AXIS2_PLACEMENT_3D('',#3229,#2643,#2644);
#2192=AXIS2_PLACEMENT_3D('',#3230,#2645,#2646);
#2193=AXIS2_PLACEMENT_3D('',#3231,#2647,#2648);
#2194=AXIS2_PLACEMENT_3D('',#3237,#2652,#2653);
#2195=AXIS2_PLACEMENT_3D('',#3239,#2655,#2656);
#2196=AXIS2_PLACEMENT_3D('',#3246,#2660,#2661);
#2197=AXIS2_PLACEMENT_3D('',#3247,#2662,#2663);
#2198=AXIS2_PLACEMENT_3D('',#3251,#2666,#2667);
#2199=AXIS2_PLACEMENT_3D('',#3254,#2669,#2670);
#2200=AXIS2_PLACEMENT_3D('',#3255,#2671,#2672);
#2201=AXIS2_PLACEMENT_3D('',#3257,#2674,#2675);
#2202=AXIS2_PLACEMENT_3D('',#3259,#2677,#2678);
#2203=AXIS2_PLACEMENT_3D('',#3261,#2680,#2681);
#2204=AXIS2_PLACEMENT_3D('',#3262,#2682,#2683);
#2205=AXIS2_PLACEMENT_3D('',#3264,#2685,#2686);
#2206=AXIS2_PLACEMENT_3D('',#3286,#2697,#2698);
#2207=AXIS2_PLACEMENT_3D('',#3287,#2699,#2700);
#2208=AXIS2_PLACEMENT_3D('',#3289,#2702,#2703);
#2209=AXIS2_PLACEMENT_3D('',#3290,#2704,#2705);
#2210=AXIS2_PLACEMENT_3D('',#3293,#2708,#2709);
#2211=AXIS2_PLACEMENT_3D('',#3295,#2711,#2712);
#2212=AXIS2_PLACEMENT_3D('',#3297,#2714,#2715);
#2213=AXIS2_PLACEMENT_3D('',#3299,#2717,#2718);
#2214=AXIS2_PLACEMENT_3D('',#3301,#2720,#2721);
#2215=AXIS2_PLACEMENT_3D('',#3303,#2723,#2724);
#2216=AXIS2_PLACEMENT_3D('',#3305,#2726,#2727);
#2217=AXIS2_PLACEMENT_3D('',#3307,#2729,#2730);
#2218=AXIS2_PLACEMENT_3D('',#3309,#2732,#2733);
#2219=AXIS2_PLACEMENT_3D('',#3310,#2734,#2735);
#2220=AXIS2_PLACEMENT_3D('',#3319,#2740,#2741);
#2221=AXIS2_PLACEMENT_3D('',#3325,#2745,#2746);
#2222=AXIS2_PLACEMENT_3D('',#3333,#2751,#2752);
#2223=AXIS2_PLACEMENT_3D('',#3339,#2756,#2757);
#2224=AXIS2_PLACEMENT_3D('',#3343,#2760,#2761);
#2225=AXIS2_PLACEMENT_3D('',#3345,#2763,#2764);
#2226=AXIS2_PLACEMENT_3D('',#3347,#2766,#2767);
#2227=DIRECTION('axis',(0.,0.,1.));
#2228=DIRECTION('refdir',(1.,0.,0.));
#2229=DIRECTION('center_axis',(1.,0.,0.));
#2230=DIRECTION('ref_axis',(0.,1.,0.));
#2231=DIRECTION('',(0.,1.,0.));
#2232=DIRECTION('',(0.,0.,1.));
#2233=DIRECTION('',(0.,1.,0.));
#2234=DIRECTION('',(0.,0.,-1.));
#2235=DIRECTION('center_axis',(0.,-1.,0.));
#2236=DIRECTION('ref_axis',(1.,0.,0.));
#2237=DIRECTION('',(-1.,0.,0.));
#2238=DIRECTION('',(0.,0.,-1.));
#2239=DIRECTION('',(-1.,0.,0.));
#2240=DIRECTION('',(0.,0.,1.));
#2241=DIRECTION('center_axis',(0.,0.,1.));
#2242=DIRECTION('ref_axis',(1.,0.,0.));
#2243=DIRECTION('center_axis',(0.,0.,1.));
#2244=DIRECTION('ref_axis',(1.,0.,0.));
#2245=DIRECTION('',(0.,0.,1.));
#2246=DIRECTION('center_axis',(0.,0.,1.));
#2247=DIRECTION('ref_axis',(1.,0.,0.));
#2248=DIRECTION('',(0.,0.,-1.));
#2249=DIRECTION('center_axis',(-2.19134751146495E-8,-1.,0.));
#2250=DIRECTION('ref_axis',(1.,-2.19134751146495E-8,0.));
#2251=DIRECTION('',(1.,-2.19134751146495E-8,0.));
#2252=DIRECTION('',(1.,-2.19134751146495E-8,0.));
#2253=DIRECTION('',(0.,0.,-1.));
#2254=DIRECTION('center_axis',(0.,0.,1.));
#2255=DIRECTION('ref_axis',(0.707106773438964,-0.707106788934131,0.));
#2256=DIRECTION('center_axis',(0.,0.,1.));
#2257=DIRECTION('ref_axis',(0.707106773438964,-0.707106788934131,0.));
#2258=DIRECTION('center_axis',(0.,0.,1.));
#2259=DIRECTION('ref_axis',(0.707106773438964,-0.707106788934131,0.));
#2260=DIRECTION('center_axis',(0.,0.,1.));
#2261=DIRECTION('ref_axis',(1.,0.,0.));
#2262=DIRECTION('',(0.499999999999999,-0.866025403784439,0.));
#2263=DIRECTION('',(1.,0.,0.));
#2264=DIRECTION('',(0.,-1.,0.));
#2265=DIRECTION('',(-1.,0.,0.));
#2266=DIRECTION('',(0.,1.,0.));
#2267=DIRECTION('',(1.,0.,0.));
#2268=DIRECTION('',(0.,1.,0.));
#2269=DIRECTION('',(1.,0.,0.));
#2270=DIRECTION('',(0.,1.,0.));
#2271=DIRECTION('',(1.,0.,0.));
#2272=DIRECTION('center_axis',(0.,0.,1.));
#2273=DIRECTION('ref_axis',(1.,0.,0.));
#2274=DIRECTION('center_axis',(0.,0.,1.));
#2275=DIRECTION('ref_axis',(1.,0.,0.));
#2276=DIRECTION('center_axis',(0.,0.,1.));
#2277=DIRECTION('ref_axis',(1.,0.,0.));
#2278=DIRECTION('center_axis',(-0.866025403784439,-0.499999999999999,0.));
#2279=DIRECTION('ref_axis',(0.499999999999999,-0.866025403784439,0.));
#2280=DIRECTION('',(-0.499999999999999,0.866025403784439,0.));
#2281=DIRECTION('',(0.,0.,1.));
#2282=DIRECTION('',(-0.499999999999999,0.866025403784439,0.));
#2283=DIRECTION('center_axis',(0.,-1.,0.));
#2284=DIRECTION('ref_axis',(1.,0.,0.));
#2285=DIRECTION('',(-1.,0.,0.));
#2286=DIRECTION('',(0.,0.,1.));
#2287=DIRECTION('',(-1.,0.,0.));
#2288=DIRECTION('center_axis',(-1.,0.,0.));
#2289=DIRECTION('ref_axis',(0.,-1.,0.));
#2290=DIRECTION('',(0.,-1.,0.));
#2291=DIRECTION('',(0.,0.,1.));
#2292=DIRECTION('',(0.,-1.,0.));
#2293=DIRECTION('',(0.,0.,-1.));
#2294=DIRECTION('center_axis',(-0.866025403784439,-0.499999999999999,0.));
#2295=DIRECTION('ref_axis',(0.499999999999999,-0.866025403784439,0.));
#2296=DIRECTION('',(-0.499999999999999,0.866025403784439,0.));
#2297=DIRECTION('',(0.,0.,-1.));
#2298=DIRECTION('',(-0.499999999999999,0.866025403784439,0.));
#2299=DIRECTION('center_axis',(1.,0.,0.));
#2300=DIRECTION('ref_axis',(0.,1.,0.));
#2301=DIRECTION('',(0.,-1.,0.));
#2302=DIRECTION('',(0.,0.,1.));
#2303=DIRECTION('',(0.,-1.,0.));
#2304=DIRECTION('center_axis',(0.,1.,0.));
#2305=DIRECTION('ref_axis',(-1.,0.,0.));
#2306=DIRECTION('',(-1.,0.,0.));
#2307=DIRECTION('',(0.,0.,1.));
#2308=DIRECTION('',(-1.,0.,0.));
#2309=DIRECTION('center_axis',(0.,0.,1.));
#2310=DIRECTION('ref_axis',(-0.981529002922584,0.191313398437743,0.));
#2311=DIRECTION('center_axis',(0.,0.,1.));
#2312=DIRECTION('ref_axis',(1.,0.,0.));
#2313=DIRECTION('',(0.,0.,1.));
#2314=DIRECTION('center_axis',(0.,0.,1.));
#2315=DIRECTION('ref_axis',(1.,0.,0.));
#2316=DIRECTION('center_axis',(0.,-1.,0.));
#2317=DIRECTION('ref_axis',(1.,0.,0.));
#2318=DIRECTION('',(-1.,0.,0.));
#2319=DIRECTION('',(0.,0.,1.));
#2320=DIRECTION('',(-1.,0.,0.));
#2321=DIRECTION('center_axis',(0.,0.,1.));
#2322=DIRECTION('ref_axis',(0.707106781186554,0.707106781186541,0.));
#2323=DIRECTION('center_axis',(0.,0.,1.));
#2324=DIRECTION('ref_axis',(0.707106781186554,0.707106781186541,0.));
#2325=DIRECTION('center_axis',(0.,0.,1.));
#2326=DIRECTION('ref_axis',(0.707106781186554,0.707106781186541,0.));
#2327=DIRECTION('center_axis',(0.,0.,-1.));
#2328=DIRECTION('ref_axis',(1.,0.,0.));
#2329=DIRECTION('',(0.,0.,1.));
#2330=DIRECTION('center_axis',(0.,0.,-1.));
#2331=DIRECTION('ref_axis',(1.,0.,0.));
#2332=DIRECTION('center_axis',(0.,0.,1.));
#2333=DIRECTION('ref_axis',(1.,0.,0.));
#2334=DIRECTION('',(1.,-2.19134751146495E-8,0.));
#2335=DIRECTION('',(0.514497742535215,-0.8574917334448,0.));
#2336=DIRECTION('center_axis',(0.,0.,1.));
#2337=DIRECTION('ref_axis',(1.,0.,0.));
#2338=DIRECTION('',(0.,-1.,0.));
#2339=DIRECTION('',(-1.,0.,0.));
#2340=DIRECTION('',(0.,-1.,0.));
#2341=DIRECTION('',(1.,0.,0.));
#2342=DIRECTION('',(0.,1.,0.));
#2343=DIRECTION('center_axis',(0.,0.,1.));
#2344=DIRECTION('ref_axis',(1.,0.,0.));
#2345=DIRECTION('center_axis',(0.,0.,1.));
#2346=DIRECTION('ref_axis',(1.,0.,0.));
#2347=DIRECTION('',(0.,0.,1.));
#2348=DIRECTION('center_axis',(0.,0.,-1.));
#2349=DIRECTION('ref_axis',(1.,0.,0.));
#2350=DIRECTION('center_axis',(0.,0.,1.));
#2351=DIRECTION('ref_axis',(1.,0.,0.));
#2352=DIRECTION('center_axis',(0.,0.,1.));
#2353=DIRECTION('ref_axis',(1.,0.,0.));
#2354=DIRECTION('',(0.,0.,-1.));
#2355=DIRECTION('center_axis',(0.,0.,1.));
#2356=DIRECTION('ref_axis',(1.,0.,0.));
#2357=DIRECTION('',(0.,0.,1.));
#2358=DIRECTION('center_axis',(0.,0.,-1.));
#2359=DIRECTION('ref_axis',(1.,0.,0.));
#2360=DIRECTION('center_axis',(0.,-1.,0.));
#2361=DIRECTION('ref_axis',(1.,0.,0.));
#2362=DIRECTION('',(1.,0.,0.));
#2363=DIRECTION('',(0.,0.,-1.));
#2364=DIRECTION('',(0.,0.,-1.));
#2365=DIRECTION('center_axis',(-1.,0.,0.));
#2366=DIRECTION('ref_axis',(0.,-1.,0.));
#2367=DIRECTION('',(0.,-1.,0.));
#2368=DIRECTION('',(0.,0.,-1.));
#2369=DIRECTION('',(0.,-1.,0.));
#2370=DIRECTION('center_axis',(1.,0.,0.));
#2371=DIRECTION('ref_axis',(0.,-1.,0.));
#2372=DIRECTION('center_axis',(-0.866025403784439,-0.499999999999999,0.));
#2373=DIRECTION('ref_axis',(0.499999999999999,-0.866025403784439,0.));
#2374=DIRECTION('',(0.499999999999999,-0.866025403784439,0.));
#2375=DIRECTION('',(0.,0.,-1.));
#2376=DIRECTION('center_axis',(1.,0.,0.));
#2377=DIRECTION('ref_axis',(0.,-1.,0.));
#2378=DIRECTION('',(1.,0.,0.));
#2379=DIRECTION('',(-1.,0.,0.));
#2380=DIRECTION('center_axis',(-1.,0.,0.));
#2381=DIRECTION('ref_axis',(0.,-1.,0.));
#2382=DIRECTION('center_axis',(0.,-1.,0.));
#2383=DIRECTION('ref_axis',(1.,0.,0.));
#2384=DIRECTION('',(1.,0.,0.));
#2385=DIRECTION('',(0.,0.,-1.));
#2386=DIRECTION('center_axis',(-1.,0.,0.));
#2387=DIRECTION('ref_axis',(0.,-1.,0.));
#2388=DIRECTION('',(0.,1.,0.));
#2389=DIRECTION('',(0.,1.,0.));
#2390=DIRECTION('',(0.,0.,1.));
#2391=DIRECTION('center_axis',(1.,0.,0.));
#2392=DIRECTION('ref_axis',(0.,1.,0.));
#2393=DIRECTION('',(0.,1.,0.));
#2394=DIRECTION('',(0.,0.,1.));
#2395=DIRECTION('center_axis',(0.,-1.,0.));
#2396=DIRECTION('ref_axis',(1.,0.,0.));
#2397=DIRECTION('',(1.,0.,0.));
#2398=DIRECTION('',(0.,0.,-1.));
#2399=DIRECTION('center_axis',(-0.8574917334448,-0.514497742535215,0.));
#2400=DIRECTION('ref_axis',(0.514497742535215,-0.8574917334448,0.));
#2401=DIRECTION('',(0.514497742535215,-0.8574917334448,0.));
#2402=DIRECTION('',(0.,0.,-1.));
#2403=DIRECTION('center_axis',(1.,0.,0.));
#2404=DIRECTION('ref_axis',(0.,1.,0.));
#2405=DIRECTION('',(0.,1.,0.));
#2406=DIRECTION('',(0.,0.,1.));
#2407=DIRECTION('center_axis',(-2.19134751146495E-8,-1.,0.));
#2408=DIRECTION('ref_axis',(1.,-2.19134751146495E-8,0.));
#2409=DIRECTION('',(1.,-2.19134751146495E-8,0.));
#2410=DIRECTION('center_axis',(0.,-1.,0.));
#2411=DIRECTION('ref_axis',(1.,0.,0.));
#2412=DIRECTION('',(1.,0.,0.));
#2413=DIRECTION('',(0.,0.,-1.));
#2414=DIRECTION('center_axis',(1.,0.,0.));
#2415=DIRECTION('ref_axis',(0.,1.,0.));
#2416=DIRECTION('',(0.,1.,0.));
#2417=DIRECTION('',(0.,0.,-1.));
#2418=DIRECTION('center_axis',(0.,1.,0.));
#2419=DIRECTION('ref_axis',(-1.,0.,0.));
#2420=DIRECTION('',(-1.,0.,0.));
#2421=DIRECTION('center_axis',(0.,1.,0.));
#2422=DIRECTION('ref_axis',(-1.,0.,0.));
#2423=DIRECTION('',(1.,0.,0.));
#2424=DIRECTION('',(0.,0.,1.));
#2425=DIRECTION('center_axis',(1.,0.,0.));
#2426=DIRECTION('ref_axis',(0.,1.,0.));
#2427=DIRECTION('',(0.,-1.,0.));
#2428=DIRECTION('',(0.,0.,1.));
#2429=DIRECTION('center_axis',(0.,-1.,0.));
#2430=DIRECTION('ref_axis',(1.,0.,0.));
#2431=DIRECTION('',(-1.,0.,0.));
#2432=DIRECTION('',(0.,0.,1.));
#2433=DIRECTION('center_axis',(1.,0.,0.));
#2434=DIRECTION('ref_axis',(0.,1.,0.));
#2435=DIRECTION('',(0.,-1.,0.));
#2436=DIRECTION('center_axis',(0.,0.,1.));
#2437=DIRECTION('ref_axis',(1.,0.,0.));
#2438=DIRECTION('center_axis',(0.,0.,1.));
#2439=DIRECTION('ref_axis',(1.,0.,0.));
#2440=DIRECTION('center_axis',(0.,-1.,0.));
#2441=DIRECTION('ref_axis',(1.,0.,0.));
#2442=DIRECTION('',(-1.,0.,0.));
#2443=DIRECTION('',(0.,0.,1.));
#2444=DIRECTION('',(-1.,0.,0.));
#2445=DIRECTION('',(0.,0.,1.));
#2446=DIRECTION('center_axis',(-1.,0.,0.));
#2447=DIRECTION('ref_axis',(0.,0.,-1.));
#2448=DIRECTION('',(0.,-1.,0.));
#2449=DIRECTION('',(0.,-1.,0.));
#2450=DIRECTION('',(0.,0.,1.));
#2451=DIRECTION('',(0.,-1.,0.));
#2452=DIRECTION('',(0.,0.,-1.));
#2453=DIRECTION('center_axis',(0.,0.,-1.));
#2454=DIRECTION('ref_axis',(1.,0.,0.));
#2455=DIRECTION('',(0.,-1.,0.));
#2456=DIRECTION('',(1.,0.,0.));
#2457=DIRECTION('center_axis',(0.,0.,-1.));
#2458=DIRECTION('ref_axis',(1.,0.,0.));
#2459=DIRECTION('',(-1.,0.,0.));
#2460=DIRECTION('',(0.,-1.,0.));
#2461=DIRECTION('',(1.,0.,0.));
#2462=DIRECTION('center_axis',(0.,-1.,0.));
#2463=DIRECTION('ref_axis',(1.,0.,0.));
#2464=DIRECTION('',(0.,0.,1.));
#2465=DIRECTION('center_axis',(0.,-1.,0.));
#2466=DIRECTION('ref_axis',(0.,0.,-1.));
#2467=DIRECTION('',(1.,0.,0.));
#2468=DIRECTION('',(0.,0.,1.));
#2469=DIRECTION('center_axis',(1.,0.,0.));
#2470=DIRECTION('ref_axis',(0.,0.,1.));
#2471=DIRECTION('',(0.,1.,0.));
#2472=DIRECTION('center_axis',(0.,0.,1.));
#2473=DIRECTION('ref_axis',(1.,0.,0.));
#2474=DIRECTION('center_axis',(0.,0.,1.));
#2475=DIRECTION('ref_axis',(1.,0.,0.));
#2476=DIRECTION('center_axis',(0.,0.,1.));
#2477=DIRECTION('ref_axis',(1.,0.,0.));
#2478=DIRECTION('center_axis',(0.,0.,-1.));
#2479=DIRECTION('ref_axis',(1.,0.,0.));
#2480=DIRECTION('center_axis',(0.,0.,1.));
#2481=DIRECTION('ref_axis',(1.,0.,0.));
#2482=DIRECTION('',(1.,0.,0.));
#2483=DIRECTION('',(0.,-1.,0.));
#2484=DIRECTION('',(-1.,0.,0.));
#2485=DIRECTION('',(0.,1.,0.));
#2486=DIRECTION('',(-1.,0.,0.));
#2487=DIRECTION('',(-0.499999999999999,0.866025403784439,0.));
#2488=DIRECTION('center_axis',(0.,0.,1.));
#2489=DIRECTION('ref_axis',(1.,0.,0.));
#2490=DIRECTION('',(1.,-2.19134751146495E-8,0.));
#2491=DIRECTION('',(0.514497742535215,-0.8574917334448,0.));
#2492=DIRECTION('',(0.,-1.,0.));
#2493=DIRECTION('',(-1.,0.,0.));
#2494=DIRECTION('center_axis',(0.,0.,1.));
#2495=DIRECTION('ref_axis',(0.707106781186554,0.707106781186541,0.));
#2496=DIRECTION('',(0.,1.,0.));
#2497=DIRECTION('center_axis',(0.,0.,1.));
#2498=DIRECTION('ref_axis',(0.707106773438964,-0.707106788934131,0.));
#2499=DIRECTION('',(1.,-2.19134751146495E-8,0.));
#2500=DIRECTION('center_axis',(0.,0.,1.));
#2501=DIRECTION('ref_axis',(1.,0.,0.));
#2502=DIRECTION('',(-0.499999999999999,0.866025403784439,0.));
#2503=DIRECTION('',(-1.,0.,0.));
#2504=DIRECTION('',(0.,-1.,0.));
#2505=DIRECTION('',(-1.,0.,0.));
#2506=DIRECTION('',(0.,-1.,0.));
#2507=DIRECTION('',(-1.,0.,0.));
#2508=DIRECTION('',(0.,-1.,0.));
#2509=DIRECTION('',(1.,0.,0.));
#2510=DIRECTION('',(0.,1.,0.));
#2511=DIRECTION('',(1.,0.,0.));
#2512=DIRECTION('',(0.,-1.,0.));
#2513=DIRECTION('',(-1.,0.,0.));
#2514=DIRECTION('',(0.,1.,0.));
#2515=DIRECTION('',(1.,0.,0.));
#2516=DIRECTION('',(0.,1.,0.));
#2517=DIRECTION('',(1.,0.,0.));
#2518=DIRECTION('',(0.,1.,0.));
#2519=DIRECTION('',(1.,0.,0.));
#2520=DIRECTION('',(0.499999999999999,-0.866025403784439,0.));
#2521=DIRECTION('center_axis',(0.,0.,-1.));
#2522=DIRECTION('ref_axis',(1.,0.,0.));
#2523=DIRECTION('center_axis',(0.,-1.,0.));
#2524=DIRECTION('ref_axis',(1.,0.,0.));
#2525=DIRECTION('',(0.,0.,1.));
#2526=DIRECTION('',(1.,0.,0.));
#2527=DIRECTION('',(0.,0.,1.));
#2528=DIRECTION('center_axis',(1.,0.,0.));
#2529=DIRECTION('ref_axis',(0.,1.,0.));
#2530=DIRECTION('',(0.,0.,1.));
#2531=DIRECTION('',(0.,1.,0.));
#2532=DIRECTION('center_axis',(0.,-1.,0.));
#2533=DIRECTION('ref_axis',(1.,0.,0.));
#2534=DIRECTION('',(0.,0.,1.));
#2535=DIRECTION('',(1.,0.,0.));
#2536=DIRECTION('center_axis',(-0.866025403784439,-0.499999999999999,0.));
#2537=DIRECTION('ref_axis',(0.499999999999999,-0.866025403784439,0.));
#2538=DIRECTION('',(0.,0.,1.));
#2539=DIRECTION('',(0.499999999999999,-0.866025403784439,0.));
#2540=DIRECTION('center_axis',(0.,0.,1.));
#2541=DIRECTION('ref_axis',(1.,0.,0.));
#2542=DIRECTION('',(0.,0.,-1.));
#2543=DIRECTION('center_axis',(0.,0.,-1.));
#2544=DIRECTION('ref_axis',(1.,0.,0.));
#2545=DIRECTION('center_axis',(-2.19134751146495E-8,-1.,0.));
#2546=DIRECTION('ref_axis',(1.,-2.19134751146495E-8,0.));
#2547=DIRECTION('',(0.,0.,-1.));
#2548=DIRECTION('',(-1.,2.19134751146495E-8,0.));
#2549=DIRECTION('center_axis',(0.,0.,1.));
#2550=DIRECTION('ref_axis',(0.707106773438964,-0.707106788934131,0.));
#2551=DIRECTION('',(0.,0.,1.));
#2552=DIRECTION('center_axis',(0.,0.,-1.));
#2553=DIRECTION('ref_axis',(0.707106773438964,-0.707106788934131,0.));
#2554=DIRECTION('center_axis',(1.,0.,0.));
#2555=DIRECTION('ref_axis',(0.,1.,0.));
#2556=DIRECTION('',(0.,0.,-1.));
#2557=DIRECTION('',(0.,-1.,0.));
#2558=DIRECTION('center_axis',(0.,0.,1.));
#2559=DIRECTION('ref_axis',(0.707106781186554,0.707106781186541,0.));
#2560=DIRECTION('',(0.,0.,1.));
#2561=DIRECTION('center_axis',(0.,0.,-1.));
#2562=DIRECTION('ref_axis',(0.707106781186554,0.707106781186541,0.));
#2563=DIRECTION('center_axis',(0.,1.,0.));
#2564=DIRECTION('ref_axis',(-1.,0.,0.));
#2565=DIRECTION('',(0.,0.,1.));
#2566=DIRECTION('',(1.,0.,0.));
#2567=DIRECTION('center_axis',(0.,0.,1.));
#2568=DIRECTION('ref_axis',(-0.981529002922584,0.191313398437743,0.));
#2569=DIRECTION('',(0.,0.,-1.));
#2570=DIRECTION('center_axis',(0.,0.,-1.));
#2571=DIRECTION('ref_axis',(1.,0.,0.));
#2572=DIRECTION('',(0.,0.,1.));
#2573=DIRECTION('center_axis',(-0.866025403784439,-0.499999999999999,0.));
#2574=DIRECTION('ref_axis',(0.499999999999999,-0.866025403784439,0.));
#2575=DIRECTION('',(0.,0.,-1.));
#2576=DIRECTION('',(0.499999999999999,-0.866025403784439,0.));
#2577=DIRECTION('center_axis',(-1.,0.,0.));
#2578=DIRECTION('ref_axis',(0.,-1.,0.));
#2579=DIRECTION('',(0.,0.,-1.));
#2580=DIRECTION('',(0.,1.,0.));
#2581=DIRECTION('center_axis',(0.,-1.,0.));
#2582=DIRECTION('ref_axis',(1.,0.,0.));
#2583=DIRECTION('',(0.,0.,1.));
#2584=DIRECTION('',(1.,0.,0.));
#2585=DIRECTION('center_axis',(-1.,0.,0.));
#2586=DIRECTION('ref_axis',(0.,0.,-1.));
#2587=DIRECTION('center_axis',(-1.,0.,0.));
#2588=DIRECTION('ref_axis',(0.,0.,-1.));
#2589=DIRECTION('',(-1.,0.,0.));
#2590=DIRECTION('center_axis',(1.,0.,0.));
#2591=DIRECTION('ref_axis',(0.,0.,-1.));
#2592=DIRECTION('center_axis',(-1.,0.,0.));
#2593=DIRECTION('ref_axis',(0.,0.,-1.));
#2594=DIRECTION('center_axis',(-1.,0.,0.));
#2595=DIRECTION('ref_axis',(0.,0.,-1.));
#2596=DIRECTION('',(-1.,0.,0.));
#2597=DIRECTION('center_axis',(1.,0.,0.));
#2598=DIRECTION('ref_axis',(0.,0.,-1.));
#2599=DIRECTION('center_axis',(0.,-1.,0.));
#2600=DIRECTION('ref_axis',(1.,0.,0.));
#2601=DIRECTION('',(-1.,0.,0.));
#2602=DIRECTION('',(0.,0.,1.));
#2603=DIRECTION('',(1.,0.,0.));
#2604=DIRECTION('',(0.,0.,1.));
#2605=DIRECTION('center_axis',(-1.,0.,0.));
#2606=DIRECTION('ref_axis',(0.,-1.,0.));
#2607=DIRECTION('',(0.,1.,0.));
#2608=DIRECTION('',(0.,-1.,0.));
#2609=DIRECTION('',(0.,0.,1.));
#2610=DIRECTION('center_axis',(0.,1.,0.));
#2611=DIRECTION('ref_axis',(-1.,0.,0.));
#2612=DIRECTION('',(1.,0.,0.));
#2613=DIRECTION('',(-1.,0.,0.));
#2614=DIRECTION('',(0.,0.,1.));
#2615=DIRECTION('center_axis',(1.,0.,0.));
#2616=DIRECTION('ref_axis',(0.,1.,0.));
#2617=DIRECTION('',(0.,-1.,0.));
#2618=DIRECTION('',(0.,1.,0.));
#2619=DIRECTION('center_axis',(0.,0.,1.));
#2620=DIRECTION('ref_axis',(1.,0.,0.));
#2621=DIRECTION('center_axis',(-5.79246795456603E-16,1.,0.));
#2622=DIRECTION('ref_axis',(1.,5.79246795456603E-16,0.));
#2623=DIRECTION('',(1.,5.79246795456603E-16,0.));
#2624=DIRECTION('',(0.,0.,-1.));
#2625=DIRECTION('',(-1.,-5.79246795456603E-16,0.));
#2626=DIRECTION('',(0.,0.,-1.));
#2627=DIRECTION('center_axis',(-1.,6.34413156928661E-16,0.));
#2628=DIRECTION('ref_axis',(6.34413156928661E-16,1.,0.));
#2629=DIRECTION('',(6.34413156928661E-16,1.,0.));
#2630=DIRECTION('',(0.,0.,-1.));
#2631=DIRECTION('',(-6.34413156928661E-16,-1.,0.));
#2632=DIRECTION('center_axis',(0.,-1.,0.));
#2633=DIRECTION('ref_axis',(-1.,0.,0.));
#2634=DIRECTION('',(-1.,0.,0.));
#2635=DIRECTION('',(0.,0.,-1.));
#2636=DIRECTION('',(1.,0.,0.));
#2637=DIRECTION('center_axis',(1.,0.,0.));
#2638=DIRECTION('ref_axis',(0.,-1.,0.));
#2639=DIRECTION('',(0.,-1.,0.));
#2640=DIRECTION('',(0.,1.,0.));
#2641=DIRECTION('center_axis',(1.,0.,0.));
#2642=DIRECTION('ref_axis',(0.,-1.,0.));
#2643=DIRECTION('center_axis',(-1.,0.,0.));
#2644=DIRECTION('ref_axis',(0.,-1.,0.));
#2645=DIRECTION('center_axis',(1.,0.,0.));
#2646=DIRECTION('ref_axis',(0.,-1.,0.));
#2647=DIRECTION('center_axis',(0.,-1.,0.));
#2648=DIRECTION('ref_axis',(1.,0.,0.));
#2649=DIRECTION('',(0.,0.,1.));
#2650=DIRECTION('',(1.,0.,0.));
#2651=DIRECTION('',(0.,0.,1.));
#2652=DIRECTION('center_axis',(1.,0.,0.));
#2653=DIRECTION('ref_axis',(0.,1.,0.));
#2654=DIRECTION('',(0.,1.,0.));
#2655=DIRECTION('center_axis',(0.,0.,1.));
#2656=DIRECTION('ref_axis',(1.,0.,0.));
#2657=DIRECTION('',(0.,-1.,0.));
#2658=DIRECTION('',(-1.,0.,0.));
#2659=DIRECTION('',(0.,1.,0.));
#2660=DIRECTION('center_axis',(0.,0.,-1.));
#2661=DIRECTION('ref_axis',(1.,0.,0.));
#2662=DIRECTION('center_axis',(0.,0.,1.));
#2663=DIRECTION('ref_axis',(1.,0.,0.));
#2664=DIRECTION('',(-0.514497742535215,0.8574917334448,0.));
#2665=DIRECTION('',(-1.,2.19134751146495E-8,0.));
#2666=DIRECTION('center_axis',(0.,0.,1.));
#2667=DIRECTION('ref_axis',(1.,0.,0.));
#2668=DIRECTION('',(0.,0.,1.));
#2669=DIRECTION('center_axis',(0.,0.,-1.));
#2670=DIRECTION('ref_axis',(1.,0.,0.));
#2671=DIRECTION('center_axis',(0.,0.,1.));
#2672=DIRECTION('ref_axis',(1.,0.,0.));
#2673=DIRECTION('',(0.,0.,-1.));
#2674=DIRECTION('center_axis',(1.,0.,0.));
#2675=DIRECTION('ref_axis',(0.,1.,0.));
#2676=DIRECTION('',(0.,0.,1.));
#2677=DIRECTION('center_axis',(0.,1.,0.));
#2678=DIRECTION('ref_axis',(-1.,0.,0.));
#2679=DIRECTION('',(0.,0.,1.));
#2680=DIRECTION('center_axis',(-1.,0.,0.));
#2681=DIRECTION('ref_axis',(0.,-1.,0.));
#2682=DIRECTION('center_axis',(-0.8574917334448,-0.514497742535215,0.));
#2683=DIRECTION('ref_axis',(0.514497742535215,-0.8574917334448,0.));
#2684=DIRECTION('',(0.,0.,-1.));
#2685=DIRECTION('center_axis',(0.,0.,1.));
#2686=DIRECTION('ref_axis',(1.,0.,0.));
#2687=DIRECTION('',(-0.499999999999999,0.866025403784439,0.));
#2688=DIRECTION('',(-1.,0.,0.));
#2689=DIRECTION('',(0.,-1.,0.));
#2690=DIRECTION('',(-1.,0.,0.));
#2691=DIRECTION('',(0.,-1.,0.));
#2692=DIRECTION('',(-1.,0.,0.));
#2693=DIRECTION('',(0.,-1.,0.));
#2694=DIRECTION('',(1.,0.,0.));
#2695=DIRECTION('',(0.,1.,0.));
#2696=DIRECTION('',(-1.,0.,0.));
#2697=DIRECTION('center_axis',(0.,0.,-1.));
#2698=DIRECTION('ref_axis',(1.,0.,0.));
#2699=DIRECTION('center_axis',(0.,0.,1.));
#2700=DIRECTION('ref_axis',(1.,0.,0.));
#2701=DIRECTION('',(0.,0.,1.));
#2702=DIRECTION('center_axis',(-2.19134751146495E-8,-1.,0.));
#2703=DIRECTION('ref_axis',(1.,-2.19134751146495E-8,0.));
#2704=DIRECTION('center_axis',(0.,-1.,0.));
#2705=DIRECTION('ref_axis',(1.,0.,0.));
#2706=DIRECTION('',(0.,0.,-1.));
#2707=DIRECTION('',(0.,0.,-1.));
#2708=DIRECTION('center_axis',(-1.,0.,0.));
#2709=DIRECTION('ref_axis',(0.,-1.,0.));
#2710=DIRECTION('',(0.,0.,-1.));
#2711=DIRECTION('center_axis',(0.,1.,0.));
#2712=DIRECTION('ref_axis',(-1.,0.,0.));
#2713=DIRECTION('',(0.,0.,-1.));
#2714=DIRECTION('center_axis',(1.,0.,0.));
#2715=DIRECTION('ref_axis',(0.,1.,0.));
#2716=DIRECTION('',(0.,0.,-1.));
#2717=DIRECTION('center_axis',(0.,-1.,0.));
#2718=DIRECTION('ref_axis',(1.,0.,0.));
#2719=DIRECTION('',(0.,0.,1.));
#2720=DIRECTION('center_axis',(1.,0.,0.));
#2721=DIRECTION('ref_axis',(0.,1.,0.));
#2722=DIRECTION('',(0.,0.,-1.));
#2723=DIRECTION('center_axis',(0.,-1.,0.));
#2724=DIRECTION('ref_axis',(1.,0.,0.));
#2725=DIRECTION('',(0.,0.,1.));
#2726=DIRECTION('center_axis',(1.,0.,0.));
#2727=DIRECTION('ref_axis',(0.,1.,0.));
#2728=DIRECTION('',(0.,0.,-1.));
#2729=DIRECTION('center_axis',(0.,-1.,0.));
#2730=DIRECTION('ref_axis',(1.,0.,0.));
#2731=DIRECTION('',(0.,0.,-1.));
#2732=DIRECTION('center_axis',(-0.866025403784439,-0.499999999999999,0.));
#2733=DIRECTION('ref_axis',(0.499999999999999,-0.866025403784439,0.));
#2734=DIRECTION('center_axis',(0.,0.,1.));
#2735=DIRECTION('ref_axis',(1.,0.,0.));
#2736=DIRECTION('',(1.,0.,0.));
#2737=DIRECTION('',(0.,-1.,0.));
#2738=DIRECTION('',(-1.,0.,0.));
#2739=DIRECTION('',(0.,1.,0.));
#2740=DIRECTION('center_axis',(0.,-1.,0.));
#2741=DIRECTION('ref_axis',(1.,0.,0.));
#2742=DIRECTION('',(0.,0.,1.));
#2743=DIRECTION('',(1.,0.,0.));
#2744=DIRECTION('',(0.,0.,1.));
#2745=DIRECTION('center_axis',(-1.,0.,0.));
#2746=DIRECTION('ref_axis',(0.,0.,-1.));
#2747=DIRECTION('',(0.,0.,-1.));
#2748=DIRECTION('',(0.,-1.,0.));
#2749=DIRECTION('',(0.,0.,1.));
#2750=DIRECTION('',(0.,-1.,0.));
#2751=DIRECTION('center_axis',(0.,-1.,0.));
#2752=DIRECTION('ref_axis',(1.,0.,0.));
#2753=DIRECTION('',(-1.,0.,0.));
#2754=DIRECTION('',(1.,0.,0.));
#2755=DIRECTION('',(0.,0.,1.));
#2756=DIRECTION('center_axis',(0.,0.,1.));
#2757=DIRECTION('ref_axis',(-1.,0.,0.));
#2758=DIRECTION('',(-1.,0.,0.));
#2759=DIRECTION('',(0.,-1.,0.));
#2760=DIRECTION('center_axis',(0.,-1.,0.));
#2761=DIRECTION('ref_axis',(0.,0.,-1.));
#2762=DIRECTION('',(0.,0.,1.));
#2763=DIRECTION('center_axis',(0.,0.,1.));
#2764=DIRECTION('ref_axis',(-1.,0.,0.));
#2765=DIRECTION('',(0.,-1.,0.));
#2766=DIRECTION('center_axis',(1.,0.,0.));
#2767=DIRECTION('ref_axis',(0.,0.,1.));
#2768=CARTESIAN_POINT('',(0.,0.,0.));
#2769=CARTESIAN_POINT('Origin',(-57.0000008493662,-12.0000001788139,0.));
#2770=CARTESIAN_POINT('',(-57.0000008493662,-11.5000001678572,0.));
#2771=CARTESIAN_POINT('',(-57.0000008493662,-11.0000001639128,0.));
#2772=CARTESIAN_POINT('',(-57.0000008493662,-17.000000089407,0.));
#2773=CARTESIAN_POINT('',(-57.0000008493662,-11.5000001678572,-6.));
#2774=CARTESIAN_POINT('',(-57.0000008493662,-11.5000001678572,0.));
#2775=CARTESIAN_POINT('',(-57.0000008493662,-11.0000001639128,-6.));
#2776=CARTESIAN_POINT('',(-57.0000008493662,-16.250000089407,-6.));
#2777=CARTESIAN_POINT('',(-57.0000008493662,-11.0000001639128,0.));
#2778=CARTESIAN_POINT('Origin',(-90.,-11.,0.));
#2779=CARTESIAN_POINT('',(-78.,-11.,0.));
#2780=CARTESIAN_POINT('',(-90.,-11.,0.));
#2781=CARTESIAN_POINT('',(-67.5,-11.,0.));
#2782=CARTESIAN_POINT('',(-78.,-11.,-6.));
#2783=CARTESIAN_POINT('',(-78.,-11.,0.));
#2784=CARTESIAN_POINT('',(-90.,-11.,-6.));
#2785=CARTESIAN_POINT('',(-67.5,-11.,-6.));
#2786=CARTESIAN_POINT('',(-90.,-11.,0.));
#2787=CARTESIAN_POINT('Origin',(-74.,-13.5,0.));
#2788=CARTESIAN_POINT('',(-75.7173095345894,-14.9537358640442,0.));
#2789=CARTESIAN_POINT('',(-72.3229491572691,-11.9999998430349,0.));
#2790=CARTESIAN_POINT('Origin',(-74.,-13.5,0.));
#2791=CARTESIAN_POINT('',(-75.7173095345894,-14.9537358640442,-6.));
#2792=CARTESIAN_POINT('',(-75.7173095345894,-14.9537358640442,0.));
#2793=CARTESIAN_POINT('',(-72.3229491572691,-11.9999998430349,-6.));
#2794=CARTESIAN_POINT('Origin',(-74.,-13.5,-6.));
#2795=CARTESIAN_POINT('',(-72.3229491572691,-11.9999998430349,0.));
#2796=CARTESIAN_POINT('Origin',(-77.3999982699752,-11.9999997317791,0.));
#2797=CARTESIAN_POINT('',(-57.5000008603229,-12.0000001678572,0.));
#2798=CARTESIAN_POINT('',(-61.1999990254202,-12.0000000867774,0.));
#2799=CARTESIAN_POINT('',(-57.5000008603229,-12.0000001678572,-6.));
#2800=CARTESIAN_POINT('',(-61.1999990418553,-12.0000000867774,-6.));
#2801=CARTESIAN_POINT('',(-57.5000008603229,-12.0000001678572,0.));
#2802=CARTESIAN_POINT('Origin',(-57.5000008493662,-11.5000001678572,0.));
#2803=CARTESIAN_POINT('Origin',(-57.5000008493662,-11.5000001678572,0.));
#2804=CARTESIAN_POINT('Origin',(-57.5000008493662,-11.5000001678572,-6.));
#2805=CARTESIAN_POINT('Origin',(-26.0000003874302,-17.,-8.));
#2806=CARTESIAN_POINT('',(-61.8341924626905,-43.,-8.));
#2807=CARTESIAN_POINT('',(-79.1547005383792,-13.,-8.));
#2808=CARTESIAN_POINT('',(-64.8899864357365,-37.7072095812216,-8.));
#2809=CARTESIAN_POINT('',(-92.,-13.,-8.));
#2810=CARTESIAN_POINT('',(-61.5,-13.,-8.));
#2811=CARTESIAN_POINT('',(-92.,2.,-8.));
#2812=CARTESIAN_POINT('',(-92.,-15.75,-8.));
#2813=CARTESIAN_POINT('',(2.,2.,-8.));
#2814=CARTESIAN_POINT('',(-67.5,2.,-8.));
#2815=CARTESIAN_POINT('',(2.,-13.,-8.));
#2816=CARTESIAN_POINT('',(2.,-10.25,-8.));
#2817=CARTESIAN_POINT('',(-12.,-13.,-8.));
#2818=CARTESIAN_POINT('',(-22.5,-13.,-8.));
#2819=CARTESIAN_POINT('',(-12.,-27.000000372529,-8.));
#2820=CARTESIAN_POINT('',(-12.,-15.75,-8.));
#2821=CARTESIAN_POINT('',(-34.,-27.000000372529,-8.));
#2822=CARTESIAN_POINT('',(-29.5,-27.000000372529,-8.));
#2823=CARTESIAN_POINT('',(-34.,-43.,-8.));
#2824=CARTESIAN_POINT('',(-34.,-22.7500001862645,-8.));
#2825=CARTESIAN_POINT('',(-40.5,-43.,-8.));
#2826=CARTESIAN_POINT('',(-75.25,-13.5,-8.));
#2827=CARTESIAN_POINT('Origin',(-74.,-13.5,-8.));
#2828=CARTESIAN_POINT('',(-54.5,-22.,-8.));
#2829=CARTESIAN_POINT('Origin',(-53.,-22.,-8.));
#2830=CARTESIAN_POINT('',(-27.2500003874302,-17.,-8.));
#2831=CARTESIAN_POINT('Origin',(-26.0000003874302,-17.,-8.));
#2832=CARTESIAN_POINT('Origin',(-78.,-11.,0.));
#2833=CARTESIAN_POINT('',(-60.6794919243113,-41.,0.));
#2834=CARTESIAN_POINT('',(-71.4934301395928,-22.2697095812216,0.));
#2835=CARTESIAN_POINT('',(-60.6794919243113,-41.,-6.));
#2836=CARTESIAN_POINT('',(-60.6794919243113,-41.,0.));
#2837=CARTESIAN_POINT('',(-71.818189666012,-21.7072095812216,-6.));
#2838=CARTESIAN_POINT('Origin',(-60.6794919243113,-41.,0.));
#2839=CARTESIAN_POINT('',(-36.,-41.,0.));
#2840=CARTESIAN_POINT('',(-52.8397459621556,-41.,0.));
#2841=CARTESIAN_POINT('',(-36.,-41.,-6.));
#2842=CARTESIAN_POINT('',(-36.,-41.,0.));
#2843=CARTESIAN_POINT('',(-52.8397459621556,-41.,-6.));
#2844=CARTESIAN_POINT('Origin',(-78.0000011622906,-10.5000001639128,0.));
#2845=CARTESIAN_POINT('',(-78.0000011622906,-10.5000001639128,0.));
#2846=CARTESIAN_POINT('',(-78.0000011622906,-16.2500000819564,0.));
#2847=CARTESIAN_POINT('',(-78.0000011622906,-10.5000001639128,-6.));
#2848=CARTESIAN_POINT('',(-78.0000011622906,-10.5000001639128,0.));
#2849=CARTESIAN_POINT('',(-78.0000011622906,-15.5000000819564,-6.));
#2850=CARTESIAN_POINT('',(-78.,-11.,0.));
#2851=CARTESIAN_POINT('Origin',(-78.,-11.,0.));
#2852=CARTESIAN_POINT('',(-76.1176269559495,-14.2603657510935,0.));
#2853=CARTESIAN_POINT('',(-71.4934301395928,-22.2697095812216,0.));
#2854=CARTESIAN_POINT('',(-76.1176269559495,-14.2603657510935,-6.));
#2855=CARTESIAN_POINT('',(-76.1176269559495,-14.2603657510935,0.));
#2856=CARTESIAN_POINT('',(-71.818189666012,-21.7072095812216,-6.));
#2857=CARTESIAN_POINT('Origin',(-36.,-41.,0.));
#2858=CARTESIAN_POINT('',(-36.,-25.000000372529,0.));
#2859=CARTESIAN_POINT('',(-36.,-31.5,0.));
#2860=CARTESIAN_POINT('',(-36.,-25.000000372529,-6.));
#2861=CARTESIAN_POINT('',(-36.,-25.000000372529,0.));
#2862=CARTESIAN_POINT('',(-36.,-30.75,-6.));
#2863=CARTESIAN_POINT('Origin',(-57.0000008493662,-10.5000001639128,0.));
#2864=CARTESIAN_POINT('',(-57.5000008493662,-10.5000001639128,0.));
#2865=CARTESIAN_POINT('',(-51.0000004246831,-10.5000001639128,0.));
#2866=CARTESIAN_POINT('',(-57.5000008493662,-10.5000001639128,-6.));
#2867=CARTESIAN_POINT('',(-57.5000008493662,-10.5000001639128,0.));
#2868=CARTESIAN_POINT('',(-51.0000004246831,-10.5000001639128,-6.));
#2869=CARTESIAN_POINT('Origin',(-74.,-13.5,0.));
#2870=CARTESIAN_POINT('',(-75.6770507769905,-11.9999997695349,0.));
#2871=CARTESIAN_POINT('Origin',(-74.,-13.5,0.));
#2872=CARTESIAN_POINT('',(-75.6770507769905,-11.9999997695349,-6.));
#2873=CARTESIAN_POINT('',(-75.6770507769905,-11.9999997695349,0.));
#2874=CARTESIAN_POINT('Origin',(-74.,-13.5,-6.));
#2875=CARTESIAN_POINT('Origin',(-36.,-25.000000372529,0.));
#2876=CARTESIAN_POINT('',(-14.,-25.000000372529,0.));
#2877=CARTESIAN_POINT('',(-40.5,-25.000000372529,0.));
#2878=CARTESIAN_POINT('',(-14.,-25.000000372529,-6.));
#2879=CARTESIAN_POINT('',(-14.,-25.000000372529,0.));
#2880=CARTESIAN_POINT('',(-40.5,-25.000000372529,-6.));
#2881=CARTESIAN_POINT('Origin',(-57.5000008493662,-11.0000001639128,0.));
#2882=CARTESIAN_POINT('Origin',(-57.5000008493662,-11.0000001639128,0.));
#2883=CARTESIAN_POINT('Origin',(-57.5000008493662,-11.0000001639128,-6.));
#2884=CARTESIAN_POINT('Origin',(-53.,-22.,-6.));
#2885=CARTESIAN_POINT('',(-54.5,-22.,-6.));
#2886=CARTESIAN_POINT('',(-54.5,-22.,-6.));
#2887=CARTESIAN_POINT('Origin',(-53.,-22.,-6.));
#2888=CARTESIAN_POINT('Origin',(-45.,-20.5,-6.));
#2889=CARTESIAN_POINT('',(-77.3999982699752,-11.9999997317791,-6.));
#2890=CARTESIAN_POINT('',(-61.1999990418553,-12.0000000867774,-6.));
#2891=CARTESIAN_POINT('',(-71.5367268326711,-21.7720674645878,-6.));
#2892=CARTESIAN_POINT('Origin',(-45.,-20.5,-6.));
#2893=CARTESIAN_POINT('',(-14.,-11.,-6.));
#2894=CARTESIAN_POINT('',(-14.,-22.7500001862645,-6.));
#2895=CARTESIAN_POINT('',(0.,-11.,-6.));
#2896=CARTESIAN_POINT('',(-29.5,-11.,-6.));
#2897=CARTESIAN_POINT('',(0.,0.,-6.));
#2898=CARTESIAN_POINT('',(0.,-15.75,-6.));
#2899=CARTESIAN_POINT('',(-90.,0.,-6.));
#2900=CARTESIAN_POINT('',(-22.5,0.,-6.));
#2901=CARTESIAN_POINT('',(-90.,-10.25,-6.));
#2902=CARTESIAN_POINT('',(-28.2500003874302,-17.,-6.));
#2903=CARTESIAN_POINT('Origin',(-26.0000003874302,-17.,-6.));
#2904=CARTESIAN_POINT('Origin',(-74.,-13.5,0.));
#2905=CARTESIAN_POINT('',(-75.25,-13.5,0.));
#2906=CARTESIAN_POINT('',(-75.25,-13.5,0.));
#2907=CARTESIAN_POINT('Origin',(-74.,-13.5,0.));
#2908=CARTESIAN_POINT('Origin',(-26.0000003874302,-17.,0.));
#2909=CARTESIAN_POINT('',(-28.2500003874302,-17.,0.));
#2910=CARTESIAN_POINT('Origin',(-26.0000003874302,-17.,0.));
#2911=CARTESIAN_POINT('',(-28.2500003874302,-17.,0.));
#2912=CARTESIAN_POINT('Origin',(-26.0000003874302,-17.,0.));
#2913=CARTESIAN_POINT('',(-27.2500003874302,-17.,0.));
#2914=CARTESIAN_POINT('',(-27.2500003874302,-17.,0.));
#2915=CARTESIAN_POINT('Origin',(-26.0000003874302,-17.,0.));
#2916=CARTESIAN_POINT('Origin',(-90.,-13.,0.));
#2917=CARTESIAN_POINT('',(-92.,-13.,0.));
#2918=CARTESIAN_POINT('',(-79.1547005383792,-13.,0.));
#2919=CARTESIAN_POINT('',(-67.5,-13.,0.));
#2920=CARTESIAN_POINT('',(-92.,-13.,0.));
#2921=CARTESIAN_POINT('',(-79.1547005383792,-13.,0.));
#2922=CARTESIAN_POINT('Origin',(-92.,0.,0.));
#2923=CARTESIAN_POINT('',(-92.,2.,0.));
#2924=CARTESIAN_POINT('',(-92.,-1.5,0.));
#2925=CARTESIAN_POINT('',(-92.,-11.,0.));
#2926=CARTESIAN_POINT('',(-92.,2.,0.));
#2927=CARTESIAN_POINT('',(-92.,-9.5,2.31296463463574E-16));
#2928=CARTESIAN_POINT('',(-92.,-11.,0.));
#2929=CARTESIAN_POINT('Origin',(-92.,-5.5,2.31296463463574E-16));
#2930=CARTESIAN_POINT('Origin',(-79.7320508075689,-12.,0.));
#2931=CARTESIAN_POINT('',(-61.8341924626905,-43.,0.));
#2932=CARTESIAN_POINT('',(-73.2254809471617,-23.2697095812216,0.));
#2933=CARTESIAN_POINT('',(-61.8341924626905,-43.,0.));
#2934=CARTESIAN_POINT('Origin',(-90.9,-5.5,2.31296463463574E-16));
#2935=CARTESIAN_POINT('',(-90.,-1.5,-2.58562256195367E-16));
#2936=CARTESIAN_POINT('',(-90.9,-1.5,0.));
#2937=CARTESIAN_POINT('',(-90.,-9.5,0.));
#2938=CARTESIAN_POINT('',(-90.9,-9.5,0.));
#2939=CARTESIAN_POINT('Origin',(-90.,-5.5,2.31296463463574E-16));
#2940=CARTESIAN_POINT('Origin',(-60.6794919243113,-43.,0.));
#2941=CARTESIAN_POINT('',(-34.,-43.,0.));
#2942=CARTESIAN_POINT('',(-52.8397459621556,-43.,0.));
#2943=CARTESIAN_POINT('',(-34.,-43.,0.));
#2944=CARTESIAN_POINT('Origin',(-90.,0.,0.));
#2945=CARTESIAN_POINT('',(-90.,0.,0.));
#2946=CARTESIAN_POINT('',(-90.,-11.,0.));
#2947=CARTESIAN_POINT('',(-90.,-11.,0.));
#2948=CARTESIAN_POINT('',(-90.,0.,0.));
#2949=CARTESIAN_POINT('Origin',(-34.,-41.,0.));
#2950=CARTESIAN_POINT('',(-34.,-27.000000372529,0.));
#2951=CARTESIAN_POINT('',(-34.,-31.5,0.));
#2952=CARTESIAN_POINT('',(-34.,-27.000000372529,0.));
#2953=CARTESIAN_POINT('Origin',(-36.,-27.000000372529,0.));
#2954=CARTESIAN_POINT('',(-12.,-27.000000372529,0.));
#2955=CARTESIAN_POINT('',(-40.5,-27.000000372529,0.));
#2956=CARTESIAN_POINT('',(-12.,-27.000000372529,0.));
#2957=CARTESIAN_POINT('Origin',(-78.0000011622906,-11.0000001639128,0.));
#2958=CARTESIAN_POINT('',(-77.3999982699752,-11.9999997317791,0.));
#2959=CARTESIAN_POINT('',(-71.2058436618461,-22.3235365192824,0.));
#2960=CARTESIAN_POINT('',(-77.3999982699752,-11.9999997317791,0.));
#2961=CARTESIAN_POINT('Origin',(-12.,-25.000000372529,0.));
#2962=CARTESIAN_POINT('',(-12.,-13.,0.));
#2963=CARTESIAN_POINT('',(-12.,-23.5000001862645,0.));
#2964=CARTESIAN_POINT('',(-12.,-13.,0.));
#2965=CARTESIAN_POINT('Origin',(-77.3999982699752,-11.9999997317791,0.));
#2966=CARTESIAN_POINT('',(-61.1999990254202,-12.0000000867774,0.));
#2967=CARTESIAN_POINT('Origin',(-14.,-13.,0.));
#2968=CARTESIAN_POINT('',(2.,-13.,0.));
#2969=CARTESIAN_POINT('',(-29.5,-13.,0.));
#2970=CARTESIAN_POINT('',(2.,-13.,0.));
#2971=CARTESIAN_POINT('Origin',(2.,-11.,0.));
#2972=CARTESIAN_POINT('',(2.,2.,0.));
#2973=CARTESIAN_POINT('',(2.,-16.5,0.));
#2974=CARTESIAN_POINT('',(2.,2.,0.));
#2975=CARTESIAN_POINT('Origin',(0.,2.,0.));
#2976=CARTESIAN_POINT('',(-22.5,2.,0.));
#2977=CARTESIAN_POINT('Origin',(0.,0.,0.));
#2978=CARTESIAN_POINT('',(0.,0.,0.));
#2979=CARTESIAN_POINT('',(-22.5,0.,0.));
#2980=CARTESIAN_POINT('',(0.,0.,0.));
#2981=CARTESIAN_POINT('Origin',(0.,-11.,0.));
#2982=CARTESIAN_POINT('',(0.,-11.,0.));
#2983=CARTESIAN_POINT('',(0.,-16.5,0.));
#2984=CARTESIAN_POINT('',(0.,-11.,0.));
#2985=CARTESIAN_POINT('Origin',(-14.,-11.,0.));
#2986=CARTESIAN_POINT('',(-14.,-11.,0.));
#2987=CARTESIAN_POINT('',(-29.5,-11.,0.));
#2988=CARTESIAN_POINT('',(-14.,-11.,0.));
#2989=CARTESIAN_POINT('Origin',(-14.,-25.000000372529,0.));
#2990=CARTESIAN_POINT('',(-14.,-23.5000001862645,0.));
#2991=CARTESIAN_POINT('Origin',(-45.,-22.,0.));
#2992=CARTESIAN_POINT('Origin',(-45.,-22.,0.));
#2993=CARTESIAN_POINT('Origin',(-58.9170962313452,-43.,-5.55111512312578E-16));
#2994=CARTESIAN_POINT('',(-34.,-43.,0.));
#2995=CARTESIAN_POINT('',(-83.8341924626905,-43.,0.));
#2996=CARTESIAN_POINT('',(-51.9585481156726,-43.,0.));
#2997=CARTESIAN_POINT('',(-34.,-43.,-0.900000000000001));
#2998=CARTESIAN_POINT('',(-34.,-43.,-8.));
#2999=CARTESIAN_POINT('',(-83.8341924626905,-43.,-0.900000000000001));
#3000=CARTESIAN_POINT('',(-33.8341924626905,-43.,-0.900000000000001));
#3001=CARTESIAN_POINT('',(-83.8341924626905,-43.,-4.9));
#3002=CARTESIAN_POINT('Origin',(-83.8341924626905,-43.,0.9));
#3003=CARTESIAN_POINT('',(-83.8341924626905,-46.,0.));
#3004=CARTESIAN_POINT('',(-83.8341924626905,-32.5,0.));
#3005=CARTESIAN_POINT('',(-83.8341924626905,-44.6,-0.900000000000001));
#3006=CARTESIAN_POINT('',(-83.8341924626905,-43.,-0.900000000000001));
#3007=CARTESIAN_POINT('',(-83.8341924626905,-44.6,-4.9));
#3008=CARTESIAN_POINT('',(-83.8341924626905,-44.6,-4.9));
#3009=CARTESIAN_POINT('',(-83.8341924626905,-46.,-4.9));
#3010=CARTESIAN_POINT('',(-83.8341924626905,-44.6,-4.9));
#3011=CARTESIAN_POINT('',(-83.8341924626905,-46.,-4.9));
#3012=CARTESIAN_POINT('Origin',(-83.8341924626905,-43.,-0.900000000000001));
#3013=CARTESIAN_POINT('',(-34.,-44.6,-0.900000000000001));
#3014=CARTESIAN_POINT('',(-34.,-43.,-0.900000000000001));
#3015=CARTESIAN_POINT('',(-33.8341924626905,-44.6,-0.900000000000001));
#3016=CARTESIAN_POINT('Origin',(-83.8341924626905,-44.6,-4.9));
#3017=CARTESIAN_POINT('',(-34.,-44.6,-4.9));
#3018=CARTESIAN_POINT('',(-33.8341924626905,-44.6,-4.9));
#3019=CARTESIAN_POINT('',(-34.,-46.,-4.9));
#3020=CARTESIAN_POINT('',(-34.,-44.6,-4.9));
#3021=CARTESIAN_POINT('',(-33.8341924626905,-46.,-4.9));
#3022=CARTESIAN_POINT('Origin',(-58.9170962313452,-44.6,-5.55111512312578E-16));
#3023=CARTESIAN_POINT('',(-34.,-44.6,-8.));
#3024=CARTESIAN_POINT('Origin',(-58.9170962313452,-46.,-5.55111512312578E-16));
#3025=CARTESIAN_POINT('',(-34.,-46.,0.));
#3026=CARTESIAN_POINT('',(-51.9585481156726,-46.,0.));
#3027=CARTESIAN_POINT('',(-34.,-46.,-8.));
#3028=CARTESIAN_POINT('Origin',(-34.,-43.,-0.900000000000001));
#3029=CARTESIAN_POINT('',(-34.,-32.5,0.));
#3030=CARTESIAN_POINT('Origin',(-45.,-22.,0.));
#3031=CARTESIAN_POINT('Origin',(-45.,-22.,0.));
#3032=CARTESIAN_POINT('',(-28.2500003874302,-17.,0.));
#3033=CARTESIAN_POINT('Origin',(-26.0000003874302,-17.,0.));
#3034=CARTESIAN_POINT('',(-27.2500003874302,-17.,0.));
#3035=CARTESIAN_POINT('Origin',(-26.0000003874302,-17.,0.));
#3036=CARTESIAN_POINT('Origin',(-45.,-22.,0.));
#3037=CARTESIAN_POINT('',(-92.,-13.,0.));
#3038=CARTESIAN_POINT('',(-79.1547005383792,-13.,0.));
#3039=CARTESIAN_POINT('',(-67.5,-13.,0.));
#3040=CARTESIAN_POINT('',(-92.,-9.5,2.31296463463574E-16));
#3041=CARTESIAN_POINT('',(-92.,-11.,0.));
#3042=CARTESIAN_POINT('',(-90.,-9.5,0.));
#3043=CARTESIAN_POINT('',(-90.9,-9.5,0.));
#3044=CARTESIAN_POINT('',(-90.,-11.,0.));
#3045=CARTESIAN_POINT('',(-90.,-11.,0.));
#3046=CARTESIAN_POINT('',(-78.,-11.,0.));
#3047=CARTESIAN_POINT('',(-67.5,-11.,0.));
#3048=CARTESIAN_POINT('',(-76.1176269559495,-14.2603657510935,0.));
#3049=CARTESIAN_POINT('',(-71.4934301395928,-22.2697095812216,0.));
#3050=CARTESIAN_POINT('',(-75.6770507769905,-11.9999997695349,0.));
#3051=CARTESIAN_POINT('Origin',(-74.,-13.5,0.));
#3052=CARTESIAN_POINT('',(-77.3999982699752,-11.9999997317791,0.));
#3053=CARTESIAN_POINT('',(-61.1999990254202,-12.0000000867774,0.));
#3054=CARTESIAN_POINT('',(-71.2058436618461,-22.3235365192824,0.));
#3055=CARTESIAN_POINT('',(-78.0000011622906,-10.5000001639128,0.));
#3056=CARTESIAN_POINT('',(-78.0000011622906,-16.2500000819564,0.));
#3057=CARTESIAN_POINT('',(-57.5000008493662,-10.5000001639128,0.));
#3058=CARTESIAN_POINT('',(-51.0000004246831,-10.5000001639128,0.));
#3059=CARTESIAN_POINT('',(-57.0000008493662,-11.0000001639128,0.));
#3060=CARTESIAN_POINT('Origin',(-57.5000008493662,-11.0000001639128,0.));
#3061=CARTESIAN_POINT('',(-57.0000008493662,-11.5000001678572,0.));
#3062=CARTESIAN_POINT('',(-57.0000008493662,-17.000000089407,0.));
#3063=CARTESIAN_POINT('',(-57.5000008603229,-12.0000001678572,0.));
#3064=CARTESIAN_POINT('Origin',(-57.5000008493662,-11.5000001678572,0.));
#3065=CARTESIAN_POINT('',(-72.3229491572691,-11.9999998430349,0.));
#3066=CARTESIAN_POINT('',(-61.1999990254202,-12.0000000867774,0.));
#3067=CARTESIAN_POINT('',(-75.7173095345894,-14.9537358640442,0.));
#3068=CARTESIAN_POINT('Origin',(-74.,-13.5,0.));
#3069=CARTESIAN_POINT('',(-60.6794919243113,-41.,0.));
#3070=CARTESIAN_POINT('',(-71.4934301395928,-22.2697095812216,0.));
#3071=CARTESIAN_POINT('',(-36.,-41.,0.));
#3072=CARTESIAN_POINT('',(-52.8397459621556,-41.,0.));
#3073=CARTESIAN_POINT('',(-36.,-25.000000372529,0.));
#3074=CARTESIAN_POINT('',(-36.,-31.5,0.));
#3075=CARTESIAN_POINT('',(-14.,-25.000000372529,0.));
#3076=CARTESIAN_POINT('',(-40.5,-25.000000372529,0.));
#3077=CARTESIAN_POINT('',(-14.,-11.,0.));
#3078=CARTESIAN_POINT('',(-14.,-23.5000001862645,0.));
#3079=CARTESIAN_POINT('',(0.,-11.,0.));
#3080=CARTESIAN_POINT('',(-29.5,-11.,0.));
#3081=CARTESIAN_POINT('',(0.,0.,0.));
#3082=CARTESIAN_POINT('',(0.,-16.5,0.));
#3083=CARTESIAN_POINT('',(-90.,0.,0.));
#3084=CARTESIAN_POINT('',(-22.5,0.,0.));
#3085=CARTESIAN_POINT('',(-90.,-1.5,-2.58562256195367E-16));
#3086=CARTESIAN_POINT('',(-90.,-11.,0.));
#3087=CARTESIAN_POINT('',(-92.,-1.5,0.));
#3088=CARTESIAN_POINT('',(-90.9,-1.5,0.));
#3089=CARTESIAN_POINT('',(-92.,2.,0.));
#3090=CARTESIAN_POINT('',(-92.,-11.,0.));
#3091=CARTESIAN_POINT('',(2.,2.,0.));
#3092=CARTESIAN_POINT('',(-22.5,2.,0.));
#3093=CARTESIAN_POINT('',(2.,-13.,0.));
#3094=CARTESIAN_POINT('',(2.,-16.5,0.));
#3095=CARTESIAN_POINT('',(-12.,-13.,0.));
#3096=CARTESIAN_POINT('',(-29.5,-13.,0.));
#3097=CARTESIAN_POINT('',(-12.,-27.000000372529,0.));
#3098=CARTESIAN_POINT('',(-12.,-23.5000001862645,0.));
#3099=CARTESIAN_POINT('',(-34.,-27.000000372529,0.));
#3100=CARTESIAN_POINT('',(-40.5,-27.000000372529,0.));
#3101=CARTESIAN_POINT('',(-34.,-43.,0.));
#3102=CARTESIAN_POINT('',(-34.,-31.5,0.));
#3103=CARTESIAN_POINT('',(-61.8341924626905,-43.,0.));
#3104=CARTESIAN_POINT('',(-52.8397459621556,-43.,0.));
#3105=CARTESIAN_POINT('',(-73.2254809471617,-23.2697095812216,0.));
#3106=CARTESIAN_POINT('',(-75.25,-13.5,0.));
#3107=CARTESIAN_POINT('Origin',(-74.,-13.5,0.));
#3108=CARTESIAN_POINT('Origin',(-36.,-25.000000372529,0.));
#3109=CARTESIAN_POINT('',(-36.,-25.000000372529,6.));
#3110=CARTESIAN_POINT('',(-36.,-25.000000372529,0.));
#3111=CARTESIAN_POINT('',(-14.,-25.000000372529,6.));
#3112=CARTESIAN_POINT('',(-40.5,-25.000000372529,6.));
#3113=CARTESIAN_POINT('',(-14.,-25.000000372529,0.));
#3114=CARTESIAN_POINT('Origin',(-36.,-41.,0.));
#3115=CARTESIAN_POINT('',(-36.,-41.,6.));
#3116=CARTESIAN_POINT('',(-36.,-41.,0.));
#3117=CARTESIAN_POINT('',(-36.,-30.75,6.));
#3118=CARTESIAN_POINT('Origin',(-60.6794919243113,-41.,0.));
#3119=CARTESIAN_POINT('',(-60.6794919243113,-41.,6.));
#3120=CARTESIAN_POINT('',(-60.6794919243113,-41.,0.));
#3121=CARTESIAN_POINT('',(-52.8397459621556,-41.,6.));
#3122=CARTESIAN_POINT('Origin',(-78.,-11.,0.));
#3123=CARTESIAN_POINT('',(-75.7173095345894,-14.9537358640442,6.));
#3124=CARTESIAN_POINT('',(-75.7173095345894,-14.9537358640442,0.));
#3125=CARTESIAN_POINT('',(-71.818189666012,-21.7072095812216,6.));
#3126=CARTESIAN_POINT('Origin',(-74.,-13.5,0.));
#3127=CARTESIAN_POINT('',(-72.3229491572691,-11.9999998430349,6.));
#3128=CARTESIAN_POINT('',(-72.3229491572691,-11.9999998430349,0.));
#3129=CARTESIAN_POINT('Origin',(-74.,-13.5,6.));
#3130=CARTESIAN_POINT('Origin',(-77.3999982699752,-11.9999997317791,0.));
#3131=CARTESIAN_POINT('',(-57.5000008603229,-12.0000001678572,6.));
#3132=CARTESIAN_POINT('',(-57.5000008603229,-12.0000001678572,0.));
#3133=CARTESIAN_POINT('',(-61.1999990418553,-12.0000000867774,6.));
#3134=CARTESIAN_POINT('Origin',(-57.5000008493662,-11.5000001678572,0.));
#3135=CARTESIAN_POINT('',(-57.0000008493662,-11.5000001678572,6.));
#3136=CARTESIAN_POINT('',(-57.0000008493662,-11.5000001678572,0.));
#3137=CARTESIAN_POINT('Origin',(-57.5000008493662,-11.5000001678572,6.));
#3138=CARTESIAN_POINT('Origin',(-57.0000008493662,-12.0000001788139,0.));
#3139=CARTESIAN_POINT('',(-57.0000008493662,-11.0000001639128,6.));
#3140=CARTESIAN_POINT('',(-57.0000008493662,-11.0000001639128,0.));
#3141=CARTESIAN_POINT('',(-57.0000008493662,-16.250000089407,6.));
#3142=CARTESIAN_POINT('Origin',(-57.5000008493662,-11.0000001639128,0.));
#3143=CARTESIAN_POINT('',(-57.5000008493662,-10.5000001639128,6.));
#3144=CARTESIAN_POINT('',(-57.5000008493662,-10.5000001639128,0.));
#3145=CARTESIAN_POINT('Origin',(-57.5000008493662,-11.0000001639128,6.));
#3146=CARTESIAN_POINT('Origin',(-57.0000008493662,-10.5000001639128,0.));
#3147=CARTESIAN_POINT('',(-78.0000011622906,-10.5000001639128,6.));
#3148=CARTESIAN_POINT('',(-78.0000011622906,-10.5000001639128,0.));
#3149=CARTESIAN_POINT('',(-51.0000004246831,-10.5000001639128,6.));
#3150=CARTESIAN_POINT('Origin',(-74.,-13.5,0.));
#3151=CARTESIAN_POINT('',(-76.1176269559495,-14.2603657510935,6.));
#3152=CARTESIAN_POINT('',(-76.1176269559495,-14.2603657510935,0.));
#3153=CARTESIAN_POINT('',(-75.6770507769905,-11.9999997695349,6.));
#3154=CARTESIAN_POINT('Origin',(-74.,-13.5,6.));
#3155=CARTESIAN_POINT('',(-75.6770507769905,-11.9999997695349,0.));
#3156=CARTESIAN_POINT('Origin',(-78.,-11.,0.));
#3157=CARTESIAN_POINT('',(-78.,-11.,6.));
#3158=CARTESIAN_POINT('',(-78.,-11.,0.));
#3159=CARTESIAN_POINT('',(-71.818189666012,-21.7072095812216,6.));
#3160=CARTESIAN_POINT('Origin',(-78.0000011622906,-10.5000001639128,0.));
#3161=CARTESIAN_POINT('',(-78.,-11.,0.));
#3162=CARTESIAN_POINT('',(-78.0000011622906,-15.5000000819564,6.));
#3163=CARTESIAN_POINT('Origin',(-90.,-11.,0.));
#3164=CARTESIAN_POINT('',(-90.,-11.,6.));
#3165=CARTESIAN_POINT('',(-90.,-11.,0.));
#3166=CARTESIAN_POINT('',(-67.5,-11.,6.));
#3167=CARTESIAN_POINT('Origin',(-59.35,-12.75,18.));
#3168=CARTESIAN_POINT('',(-59.35,-12.75,19.25));
#3169=CARTESIAN_POINT('Origin',(-59.35,-12.75,18.));
#3170=CARTESIAN_POINT('',(-61.35,-12.75,19.25));
#3171=CARTESIAN_POINT('',(-59.35,-12.75,19.25));
#3172=CARTESIAN_POINT('Origin',(-61.3500000298023,-12.75,18.));
#3173=CARTESIAN_POINT('Origin',(-59.35,-31.25,18.));
#3174=CARTESIAN_POINT('',(-59.35,-31.25,19.25));
#3175=CARTESIAN_POINT('Origin',(-59.35,-31.25,18.));
#3176=CARTESIAN_POINT('',(-61.35,-31.25,19.25));
#3177=CARTESIAN_POINT('',(-59.35,-31.25,19.25));
#3178=CARTESIAN_POINT('Origin',(-61.3500000298023,-31.25,18.));
#3179=CARTESIAN_POINT('Origin',(-61.3500000298023,-35.,8.));
#3180=CARTESIAN_POINT('',(-59.35,-35.,8.));
#3181=CARTESIAN_POINT('',(-61.3500000298023,-35.,8.));
#3182=CARTESIAN_POINT('',(-64.4250005178153,-35.,8.));
#3183=CARTESIAN_POINT('',(-59.35,-35.,28.));
#3184=CARTESIAN_POINT('',(-59.35,-35.,8.));
#3185=CARTESIAN_POINT('',(-61.3500000298023,-35.,28.));
#3186=CARTESIAN_POINT('',(-61.3500000298023,-35.,28.));
#3187=CARTESIAN_POINT('',(-61.3500000298023,-35.,8.));
#3188=CARTESIAN_POINT('Origin',(-61.3500000298023,-9.,8.));
#3189=CARTESIAN_POINT('',(-61.3500000298023,-9.,8.));
#3190=CARTESIAN_POINT('',(-61.3500000298023,-10.1250000856817,8.));
#3191=CARTESIAN_POINT('',(-61.3500000298023,-9.,28.));
#3192=CARTESIAN_POINT('',(-61.3500000298023,-9.,28.));
#3193=CARTESIAN_POINT('',(-61.3500000298023,-9.,8.));
#3194=CARTESIAN_POINT('Origin',(-59.35,-9.,8.));
#3195=CARTESIAN_POINT('',(-59.35,-9.,8.));
#3196=CARTESIAN_POINT('',(-63.4250005029142,-9.,8.));
#3197=CARTESIAN_POINT('',(-59.35,-9.,28.));
#3198=CARTESIAN_POINT('',(-59.35,-9.,28.));
#3199=CARTESIAN_POINT('',(-59.35,-9.,8.));
#3200=CARTESIAN_POINT('Origin',(-59.35,-35.,8.));
#3201=CARTESIAN_POINT('',(-59.35,-23.1250000856817,8.));
#3202=CARTESIAN_POINT('',(-59.35,-35.,28.));
#3203=CARTESIAN_POINT('Origin',(-60.3500000149012,-22.,28.));
#3204=CARTESIAN_POINT('Origin',(-58.75,-15.,8.));
#3205=CARTESIAN_POINT('',(-58.75,-15.,8.));
#3206=CARTESIAN_POINT('',(-47.25,-15.,8.));
#3207=CARTESIAN_POINT('',(-63.1250005029142,-15.,8.));
#3208=CARTESIAN_POINT('',(-58.75,-15.,6.));
#3209=CARTESIAN_POINT('',(-58.75,-15.,8.));
#3210=CARTESIAN_POINT('',(-47.25,-15.,6.));
#3211=CARTESIAN_POINT('',(-51.875,-15.,6.));
#3212=CARTESIAN_POINT('',(-47.25,-15.,8.));
#3213=CARTESIAN_POINT('Origin',(-58.75,-29.,8.));
#3214=CARTESIAN_POINT('',(-58.75,-29.,8.));
#3215=CARTESIAN_POINT('',(-58.75,-20.1250000856817,8.));
#3216=CARTESIAN_POINT('',(-58.75,-29.,6.));
#3217=CARTESIAN_POINT('',(-58.75,-29.,8.));
#3218=CARTESIAN_POINT('',(-58.75,-24.75,6.));
#3219=CARTESIAN_POINT('Origin',(-47.25,-29.,8.));
#3220=CARTESIAN_POINT('',(-47.25,-29.,8.));
#3221=CARTESIAN_POINT('',(-57.3750005029142,-29.,8.));
#3222=CARTESIAN_POINT('',(-47.25,-29.,6.));
#3223=CARTESIAN_POINT('',(-47.25,-29.,8.));
#3224=CARTESIAN_POINT('',(-46.125,-29.,6.));
#3225=CARTESIAN_POINT('Origin',(-47.25,-15.,8.));
#3226=CARTESIAN_POINT('',(-47.25,-13.1250000856817,8.));
#3227=CARTESIAN_POINT('',(-47.25,-17.75,6.));
#3228=CARTESIAN_POINT('Origin',(-90.9,-5.5,2.31296463463574E-16));
#3229=CARTESIAN_POINT('Origin',(-90.,-5.5,2.31296463463574E-16));
#3230=CARTESIAN_POINT('Origin',(-92.,-5.5,2.31296463463574E-16));
#3231=CARTESIAN_POINT('Origin',(-14.,-11.,0.));
#3232=CARTESIAN_POINT('',(-14.,-11.,6.));
#3233=CARTESIAN_POINT('',(-14.,-11.,0.));
#3234=CARTESIAN_POINT('',(0.,-11.,6.));
#3235=CARTESIAN_POINT('',(-29.5,-11.,6.));
#3236=CARTESIAN_POINT('',(0.,-11.,0.));
#3237=CARTESIAN_POINT('Origin',(-14.,-25.000000372529,0.));
#3238=CARTESIAN_POINT('',(-14.,-22.7500001862645,6.));
#3239=CARTESIAN_POINT('Origin',(-45.,-20.5,6.));
#3240=CARTESIAN_POINT('',(-90.,0.,6.));
#3241=CARTESIAN_POINT('',(-90.,-10.25,6.));
#3242=CARTESIAN_POINT('',(0.,0.,6.));
#3243=CARTESIAN_POINT('',(-22.5,0.,6.));
#3244=CARTESIAN_POINT('',(0.,-15.75,6.));
#3245=CARTESIAN_POINT('',(-28.2500003874302,-17.,6.));
#3246=CARTESIAN_POINT('Origin',(-26.0000003874302,-17.,6.));
#3247=CARTESIAN_POINT('Origin',(-45.,-20.5,6.));
#3248=CARTESIAN_POINT('',(-77.3999982699752,-11.9999997317791,6.));
#3249=CARTESIAN_POINT('',(-71.5367268326711,-21.7720674645878,6.));
#3250=CARTESIAN_POINT('',(-61.1999990418553,-12.0000000867774,6.));
#3251=CARTESIAN_POINT('Origin',(-26.0000003874302,-17.,0.));
#3252=CARTESIAN_POINT('',(-27.2500003874302,-17.,8.));
#3253=CARTESIAN_POINT('',(-27.2500003874302,-17.,0.));
#3254=CARTESIAN_POINT('Origin',(-26.0000003874302,-17.,8.));
#3255=CARTESIAN_POINT('Origin',(-26.0000003874302,-17.,0.));
#3256=CARTESIAN_POINT('',(-28.2500003874302,-17.,0.));
#3257=CARTESIAN_POINT('Origin',(0.,-11.,0.));
#3258=CARTESIAN_POINT('',(0.,0.,0.));
#3259=CARTESIAN_POINT('Origin',(0.,0.,0.));
#3260=CARTESIAN_POINT('',(-90.,0.,0.));
#3261=CARTESIAN_POINT('Origin',(-90.,0.,0.));
#3262=CARTESIAN_POINT('Origin',(-78.0000011622906,-11.0000001639128,0.));
#3263=CARTESIAN_POINT('',(-77.3999982699752,-11.9999997317791,0.));
#3264=CARTESIAN_POINT('Origin',(-67.5000010058284,-11.2500001713634,8.));
#3265=CARTESIAN_POINT('',(-79.1547005383792,-13.,8.));
#3266=CARTESIAN_POINT('',(-61.8341924626905,-43.,8.));
#3267=CARTESIAN_POINT('',(-73.5502404735808,-22.7072095812216,8.));
#3268=CARTESIAN_POINT('',(-34.,-43.,8.));
#3269=CARTESIAN_POINT('',(-52.8397459621556,-43.,8.));
#3270=CARTESIAN_POINT('',(-34.,-27.000000372529,8.));
#3271=CARTESIAN_POINT('',(-34.,-30.75,8.));
#3272=CARTESIAN_POINT('',(-12.,-27.000000372529,8.));
#3273=CARTESIAN_POINT('',(-40.5,-27.000000372529,8.));
#3274=CARTESIAN_POINT('',(-12.,-13.,8.));
#3275=CARTESIAN_POINT('',(-12.,-22.7500001862645,8.));
#3276=CARTESIAN_POINT('',(2.,-13.,8.));
#3277=CARTESIAN_POINT('',(-29.5,-13.,8.));
#3278=CARTESIAN_POINT('',(2.,2.,8.));
#3279=CARTESIAN_POINT('',(2.,-15.75,8.));
#3280=CARTESIAN_POINT('',(-92.,2.,8.));
#3281=CARTESIAN_POINT('',(-22.5,2.,8.));
#3282=CARTESIAN_POINT('',(-92.,-13.,8.));
#3283=CARTESIAN_POINT('',(-92.,-10.25,8.));
#3284=CARTESIAN_POINT('',(-67.5,-13.,8.));
#3285=CARTESIAN_POINT('',(-75.25,-13.5,8.));
#3286=CARTESIAN_POINT('Origin',(-74.,-13.5,8.));
#3287=CARTESIAN_POINT('Origin',(-74.,-13.5,0.));
#3288=CARTESIAN_POINT('',(-75.25,-13.5,0.));
#3289=CARTESIAN_POINT('Origin',(-77.3999982699752,-11.9999997317791,0.));
#3290=CARTESIAN_POINT('Origin',(-90.,-13.,0.));
#3291=CARTESIAN_POINT('',(-79.1547005383792,-13.,0.));
#3292=CARTESIAN_POINT('',(-92.,-13.,0.));
#3293=CARTESIAN_POINT('Origin',(-92.,0.,0.));
#3294=CARTESIAN_POINT('',(-92.,2.,0.));
#3295=CARTESIAN_POINT('Origin',(0.,2.,0.));
#3296=CARTESIAN_POINT('',(2.,2.,0.));
#3297=CARTESIAN_POINT('Origin',(2.,-11.,0.));
#3298=CARTESIAN_POINT('',(2.,-13.,0.));
#3299=CARTESIAN_POINT('Origin',(-14.,-13.,0.));
#3300=CARTESIAN_POINT('',(-12.,-13.,0.));
#3301=CARTESIAN_POINT('Origin',(-12.,-25.000000372529,0.));
#3302=CARTESIAN_POINT('',(-12.,-27.000000372529,0.));
#3303=CARTESIAN_POINT('Origin',(-36.,-27.000000372529,0.));
#3304=CARTESIAN_POINT('',(-34.,-27.000000372529,0.));
#3305=CARTESIAN_POINT('Origin',(-34.,-41.,0.));
#3306=CARTESIAN_POINT('',(-34.,-43.,0.));
#3307=CARTESIAN_POINT('Origin',(-60.6794919243113,-43.,0.));
#3308=CARTESIAN_POINT('',(-61.8341924626905,-43.,0.));
#3309=CARTESIAN_POINT('Origin',(-79.7320508075689,-12.,0.));
#3310=CARTESIAN_POINT('Origin',(-45.,-22.,0.));
#3311=CARTESIAN_POINT('',(-83.8341924626905,-46.,0.));
#3312=CARTESIAN_POINT('',(-34.,-46.,0.));
#3313=CARTESIAN_POINT('',(-51.9585481156726,-46.,0.));
#3314=CARTESIAN_POINT('',(-83.8341924626905,-43.,0.));
#3315=CARTESIAN_POINT('',(-83.8341924626905,-32.5,0.));
#3316=CARTESIAN_POINT('',(-34.,-43.,0.));
#3317=CARTESIAN_POINT('',(-51.9585481156726,-43.,0.));
#3318=CARTESIAN_POINT('',(-34.,-32.5,0.));
#3319=CARTESIAN_POINT('Origin',(-58.9170962313452,-43.,-5.55111512312578E-16));
#3320=CARTESIAN_POINT('',(-83.8341924626905,-43.,0.9));
#3321=CARTESIAN_POINT('',(-83.8341924626905,-43.,-4.9));
#3322=CARTESIAN_POINT('',(-34.,-43.,0.9));
#3323=CARTESIAN_POINT('',(-83.8341924626905,-43.,0.9));
#3324=CARTESIAN_POINT('',(-34.,-43.,-8.));
#3325=CARTESIAN_POINT('Origin',(-83.8341924626905,-43.,0.9));
#3326=CARTESIAN_POINT('',(-83.8341924626905,-46.,4.9));
#3327=CARTESIAN_POINT('',(-83.8341924626905,-46.,-4.9));
#3328=CARTESIAN_POINT('',(-83.8341924626905,-44.6,4.9));
#3329=CARTESIAN_POINT('',(-83.8341924626905,-44.6,4.9));
#3330=CARTESIAN_POINT('',(-83.8341924626905,-44.6,0.9));
#3331=CARTESIAN_POINT('',(-83.8341924626905,-44.6,-4.9));
#3332=CARTESIAN_POINT('',(-83.8341924626905,-43.,0.9));
#3333=CARTESIAN_POINT('Origin',(-58.9170962313452,-44.6,-5.55111512312578E-16));
#3334=CARTESIAN_POINT('',(-34.,-44.6,0.9));
#3335=CARTESIAN_POINT('',(-83.8341924626905,-44.6,0.9));
#3336=CARTESIAN_POINT('',(-34.,-44.6,4.9));
#3337=CARTESIAN_POINT('',(-83.8341924626905,-44.6,4.9));
#3338=CARTESIAN_POINT('',(-34.,-44.6,-8.));
#3339=CARTESIAN_POINT('Origin',(-34.,-44.6,4.9));
#3340=CARTESIAN_POINT('',(-34.,-46.,4.9));
#3341=CARTESIAN_POINT('',(-83.8341924626905,-46.,4.9));
#3342=CARTESIAN_POINT('',(-34.,-44.6,4.9));
#3343=CARTESIAN_POINT('Origin',(-58.9170962313452,-46.,-5.55111512312578E-16));
#3344=CARTESIAN_POINT('',(-34.,-46.,-8.));
#3345=CARTESIAN_POINT('Origin',(-34.,-43.,0.9));
#3346=CARTESIAN_POINT('',(-34.,-43.,0.9));
#3347=CARTESIAN_POINT('Origin',(-34.,-43.,-0.900000000000001));
#3348=UNCERTAINTY_MEASURE_WITH_UNIT(LENGTH_MEASURE(0.01),#3352,
'DISTANCE_ACCURACY_VALUE',
'Maximum model space distance between geometric entities at asserted c
onnectivities');
#3349=UNCERTAINTY_MEASURE_WITH_UNIT(LENGTH_MEASURE(0.01),#3352,
'DISTANCE_ACCURACY_VALUE',
'Maximum model space distance between geometric entities at asserted c
onnectivities');
#3350=(
GEOMETRIC_REPRESENTATION_CONTEXT(3)
GLOBAL_UNCERTAINTY_ASSIGNED_CONTEXT((#3348))
GLOBAL_UNIT_ASSIGNED_CONTEXT((#3352,#3354,#3355))
REPRESENTATION_CONTEXT('','3D')
);
#3351=(
GEOMETRIC_REPRESENTATION_CONTEXT(3)
GLOBAL_UNCERTAINTY_ASSIGNED_CONTEXT((#3349))
GLOBAL_UNIT_ASSIGNED_CONTEXT((#3352,#3354,#3355))
REPRESENTATION_CONTEXT('','3D')
);
#3352=(
LENGTH_UNIT()
NAMED_UNIT(*)
SI_UNIT(.MILLI.,.METRE.)
);
#3353=(
LENGTH_UNIT()
NAMED_UNIT(*)
SI_UNIT($,.METRE.)
);
#3354=(
NAMED_UNIT(*)
PLANE_ANGLE_UNIT()
SI_UNIT($,.RADIAN.)
);
#3355=(
NAMED_UNIT(*)
SI_UNIT($,.STERADIAN.)
SOLID_ANGLE_UNIT()
);
#3356=SHAPE_DEFINITION_REPRESENTATION(#3357,#3358);
#3357=PRODUCT_DEFINITION_SHAPE('',$,#3360);
#3358=SHAPE_REPRESENTATION('',(#2080),#3350);
#3359=PRODUCT_DEFINITION_CONTEXT('part definition',#3364,'design');
#3360=PRODUCT_DEFINITION('2026-09-19-00-45-12-406',
'Shooting_Enclosure_1',#3361,#3359);
#3361=PRODUCT_DEFINITION_FORMATION('',$,#3366);
#3362=PRODUCT_RELATED_PRODUCT_CATEGORY('Shooting_Enclosure_1',
'Shooting_Enclosure_1',(#3366));
#3363=APPLICATION_PROTOCOL_DEFINITION('international standard',
'automotive_design',2009,#3364);
#3364=APPLICATION_CONTEXT(
'Core Data for Automotive Mechanical Design Process');
#3365=PRODUCT_CONTEXT('part definition',#3364,'mechanical');
#3366=PRODUCT('2026-09-19-00-45-12-406','Shooting_Enclosure_1',$,(#3365));
#3367=PRESENTATION_STYLE_ASSIGNMENT((#3368));
#3368=SURFACE_STYLE_USAGE(.BOTH.,#3369);
#3369=SURFACE_SIDE_STYLE('',(#3370));
#3370=SURFACE_STYLE_FILL_AREA(#3371);
#3371=FILL_AREA_STYLE('Steel - Satin',(#3372));
#3372=FILL_AREA_STYLE_COLOUR('Steel - Satin',#3373);
#3373=COLOUR_RGB('Steel - Satin',0.627450980392157,0.627450980392157,0.627450980392157);
ENDSEC;
END-ISO-10303-21;
